-- MySQL dump 10.13  Distrib 5.1.61, for debian-linux-gnu (i686)
--
-- Host: localhost    Database: next
-- ------------------------------------------------------
-- Server version	5.1.61-0ubuntu0.11.04.1

/*!40101 SET @OLD_CHARACTER_SET_CLIENT=@@CHARACTER_SET_CLIENT */;
/*!40101 SET @OLD_CHARACTER_SET_RESULTS=@@CHARACTER_SET_RESULTS */;
/*!40101 SET @OLD_COLLATION_CONNECTION=@@COLLATION_CONNECTION */;
/*!40101 SET NAMES utf8 */;
/*!40103 SET @OLD_TIME_ZONE=@@TIME_ZONE */;
/*!40103 SET TIME_ZONE='+00:00' */;
/*!40014 SET @OLD_UNIQUE_CHECKS=@@UNIQUE_CHECKS, UNIQUE_CHECKS=0 */;
/*!40014 SET @OLD_FOREIGN_KEY_CHECKS=@@FOREIGN_KEY_CHECKS, FOREIGN_KEY_CHECKS=0 */;
/*!40101 SET @OLD_SQL_MODE=@@SQL_MODE, SQL_MODE='NO_AUTO_VALUE_ON_ZERO' */;
/*!40111 SET @OLD_SQL_NOTES=@@SQL_NOTES, SQL_NOTES=0 */;

--
-- Dumping data for table `Aliases`
--

LOCK TABLES `Aliases` WRITE;
/*!40000 ALTER TABLE `Aliases` DISABLE KEYS */;
INSERT INTO `Aliases` (`Id`, `Name`, `IdPublication`) VALUES (4,'localhost',2);
/*!40000 ALTER TABLE `Aliases` ENABLE KEYS */;
UNLOCK TABLES;

--
-- Dumping data for table `ArticleAttachments`
--

LOCK TABLES `ArticleAttachments` WRITE;
/*!40000 ALTER TABLE `ArticleAttachments` DISABLE KEYS */;
INSERT INTO `ArticleAttachments` (`fk_article_number`, `fk_attachment_id`) VALUES (64,7),(64,9),(64,10),(65,7),(65,8),(67,8),(67,9),(69,8),(69,9),(71,9),(71,10),(72,7),(72,9),(75,7),(75,8),(75,9),(75,10),(77,10),(78,7),(78,8),(78,9),(78,10),(79,7),(79,8),(81,7),(81,10),(82,8),(82,10),(84,8),(84,10),(88,8),(89,7),(89,9),(89,10);
/*!40000 ALTER TABLE `ArticleAttachments` ENABLE KEYS */;
UNLOCK TABLES;

--
-- Dumping data for table `ArticleAuthors`
--

LOCK TABLES `ArticleAuthors` WRITE;
/*!40000 ALTER TABLE `ArticleAuthors` DISABLE KEYS */;
INSERT INTO `ArticleAuthors` (`fk_article_number`, `fk_language_id`, `fk_author_id`, `fk_type_id`, `order`) VALUES (65,1,0,1,NULL),(65,1,7,2,NULL),(65,1,7,3,NULL),(66,1,0,1,NULL),(66,1,9,1,NULL),(67,1,0,1,NULL),(67,1,2,1,NULL),(67,1,3,1,NULL),(68,1,0,1,NULL),(68,1,3,1,NULL),(68,1,13,1,NULL),(69,1,0,1,NULL),(69,1,13,1,NULL),(70,1,0,1,NULL),(70,1,9,1,NULL),(70,1,13,1,NULL),(71,1,0,1,NULL),(71,1,2,1,NULL),(71,1,13,1,NULL),(72,1,0,1,NULL),(72,1,9,1,NULL),(73,1,0,1,NULL),(73,1,2,1,NULL),(73,1,13,1,NULL),(75,1,0,1,NULL),(75,1,7,1,NULL),(75,1,13,1,NULL),(76,1,0,1,NULL),(76,1,9,1,NULL),(77,1,18,3,2),(77,1,3,1,1),(78,1,0,1,NULL),(78,1,9,1,NULL),(78,1,11,1,NULL),(79,1,0,1,NULL),(79,1,2,1,NULL),(80,1,0,1,NULL),(80,1,11,1,NULL),(80,1,13,1,NULL),(81,1,2,1,1),(82,1,18,3,3),(82,1,3,1,2),(82,1,2,1,1),(83,1,0,1,NULL),(83,1,7,1,NULL),(83,1,9,1,NULL),(83,1,13,1,NULL),(84,1,0,1,NULL),(84,1,2,1,NULL),(84,1,11,1,NULL),(85,1,0,1,NULL),(85,1,13,1,NULL),(86,1,0,1,NULL),(86,1,3,1,NULL),(87,1,18,3,2),(87,1,9,1,1),(88,1,0,1,NULL),(88,1,7,1,NULL),(88,1,9,1,NULL),(89,1,0,1,NULL),(89,1,13,1,NULL),(90,1,0,1,NULL),(91,1,0,1,NULL),(92,1,0,1,NULL),(93,1,0,1,NULL),(94,1,0,1,NULL),(95,1,0,1,NULL),(96,1,0,1,NULL),(97,1,0,1,NULL),(98,1,0,1,NULL),(74,1,13,1,2),(101,1,18,3,2),(101,1,13,1,1),(64,1,13,1,1),(64,1,9,1,2);
/*!40000 ALTER TABLE `ArticleAuthors` ENABLE KEYS */;
UNLOCK TABLES;

--
-- Dumping data for table `ArticleImages`
--

LOCK TABLES `ArticleImages` WRITE;
/*!40000 ALTER TABLE `ArticleImages` DISABLE KEYS */;
INSERT INTO `ArticleImages` (`NrArticle`, `IdImage`, `Number`, `is_default`) VALUES (79,63,2,1),(71,65,2,1),(72,16,2,1),(80,30,2,1),(75,21,1,1),(82,68,3,1),(74,20,2,1),(78,26,2,1),(76,23,2,1),(77,25,2,1),(70,12,2,1),(69,78,1,1),(73,18,2,1),(67,75,1,1),(68,79,1,1),(65,77,1,1),(66,67,2,1),(81,76,1,1),(83,33,2,1),(83,97,3,NULL),(84,35,2,1),(85,36,2,1),(86,38,2,1),(64,92,1,1),(87,40,2,1),(88,42,2,1),(89,44,2,1),(98,48,1,1),(97,49,1,1),(96,50,1,1),(95,51,1,1),(101,91,1,1);
/*!40000 ALTER TABLE `ArticleImages` ENABLE KEYS */;
UNLOCK TABLES;

--
-- Dumping data for table `ArticleIndex`
--

LOCK TABLES `ArticleIndex` WRITE;
/*!40000 ALTER TABLE `ArticleIndex` DISABLE KEYS */;
INSERT INTO `ArticleIndex` (`IdPublication`, `IdLanguage`, `IdKeyword`, `NrIssue`, `NrSection`, `NrArticle`) VALUES (2,1,1,12,10,64),(2,1,2,12,10,64),(2,1,3,12,10,64),(2,1,4,12,10,64),(2,1,4,12,30,71),(2,1,4,12,40,73),(2,1,4,12,50,78),(2,1,4,13,10,101),(2,1,4,13,50,77),(2,1,5,12,10,64),(2,1,5,12,10,65),(2,1,5,12,10,66),(2,1,5,12,30,71),(2,1,5,12,40,74),(2,1,5,12,50,78),(2,1,5,12,60,80),(2,1,5,13,30,87),(2,1,6,12,10,64),(2,1,7,1,15,90),(2,1,7,12,10,64),(2,1,7,12,20,67),(2,1,7,12,30,71),(2,1,7,12,40,74),(2,1,7,12,50,77),(2,1,7,12,60,80),(2,1,7,12,60,81),(2,1,8,1,15,90),(2,1,8,12,10,64),(2,1,8,12,20,67),(2,1,8,12,30,71),(2,1,8,12,40,74),(2,1,8,12,50,77),(2,1,8,12,60,80),(2,1,8,12,60,81),(2,1,9,12,10,64),(2,1,9,12,30,71),(2,1,9,12,40,74),(2,1,9,13,10,101),(2,1,10,12,10,64),(2,1,10,12,30,71),(2,1,10,13,30,87),(2,1,11,12,10,64),(2,1,11,12,30,71),(2,1,11,12,40,73),(2,1,11,12,40,74),(2,1,11,12,50,77),(2,1,11,12,60,80),(2,1,11,12,60,81),(2,1,11,13,10,101),(2,1,11,13,30,87),(2,1,12,12,10,64),(2,1,12,12,20,67),(2,1,12,12,40,73),(2,1,12,12,40,74),(2,1,12,13,10,101),(2,1,13,12,10,64),(2,1,13,12,30,71),(2,1,14,1,5,95),(2,1,14,1,5,96),(2,1,14,1,5,97),(2,1,14,1,5,98),(2,1,14,12,10,64),(2,1,14,12,10,65),(2,1,14,12,10,66),(2,1,14,12,20,67),(2,1,14,12,20,68),(2,1,14,12,20,69),(2,1,14,12,30,70),(2,1,14,12,30,71),(2,1,14,12,30,72),(2,1,14,12,40,73),(2,1,14,12,40,74),(2,1,14,12,40,75),(2,1,14,12,50,76),(2,1,14,12,50,77),(2,1,14,12,50,78),(2,1,14,12,60,79),(2,1,14,12,60,80),(2,1,14,12,60,81),(2,1,14,13,10,82),(2,1,14,13,10,83),(2,1,14,13,10,101),(2,1,14,13,20,84),(2,1,14,13,20,85),(2,1,14,13,30,86),(2,1,14,13,30,87),(2,1,14,13,40,88),(2,1,14,13,40,89),(2,1,15,1,5,95),(2,1,15,1,5,97),(2,1,15,1,5,98),(2,1,15,12,10,64),(2,1,15,12,20,67),(2,1,15,12,30,70),(2,1,15,12,30,71),(2,1,15,12,40,73),(2,1,15,12,40,74),(2,1,15,12,50,77),(2,1,15,12,50,78),(2,1,15,12,60,79),(2,1,15,12,60,80),(2,1,15,12,60,81),(2,1,15,13,10,82),(2,1,15,13,10,101),(2,1,15,13,30,87),(2,1,16,12,10,64),(2,1,16,12,20,69),(2,1,16,12,30,71),(2,1,16,13,20,85),(2,1,16,13,30,87),(2,1,17,12,10,64),(2,1,17,12,40,74),(2,1,17,12,50,77),(2,1,17,12,60,80),(2,1,17,12,60,81),(2,1,18,1,5,95),(2,1,18,1,5,97),(2,1,18,1,5,98),(2,1,18,12,10,64),(2,1,18,12,10,65),(2,1,18,12,20,67),(2,1,18,12,30,71),(2,1,18,12,30,72),(2,1,18,12,40,74),(2,1,18,12,50,77),(2,1,18,12,50,78),(2,1,18,12,60,80),(2,1,18,12,60,81),(2,1,18,13,10,82),(2,1,18,13,10,83),(2,1,18,13,10,101),(2,1,19,12,10,64),(2,1,19,12,40,74),(2,1,19,13,40,89),(2,1,20,12,10,64),(2,1,20,12,10,66),(2,1,20,12,30,71),(2,1,20,13,10,101),(2,1,21,12,10,64),(2,1,21,12,10,65),(2,1,21,12,10,66),(2,1,21,12,20,67),(2,1,21,12,20,68),(2,1,21,12,20,69),(2,1,21,12,30,70),(2,1,21,12,30,71),(2,1,21,12,30,72),(2,1,21,12,40,73),(2,1,21,12,40,74),(2,1,21,12,40,75),(2,1,21,12,50,76),(2,1,21,12,50,77),(2,1,21,12,50,78),(2,1,21,12,60,79),(2,1,21,12,60,80),(2,1,21,12,60,81),(2,1,21,13,10,82),(2,1,21,13,10,83),(2,1,21,13,10,101),(2,1,21,13,20,84),(2,1,21,13,20,85),(2,1,21,13,30,86),(2,1,21,13,30,87),(2,1,21,13,40,88),(2,1,21,13,40,89),(2,1,22,12,10,64),(2,1,23,12,10,64),(2,1,23,12,40,74),(2,1,24,12,10,64),(2,1,24,12,20,67),(2,1,24,12,30,71),(2,1,24,12,40,74),(2,1,24,12,50,76),(2,1,24,12,50,77),(2,1,24,12,50,78),(2,1,24,12,60,80),(2,1,24,12,60,81),(2,1,24,13,10,101),(2,1,24,13,30,87),(2,1,24,13,40,88),(2,1,25,1,5,95),(2,1,25,1,5,97),(2,1,25,1,5,98),(2,1,25,12,10,64),(2,1,25,12,20,67),(2,1,25,12,30,71),(2,1,25,12,40,74),(2,1,25,12,40,75),(2,1,25,12,50,77),(2,1,25,13,10,83),(2,1,25,13,10,101),(2,1,25,13,20,85),(2,1,25,13,30,86),(2,1,25,13,30,87),(2,1,25,13,40,88),(2,1,26,12,10,64),(2,1,26,12,10,66),(2,1,26,12,20,67),(2,1,26,12,30,71),(2,1,26,12,40,74),(2,1,27,12,10,64),(2,1,27,12,50,77),(2,1,28,12,10,64),(2,1,29,12,10,64),(2,1,29,13,30,86),(2,1,30,1,5,95),(2,1,30,1,5,97),(2,1,30,1,5,98),(2,1,30,12,10,64),(2,1,30,12,40,74),(2,1,31,1,5,95),(2,1,31,1,5,97),(2,1,31,1,5,98),(2,1,31,12,10,64),(2,1,31,12,20,67),(2,1,31,12,20,69),(2,1,31,12,30,71),(2,1,31,12,40,74),(2,1,31,13,10,101),(2,1,32,12,10,64),(2,1,33,12,10,64),(2,1,33,12,20,69),(2,1,33,12,30,71),(2,1,33,12,40,74),(2,1,34,12,10,64),(2,1,34,12,20,67),(2,1,34,12,20,69),(2,1,34,12,30,71),(2,1,34,12,30,72),(2,1,34,12,40,74),(2,1,34,12,50,77),(2,1,34,12,60,79),(2,1,34,12,60,80),(2,1,34,12,60,81),(2,1,34,13,10,101),(2,1,35,12,10,64),(2,1,35,12,20,67),(2,1,35,12,40,75),(2,1,36,12,10,64),(2,1,36,12,40,74),(2,1,36,13,10,101),(2,1,36,13,20,85),(2,1,36,13,30,87),(2,1,37,1,5,95),(2,1,37,1,5,97),(2,1,37,1,5,98),(2,1,37,12,10,64),(2,1,37,12,20,67),(2,1,37,12,30,70),(2,1,37,12,30,71),(2,1,37,12,50,76),(2,1,37,12,50,77),(2,1,37,12,60,80),(2,1,37,12,60,81),(2,1,37,13,10,101),(2,1,37,13,20,85),(2,1,38,1,5,95),(2,1,38,1,5,97),(2,1,38,1,5,98),(2,1,38,12,10,64),(2,1,38,12,10,65),(2,1,38,12,20,67),(2,1,38,12,20,69),(2,1,38,12,40,73),(2,1,38,12,40,74),(2,1,38,12,50,76),(2,1,38,12,50,77),(2,1,38,12,50,78),(2,1,38,12,60,79),(2,1,38,12,60,80),(2,1,38,12,60,81),(2,1,38,13,10,82),(2,1,38,13,10,83),(2,1,38,13,10,101),(2,1,38,13,20,84),(2,1,38,13,40,89),(2,1,39,1,5,95),(2,1,39,1,5,97),(2,1,39,1,5,98),(2,1,39,12,10,64),(2,1,39,12,10,65),(2,1,39,12,20,67),(2,1,39,12,30,71),(2,1,39,12,40,74),(2,1,39,12,50,77),(2,1,39,12,60,79),(2,1,39,12,60,80),(2,1,39,12,60,81),(2,1,39,13,10,101),(2,1,39,13,20,84),(2,1,40,1,5,95),(2,1,40,1,5,97),(2,1,40,1,5,98),(2,1,40,12,10,64),(2,1,40,12,10,65),(2,1,40,12,10,66),(2,1,40,12,20,67),(2,1,40,12,20,68),(2,1,40,12,20,69),(2,1,40,12,30,70),(2,1,40,12,30,71),(2,1,40,12,40,74),(2,1,40,12,40,75),(2,1,40,12,50,76),(2,1,40,12,50,77),(2,1,40,12,50,78),(2,1,40,12,60,80),(2,1,40,12,60,81),(2,1,40,13,10,83),(2,1,40,13,10,101),(2,1,40,13,40,89),(2,1,41,12,10,64),(2,1,41,12,10,66),(2,1,41,13,10,101),(2,1,42,12,10,64),(2,1,43,12,10,64),(2,1,43,12,20,67),(2,1,44,12,10,64),(2,1,44,12,20,67),(2,1,44,12,30,70),(2,1,45,12,10,64),(2,1,46,1,5,95),(2,1,46,1,5,97),(2,1,46,1,5,98),(2,1,46,12,10,64),(2,1,46,12,20,67),(2,1,46,12,20,68),(2,1,46,12,30,70),(2,1,46,12,30,71),(2,1,46,12,40,74),(2,1,46,12,50,77),(2,1,46,12,60,79),(2,1,46,12,60,80),(2,1,46,12,60,81),(2,1,46,13,10,101),(2,1,46,13,40,89),(2,1,47,1,5,95),(2,1,47,1,5,97),(2,1,47,1,5,98),(2,1,47,12,10,64),(2,1,47,12,10,66),(2,1,47,12,20,67),(2,1,47,12,30,71),(2,1,47,12,40,74),(2,1,47,12,50,76),(2,1,47,12,50,77),(2,1,47,12,50,78),(2,1,47,12,60,80),(2,1,47,12,60,81),(2,1,47,13,10,82),(2,1,47,13,10,83),(2,1,47,13,10,101),(2,1,47,13,30,86),(2,1,47,13,40,88),(2,1,48,12,10,64),(2,1,48,12,20,67),(2,1,48,13,10,101),(2,1,48,13,40,88),(2,1,49,12,10,64),(2,1,49,12,20,67),(2,1,49,12,40,74),(2,1,49,13,10,101),(2,1,49,13,40,89),(2,1,50,12,10,64),(2,1,50,12,10,65),(2,1,50,12,10,66),(2,1,50,12,20,67),(2,1,50,12,20,68),(2,1,50,12,20,69),(2,1,50,12,30,70),(2,1,50,12,30,71),(2,1,50,12,30,72),(2,1,50,12,40,73),(2,1,50,12,40,74),(2,1,50,12,40,75),(2,1,50,12,50,76),(2,1,50,12,50,77),(2,1,50,12,50,78),(2,1,50,12,60,79),(2,1,50,12,60,80),(2,1,50,12,60,81),(2,1,50,13,10,82),(2,1,50,13,10,83),(2,1,50,13,10,101),(2,1,50,13,20,84),(2,1,50,13,20,85),(2,1,50,13,30,86),(2,1,50,13,30,87),(2,1,50,13,40,88),(2,1,50,13,40,89),(2,1,51,12,10,64),(2,1,51,12,20,69),(2,1,51,12,30,70),(2,1,51,12,30,71),(2,1,51,12,40,73),(2,1,51,12,40,74),(2,1,51,12,50,77),(2,1,51,12,60,80),(2,1,51,12,60,81),(2,1,51,13,10,101),(2,1,51,13,40,89),(2,1,52,1,5,95),(2,1,52,1,5,97),(2,1,52,1,5,98),(2,1,52,12,10,64),(2,1,53,12,10,64),(2,1,53,12,50,77),(2,1,53,12,60,80),(2,1,53,12,60,81),(2,1,54,1,5,95),(2,1,54,1,5,97),(2,1,54,1,5,98),(2,1,54,12,10,64),(2,1,54,13,10,101),(2,1,55,1,5,95),(2,1,55,1,5,97),(2,1,55,1,5,98),(2,1,55,12,10,64),(2,1,55,12,10,65),(2,1,55,12,10,66),(2,1,55,12,20,67),(2,1,55,12,30,71),(2,1,55,12,40,74),(2,1,55,12,50,77),(2,1,55,12,50,78),(2,1,55,12,60,80),(2,1,55,12,60,81),(2,1,55,13,10,101),(2,1,55,13,30,87),(2,1,55,13,40,89),(2,1,56,1,5,95),(2,1,56,1,5,97),(2,1,56,1,5,98),(2,1,56,12,10,64),(2,1,56,12,10,65),(2,1,56,12,10,66),(2,1,56,12,20,67),(2,1,56,12,20,68),(2,1,56,12,20,69),(2,1,56,12,30,70),(2,1,56,12,30,71),(2,1,56,12,30,72),(2,1,56,12,40,73),(2,1,56,12,40,74),(2,1,56,12,40,75),(2,1,56,12,50,76),(2,1,56,12,50,77),(2,1,56,12,50,78),(2,1,56,12,60,79),(2,1,56,12,60,80),(2,1,56,12,60,81),(2,1,56,13,10,82),(2,1,56,13,10,83),(2,1,56,13,10,101),(2,1,56,13,20,84),(2,1,56,13,20,85),(2,1,56,13,30,86),(2,1,56,13,30,87),(2,1,56,13,40,88),(2,1,56,13,40,89),(2,1,57,1,5,95),(2,1,57,1,5,97),(2,1,57,1,5,98),(2,1,57,12,10,64),(2,1,57,12,10,65),(2,1,57,12,20,67),(2,1,57,12,20,69),(2,1,57,12,30,71),(2,1,57,12,30,72),(2,1,57,12,40,74),(2,1,57,12,50,77),(2,1,57,12,60,79),(2,1,57,12,60,80),(2,1,57,12,60,81),(2,1,57,13,10,101),(2,1,57,13,20,85),(2,1,57,13,30,86),(2,1,58,12,10,64),(2,1,58,12,50,77),(2,1,58,12,60,79),(2,1,58,12,60,80),(2,1,58,12,60,81),(2,1,59,12,10,64),(2,1,59,13,10,101),(2,1,60,12,10,64),(2,1,60,12,30,71),(2,1,61,1,5,95),(2,1,61,1,5,97),(2,1,61,1,5,98),(2,1,61,12,10,64),(2,1,61,12,30,71),(2,1,61,12,40,74),(2,1,61,12,40,75),(2,1,61,12,50,77),(2,1,61,12,60,80),(2,1,61,12,60,81),(2,1,61,13,10,101),(2,1,62,1,5,95),(2,1,62,1,5,97),(2,1,62,1,5,98),(2,1,62,12,10,64),(2,1,62,12,10,65),(2,1,62,12,10,66),(2,1,62,12,20,67),(2,1,62,12,20,68),(2,1,62,12,20,69),(2,1,62,12,30,70),(2,1,62,12,30,72),(2,1,62,12,40,73),(2,1,62,12,40,74),(2,1,62,12,40,75),(2,1,62,12,50,76),(2,1,62,12,50,77),(2,1,62,12,50,78),(2,1,62,12,60,79),(2,1,62,12,60,80),(2,1,62,12,60,81),(2,1,62,13,10,82),(2,1,62,13,10,83),(2,1,62,13,10,101),(2,1,62,13,20,84),(2,1,62,13,20,85),(2,1,62,13,30,71),(2,1,62,13,30,86),(2,1,62,13,30,87),(2,1,62,13,40,88),(2,1,62,13,40,89),(2,1,63,12,10,64),(2,1,63,12,30,71),(2,1,63,12,40,75),(2,1,64,1,5,95),(2,1,64,1,5,97),(2,1,64,1,5,98),(2,1,64,12,10,64),(2,1,64,12,50,76),(2,1,64,12,50,77),(2,1,64,12,60,80),(2,1,64,12,60,81),(2,1,64,13,10,83),(2,1,65,12,10,64),(2,1,65,12,30,70),(2,1,65,13,20,84),(2,1,66,1,5,95),(2,1,66,1,5,97),(2,1,66,1,5,98),(2,1,66,12,10,64),(2,1,66,12,40,74),(2,1,66,12,50,77),(2,1,66,12,60,80),(2,1,66,12,60,81),(2,1,66,13,10,101),(2,1,66,13,20,84),(2,1,67,12,10,64),(2,1,67,12,10,66),(2,1,68,12,10,64),(2,1,68,12,50,77),(2,1,68,12,60,80),(2,1,68,12,60,81),(2,1,69,1,5,95),(2,1,69,1,5,97),(2,1,69,1,5,98),(2,1,69,12,10,64),(2,1,69,12,20,67),(2,1,69,12,30,70),(2,1,69,12,30,71),(2,1,69,12,40,75),(2,1,69,12,50,77),(2,1,69,12,60,80),(2,1,69,12,60,81),(2,1,69,13,10,83),(2,1,69,13,10,101),(2,1,70,1,5,95),(2,1,70,1,5,97),(2,1,70,1,5,98),(2,1,70,12,10,64),(2,1,70,12,10,65),(2,1,70,12,10,66),(2,1,70,12,20,67),(2,1,70,12,20,68),(2,1,70,12,20,69),(2,1,70,12,30,70),(2,1,70,12,30,71),(2,1,70,12,30,72),(2,1,70,12,40,73),(2,1,70,12,40,74),(2,1,70,12,40,75),(2,1,70,12,50,76),(2,1,70,12,50,77),(2,1,70,12,50,78),(2,1,70,12,60,79),(2,1,70,12,60,80),(2,1,70,12,60,81),(2,1,70,13,10,82),(2,1,70,13,10,83),(2,1,70,13,10,101),(2,1,70,13,20,84),(2,1,70,13,20,85),(2,1,70,13,30,86),(2,1,70,13,30,87),(2,1,70,13,40,88),(2,1,70,13,40,89),(2,1,71,12,10,64),(2,1,71,13,10,101),(2,1,72,12,10,64),(2,1,72,12,40,74),(2,1,72,12,50,77),(2,1,72,12,60,80),(2,1,72,12,60,81),(2,1,73,12,10,64),(2,1,73,12,30,71),(2,1,73,13,10,101),(2,1,74,1,5,95),(2,1,74,1,5,97),(2,1,74,1,5,98),(2,1,74,12,10,64),(2,1,75,12,10,64),(2,1,75,12,20,68),(2,1,75,12,30,71),(2,1,75,12,30,72),(2,1,76,1,5,95),(2,1,76,1,5,97),(2,1,76,1,5,98),(2,1,76,12,10,64),(2,1,76,12,20,67),(2,1,76,12,30,71),(2,1,76,12,50,76),(2,1,76,12,50,77),(2,1,76,12,50,78),(2,1,76,12,60,80),(2,1,76,12,60,81),(2,1,76,13,10,82),(2,1,76,13,10,101),(2,1,77,1,5,95),(2,1,77,1,5,97),(2,1,77,1,5,98),(2,1,77,12,10,64),(2,1,78,12,10,64),(2,1,78,12,40,74),(2,1,78,12,50,77),(2,1,78,12,60,79),(2,1,78,12,60,80),(2,1,78,12,60,81),(2,1,79,12,10,64),(2,1,80,12,10,64),(2,1,80,12,20,67),(2,1,80,12,30,71),(2,1,80,13,10,101),(2,1,81,12,10,64),(2,1,81,12,40,74),(2,1,82,12,10,64),(2,1,82,12,20,67),(2,1,83,1,5,95),(2,1,83,1,5,97),(2,1,83,1,5,98),(2,1,83,12,10,64),(2,1,83,12,10,66),(2,1,83,12,20,67),(2,1,83,12,20,68),(2,1,83,12,20,69),(2,1,83,12,30,71),(2,1,83,12,40,74),(2,1,83,12,50,77),(2,1,83,12,60,80),(2,1,83,12,60,81),(2,1,83,13,10,83),(2,1,83,13,10,101),(2,1,83,13,20,85),(2,1,83,13,30,87),(2,1,84,12,10,64),(2,1,84,12,40,74),(2,1,85,12,10,64),(2,1,85,12,20,67),(2,1,85,12,20,68),(2,1,85,12,50,77),(2,1,85,13,10,101),(2,1,86,12,10,64),(2,1,86,12,30,71),(2,1,86,12,50,77),(2,1,86,12,60,79),(2,1,86,12,60,80),(2,1,86,12,60,81),(2,1,86,13,10,101),(2,1,87,12,10,64),(2,1,87,12,30,71),(2,1,88,12,10,64),(2,1,88,13,10,101),(2,1,88,13,30,87),(2,1,89,12,10,64),(2,1,89,12,30,71),(2,1,90,12,10,64),(2,1,91,12,10,64),(2,1,91,12,30,71),(2,1,91,13,30,86),(2,1,92,1,5,95),(2,1,92,1,5,97),(2,1,92,1,5,98),(2,1,92,12,10,64),(2,1,92,12,40,74),(2,1,92,13,20,84),(2,1,93,12,10,64),(2,1,93,12,40,74),(2,1,94,1,5,95),(2,1,94,1,5,97),(2,1,94,1,5,98),(2,1,94,12,10,64),(2,1,94,12,20,67),(2,1,94,12,30,71),(2,1,94,12,40,74),(2,1,94,12,40,75),(2,1,94,12,50,77),(2,1,94,12,60,79),(2,1,94,12,60,80),(2,1,94,12,60,81),(2,1,94,13,10,101),(2,1,95,12,10,64),(2,1,95,12,20,67),(2,1,95,13,10,101),(2,1,96,1,5,95),(2,1,96,1,5,97),(2,1,96,1,5,98),(2,1,96,12,10,64),(2,1,97,1,5,95),(2,1,97,1,5,97),(2,1,97,1,5,98),(2,1,97,12,10,64),(2,1,97,12,10,65),(2,1,97,12,10,66),(2,1,97,12,20,67),(2,1,97,12,20,68),(2,1,97,12,20,69),(2,1,97,12,30,70),(2,1,97,12,30,71),(2,1,97,12,30,72),(2,1,97,12,40,73),(2,1,97,12,40,74),(2,1,97,12,40,75),(2,1,97,12,50,76),(2,1,97,12,50,77),(2,1,97,12,50,78),(2,1,97,12,60,79),(2,1,97,12,60,80),(2,1,97,12,60,81),(2,1,97,13,10,82),(2,1,97,13,10,83),(2,1,97,13,10,101),(2,1,97,13,20,84),(2,1,97,13,20,85),(2,1,97,13,30,86),(2,1,97,13,30,87),(2,1,97,13,40,88),(2,1,97,13,40,89),(2,1,98,1,5,95),(2,1,98,1,5,97),(2,1,98,1,5,98),(2,1,98,12,10,64),(2,1,98,12,10,66),(2,1,98,12,20,67),(2,1,98,12,20,69),(2,1,98,12,30,71),(2,1,98,12,40,74),(2,1,98,12,50,76),(2,1,98,12,50,77),(2,1,98,12,50,78),(2,1,98,12,60,80),(2,1,98,12,60,81),(2,1,98,13,10,101),(2,1,98,13,30,86),(2,1,99,12,10,64),(2,1,99,13,10,83),(2,1,99,13,10,101),(2,1,100,12,10,64),(2,1,101,12,10,64),(2,1,102,12,10,64),(2,1,102,12,20,67),(2,1,102,13,40,88),(2,1,103,12,10,64),(2,1,103,12,50,77),(2,1,103,12,60,80),(2,1,103,12,60,81),(2,1,104,1,5,95),(2,1,104,1,5,97),(2,1,104,1,5,98),(2,1,104,12,10,64),(2,1,104,12,10,65),(2,1,104,12,10,66),(2,1,104,12,20,67),(2,1,104,12,20,68),(2,1,104,12,20,69),(2,1,104,12,30,70),(2,1,104,12,30,71),(2,1,104,12,30,72),(2,1,104,12,40,73),(2,1,104,12,40,74),(2,1,104,12,40,75),(2,1,104,12,50,76),(2,1,104,12,50,77),(2,1,104,12,50,78),(2,1,104,12,60,79),(2,1,104,12,60,80),(2,1,104,12,60,81),(2,1,104,13,10,82),(2,1,104,13,10,83),(2,1,104,13,10,101),(2,1,104,13,20,84),(2,1,104,13,20,85),(2,1,104,13,30,86),(2,1,104,13,30,87),(2,1,104,13,40,88),(2,1,104,13,40,89),(2,1,105,12,10,64),(2,1,105,12,30,71),(2,1,106,12,10,64),(2,1,106,12,20,68),(2,1,106,12,50,77),(2,1,106,12,60,80),(2,1,106,12,60,81),(2,1,107,12,10,64),(2,1,108,1,5,95),(2,1,108,1,5,97),(2,1,108,1,5,98),(2,1,108,12,10,64),(2,1,108,12,30,71),(2,1,108,13,10,83),(2,1,109,12,10,64),(2,1,109,13,30,87),(2,1,110,1,5,95),(2,1,110,1,5,97),(2,1,110,1,5,98),(2,1,110,12,10,64),(2,1,110,13,10,101),(2,1,111,1,5,95),(2,1,111,1,5,97),(2,1,111,1,5,98),(2,1,111,12,10,64),(2,1,111,12,10,65),(2,1,111,12,10,66),(2,1,111,12,20,68),(2,1,111,12,20,69),(2,1,111,12,30,70),(2,1,111,12,30,71),(2,1,111,12,30,72),(2,1,111,12,40,73),(2,1,111,12,40,74),(2,1,111,12,40,75),(2,1,111,12,50,76),(2,1,111,12,50,77),(2,1,111,12,50,78),(2,1,111,12,60,79),(2,1,111,12,60,80),(2,1,111,12,60,81),(2,1,111,13,10,82),(2,1,111,13,10,83),(2,1,111,13,20,67),(2,1,111,13,20,84),(2,1,111,13,20,85),(2,1,111,13,30,86),(2,1,111,13,30,87),(2,1,111,13,40,88),(2,1,111,13,40,89),(2,1,112,1,5,95),(2,1,112,1,5,97),(2,1,112,1,5,98),(2,1,112,12,10,64),(2,1,113,1,5,95),(2,1,113,1,5,97),(2,1,113,1,5,98),(2,1,113,12,10,64),(2,1,113,13,40,89),(2,1,114,12,10,64),(2,1,114,12,20,67),(2,1,114,12,40,74),(2,1,115,1,5,95),(2,1,115,1,5,97),(2,1,115,1,5,98),(2,1,115,12,10,64),(2,1,115,13,10,101),(2,1,116,12,10,64),(2,1,116,12,50,77),(2,1,116,12,60,80),(2,1,116,12,60,81),(2,1,116,13,10,101),(2,1,117,12,10,64),(2,1,117,12,10,66),(2,1,117,12,20,67),(2,1,117,12,30,71),(2,1,117,12,30,72),(2,1,117,12,40,74),(2,1,117,12,40,75),(2,1,117,12,50,76),(2,1,117,12,50,77),(2,1,117,12,50,78),(2,1,117,12,60,80),(2,1,117,12,60,81),(2,1,117,13,10,101),(2,1,118,1,5,95),(2,1,118,1,5,97),(2,1,118,1,5,98),(2,1,118,12,10,64),(2,1,118,12,50,77),(2,1,118,12,60,80),(2,1,118,12,60,81),(2,1,118,13,10,101),(2,1,119,12,10,64),(2,1,119,12,50,76),(2,1,119,12,50,77),(2,1,119,12,60,80),(2,1,119,12,60,81),(2,1,120,1,5,95),(2,1,120,1,5,97),(2,1,120,1,5,98),(2,1,120,12,10,64),(2,1,120,12,20,67),(2,1,120,12,30,71),(2,1,120,12,30,72),(2,1,120,12,40,73),(2,1,120,12,40,74),(2,1,120,12,40,75),(2,1,120,12,50,77),(2,1,120,12,60,79),(2,1,120,12,60,80),(2,1,120,12,60,81),(2,1,120,13,10,82),(2,1,120,13,20,84),(2,1,120,13,30,86),(2,1,120,13,30,87),(2,1,120,13,40,88),(2,1,120,13,40,89),(2,1,121,12,10,64),(2,1,121,13,40,89),(2,1,122,12,10,64),(2,1,122,13,10,101),(2,1,123,12,10,64),(2,1,123,12,40,74),(2,1,123,13,10,101),(2,1,124,12,10,64),(2,1,124,12,10,65),(2,1,124,13,10,101),(2,1,125,1,5,95),(2,1,125,1,5,97),(2,1,125,1,5,98),(2,1,125,12,10,64),(2,1,125,12,10,66),(2,1,125,12,20,68),(2,1,125,12,30,71),(2,1,125,12,30,72),(2,1,125,12,40,74),(2,1,125,12,40,75),(2,1,125,13,10,101),(2,1,126,12,10,64),(2,1,126,13,10,101),(2,1,127,12,10,64),(2,1,127,12,20,67),(2,1,127,12,40,73),(2,1,127,12,40,74),(2,1,128,1,5,95),(2,1,128,1,5,97),(2,1,128,1,5,98),(2,1,128,12,10,64),(2,1,128,12,10,65),(2,1,128,12,20,67),(2,1,128,12,20,69),(2,1,128,12,30,71),(2,1,128,12,30,72),(2,1,128,12,40,74),(2,1,128,12,50,77),(2,1,128,12,60,79),(2,1,128,12,60,80),(2,1,128,12,60,81),(2,1,128,13,10,101),(2,1,128,13,30,86),(2,1,128,13,30,87),(2,1,128,13,40,88),(2,1,129,12,10,64),(2,1,129,12,40,74),(2,1,129,12,40,75),(2,1,129,13,10,101),(2,1,130,12,10,64),(2,1,130,12,50,77),(2,1,130,12,60,80),(2,1,130,12,60,81),(2,1,130,13,10,101),(2,1,131,12,10,64),(2,1,131,12,40,74),(2,1,131,13,10,101),(2,1,132,12,10,64),(2,1,132,12,20,67),(2,1,132,12,30,70),(2,1,132,12,30,71),(2,1,132,12,40,74),(2,1,132,12,50,77),(2,1,132,12,60,80),(2,1,132,12,60,81),(2,1,132,13,10,82),(2,1,132,13,10,101),(2,1,133,12,10,64),(2,1,133,12,50,77),(2,1,133,12,60,80),(2,1,133,12,60,81),(2,1,133,13,10,82),(2,1,133,13,10,101),(2,1,134,12,10,64),(2,1,134,12,30,71),(2,1,135,12,10,64),(2,1,135,12,50,77),(2,1,135,12,60,80),(2,1,135,12,60,81),(2,1,136,12,10,64),(2,1,136,12,20,67),(2,1,136,13,10,83),(2,1,137,12,10,64),(2,1,137,12,40,75),(2,1,138,12,10,64),(2,1,139,12,10,64),(2,1,139,12,20,67),(2,1,139,12,50,76),(2,1,139,12,50,77),(2,1,139,12,50,78),(2,1,139,12,60,80),(2,1,139,12,60,81),(2,1,140,12,10,64),(2,1,140,12,20,67),(2,1,140,12,40,74),(2,1,140,12,50,77),(2,1,140,12,50,78),(2,1,140,12,60,80),(2,1,140,12,60,81),(2,1,141,1,5,95),(2,1,141,1,5,97),(2,1,141,1,5,98),(2,1,141,12,10,64),(2,1,141,12,10,66),(2,1,141,12,20,67),(2,1,141,12,20,68),(2,1,141,12,30,71),(2,1,141,12,30,72),(2,1,141,12,40,73),(2,1,141,12,40,74),(2,1,141,12,50,76),(2,1,141,12,50,77),(2,1,141,12,60,80),(2,1,141,12,60,81),(2,1,141,13,10,101),(2,1,141,13,40,88),(2,1,142,12,10,64),(2,1,142,12,20,67),(2,1,142,12,40,74),(2,1,143,12,10,64),(2,1,143,12,10,66),(2,1,143,12,20,67),(2,1,143,13,10,101),(2,1,144,12,10,64),(2,1,144,12,40,74),(2,1,145,12,10,64),(2,1,145,13,10,101),(2,1,146,1,5,95),(2,1,146,1,5,97),(2,1,146,1,5,98),(2,1,146,12,10,64),(2,1,146,12,20,67),(2,1,146,12,20,69),(2,1,146,12,30,70),(2,1,146,12,40,73),(2,1,146,12,40,74),(2,1,146,12,50,77),(2,1,146,13,10,101),(2,1,146,13,20,84),(2,1,146,13,30,87),(2,1,146,13,40,88),(2,1,147,1,5,95),(2,1,147,1,5,97),(2,1,147,1,5,98),(2,1,147,12,10,64),(2,1,147,12,20,67),(2,1,147,12,30,70),(2,1,147,12,40,74),(2,1,147,12,50,77),(2,1,147,12,60,80),(2,1,147,12,60,81),(2,1,147,13,10,82),(2,1,147,13,10,101),(2,1,147,13,20,84),(2,1,147,13,40,89),(2,1,148,12,10,64),(2,1,149,12,10,64),(2,1,149,13,20,84),(2,1,150,12,10,64),(2,1,150,12,50,76),(2,1,150,12,50,77),(2,1,150,12,60,80),(2,1,150,12,60,81),(2,1,150,13,10,82),(2,1,151,12,10,64),(2,1,152,12,10,64),(2,1,152,12,20,67),(2,1,152,13,40,88),(2,1,153,12,10,64),(2,1,153,12,30,71),(2,1,153,12,30,72),(2,1,153,13,40,88),(2,1,154,12,10,64),(2,1,155,12,10,64),(2,1,155,12,20,68),(2,1,155,12,30,71),(2,1,155,12,40,74),(2,1,155,13,20,84),(2,1,156,12,10,64),(2,1,156,12,30,71),(2,1,156,12,40,74),(2,1,156,12,50,77),(2,1,156,12,60,80),(2,1,156,12,60,81),(2,1,157,12,10,64),(2,1,157,12,30,70),(2,1,157,12,30,71),(2,1,157,13,10,101),(2,1,158,12,10,64),(2,1,158,12,20,67),(2,1,158,12,40,74),(2,1,158,13,20,85),(2,1,159,12,10,64),(2,1,159,12,50,77),(2,1,159,12,60,80),(2,1,159,12,60,81),(2,1,160,1,5,95),(2,1,160,1,5,97),(2,1,160,1,5,98),(2,1,160,12,10,64),(2,1,160,12,20,67),(2,1,160,12,30,70),(2,1,160,12,40,74),(2,1,160,13,10,101),(2,1,161,1,5,95),(2,1,161,1,5,97),(2,1,161,1,5,98),(2,1,161,12,10,64),(2,1,161,12,20,67),(2,1,161,12,50,77),(2,1,161,12,60,81),(2,1,162,1,5,95),(2,1,162,1,5,97),(2,1,162,1,5,98),(2,1,162,12,10,64),(2,1,162,12,40,74),(2,1,163,12,10,64),(2,1,163,12,20,67),(2,1,163,12,30,71),(2,1,163,12,40,74),(2,1,164,1,5,95),(2,1,164,1,5,97),(2,1,164,1,5,98),(2,1,164,12,10,64),(2,1,164,12,20,68),(2,1,165,12,10,64),(2,1,165,12,30,71),(2,1,165,12,30,72),(2,1,165,12,50,77),(2,1,165,12,60,79),(2,1,165,12,60,80),(2,1,165,12,60,81),(2,1,169,12,50,76),(2,1,169,13,20,84),(2,1,170,12,10,65),(2,1,170,12,10,66),(2,1,170,12,20,68),(2,1,170,12,20,69),(2,1,170,12,30,70),(2,1,170,12,30,72),(2,1,170,12,40,73),(2,1,170,12,40,75),(2,1,170,12,50,76),(2,1,170,12,50,78),(2,1,170,12,60,79),(2,1,170,13,10,64),(2,1,170,13,10,82),(2,1,170,13,10,83),(2,1,170,13,20,67),(2,1,170,13,20,84),(2,1,170,13,20,85),(2,1,170,13,30,71),(2,1,170,13,30,86),(2,1,170,13,30,87),(2,1,170,13,40,74),(2,1,170,13,40,88),(2,1,170,13,40,89),(2,1,170,13,50,77),(2,1,170,13,60,80),(2,1,170,13,60,81),(2,1,173,1,5,95),(2,1,173,1,5,96),(2,1,173,12,10,65),(2,1,173,12,10,66),(2,1,173,12,20,68),(2,1,173,12,20,69),(2,1,173,12,30,70),(2,1,173,12,30,72),(2,1,173,12,40,73),(2,1,173,12,40,75),(2,1,173,12,50,76),(2,1,173,12,50,78),(2,1,173,12,60,79),(2,1,173,13,10,64),(2,1,173,13,10,82),(2,1,173,13,10,83),(2,1,173,13,20,67),(2,1,173,13,20,84),(2,1,173,13,20,85),(2,1,173,13,30,71),(2,1,173,13,30,86),(2,1,173,13,30,87),(2,1,173,13,40,74),(2,1,173,13,40,88),(2,1,173,13,40,89),(2,1,173,13,50,77),(2,1,173,13,60,80),(2,1,173,13,60,81),(2,1,175,12,10,65),(2,1,175,12,30,71),(2,1,175,12,40,74),(2,1,175,12,50,77),(2,1,175,12,60,80),(2,1,175,12,60,81),(2,1,175,13,10,101),(2,1,176,12,10,65),(2,1,176,12,40,75),(2,1,176,12,50,77),(2,1,176,12,60,79),(2,1,176,12,60,80),(2,1,176,12,60,81),(2,1,177,12,10,65),(2,1,177,12,10,66),(2,1,177,12,20,68),(2,1,177,12,20,69),(2,1,177,12,30,70),(2,1,177,12,30,72),(2,1,177,12,40,73),(2,1,177,12,40,75),(2,1,177,12,50,76),(2,1,177,12,50,78),(2,1,177,12,60,79),(2,1,177,13,10,64),(2,1,177,13,10,82),(2,1,177,13,10,83),(2,1,177,13,20,67),(2,1,177,13,20,84),(2,1,177,13,20,85),(2,1,177,13,30,71),(2,1,177,13,30,86),(2,1,177,13,30,87),(2,1,177,13,40,74),(2,1,177,13,40,88),(2,1,177,13,40,89),(2,1,177,13,50,77),(2,1,177,13,60,80),(2,1,177,13,60,81),(2,1,178,1,5,95),(2,1,178,1,5,97),(2,1,178,1,5,98),(2,1,178,12,10,65),(2,1,178,13,10,101),(2,1,178,13,20,84),(2,1,179,12,10,65),(2,1,179,12,40,74),(2,1,179,13,10,101),(2,1,180,12,10,65),(2,1,180,13,30,87),(2,1,180,13,40,89),(2,1,181,1,5,95),(2,1,181,1,5,97),(2,1,181,1,5,98),(2,1,181,12,10,65),(2,1,181,13,10,101),(2,1,182,1,5,95),(2,1,182,1,5,97),(2,1,182,1,5,98),(2,1,182,12,10,65),(2,1,182,12,20,67),(2,1,182,12,30,71),(2,1,182,12,40,74),(2,1,182,12,50,77),(2,1,182,12,60,79),(2,1,182,12,60,80),(2,1,182,12,60,81),(2,1,182,13,10,101),(2,1,183,12,10,65),(2,1,183,12,20,69),(2,1,183,12,40,73),(2,1,183,12,40,74),(2,1,183,12,50,77),(2,1,184,12,10,65),(2,1,184,12,30,71),(2,1,184,12,40,74),(2,1,184,12,50,77),(2,1,184,12,60,79),(2,1,184,12,60,80),(2,1,184,12,60,81),(2,1,184,13,30,87),(2,1,185,12,10,65),(2,1,185,12,40,74),(2,1,185,13,10,101),(2,1,186,12,10,65),(2,1,186,12,40,75),(2,1,186,12,50,77),(2,1,186,12,60,79),(2,1,186,12,60,80),(2,1,186,12,60,81),(2,1,186,13,10,101),(2,1,187,12,10,65),(2,1,187,12,20,67),(2,1,187,12,40,74),(2,1,187,12,50,77),(2,1,187,12,60,80),(2,1,187,12,60,81),(2,1,188,1,5,95),(2,1,188,1,5,97),(2,1,188,1,5,98),(2,1,188,12,10,65),(2,1,188,13,10,101),(2,1,189,13,10,101),(2,1,190,12,40,74),(2,1,190,12,50,77),(2,1,190,12,60,80),(2,1,190,12,60,81),(2,1,191,12,30,71),(2,1,193,1,5,95),(2,1,193,1,5,97),(2,1,193,1,5,98),(2,1,193,12,20,67),(2,1,193,13,10,101),(2,1,195,12,20,67),(2,1,195,12,40,74),(2,1,196,12,30,71),(2,1,196,12,30,72),(2,1,197,12,30,70),(2,1,197,12,30,71),(2,1,197,13,10,101),(2,1,197,13,40,89),(2,1,198,12,30,71),(2,1,199,1,5,95),(2,1,199,1,5,97),(2,1,199,1,5,98),(2,1,199,12,50,77),(2,1,199,12,60,80),(2,1,199,12,60,81),(2,1,200,12,20,68),(2,1,200,12,30,71),(2,1,200,12,30,72),(2,1,200,12,50,77),(2,1,201,1,5,95),(2,1,201,1,5,97),(2,1,201,1,5,98),(2,1,201,12,40,74),(2,1,202,12,40,75),(2,1,203,12,40,74),(2,1,203,13,20,84),(2,1,204,12,30,71),(2,1,204,13,30,87),(2,1,205,1,5,95),(2,1,205,1,5,97),(2,1,205,1,5,98),(2,1,205,12,20,67),(2,1,205,13,10,101),(2,1,205,13,20,84),(2,1,205,13,40,89),(2,1,206,13,20,85),(2,1,206,13,40,88),(2,1,208,12,40,74),(2,1,208,12,50,77),(2,1,208,12,50,78),(2,1,208,12,60,80),(2,1,208,12,60,81),(2,1,208,13,10,82),(2,1,209,13,20,85),(2,1,211,12,50,77),(2,1,211,12,60,80),(2,1,211,12,60,81),(2,1,211,13,10,101),(2,1,211,13,30,86),(2,1,212,12,40,74),(2,1,212,13,10,101),(2,1,213,12,20,67),(2,1,214,13,10,101),(2,1,215,12,30,71),(2,1,216,12,10,66),(2,1,216,12,50,77),(2,1,216,12,60,80),(2,1,216,12,60,81),(2,1,216,13,10,101),(2,1,220,12,40,74),(2,1,221,12,40,75),(2,1,221,12,50,77),(2,1,222,12,20,67),(2,1,222,12,30,70),(2,1,222,12,30,71),(2,1,222,12,50,77),(2,1,223,12,20,67),(2,1,223,12,30,71),(2,1,223,12,30,72),(2,1,223,12,40,74),(2,1,224,12,10,66),(2,1,224,12,50,77),(2,1,224,12,60,80),(2,1,224,12,60,81),(2,1,225,12,10,66),(2,1,225,12,20,67),(2,1,225,13,10,83),(2,1,225,13,10,101),(2,1,226,12,10,66),(2,1,226,13,10,101),(2,1,227,12,10,66),(2,1,228,12,10,66),(2,1,228,12,40,74),(2,1,228,13,10,101),(2,1,229,12,10,66),(2,1,229,12,30,71),(2,1,229,12,40,74),(2,1,230,1,5,95),(2,1,230,1,5,97),(2,1,230,1,5,98),(2,1,230,12,10,66),(2,1,230,12,50,77),(2,1,230,12,60,80),(2,1,230,12,60,81),(2,1,231,1,5,95),(2,1,231,1,5,97),(2,1,231,1,5,98),(2,1,231,12,10,66),(2,1,231,12,30,71),(2,1,231,12,40,74),(2,1,231,12,40,75),(2,1,231,12,50,77),(2,1,232,12,40,74),(2,1,233,12,40,74),(2,1,235,12,20,67),(2,1,235,12,40,74),(2,1,236,1,5,95),(2,1,236,1,5,97),(2,1,236,1,5,98),(2,1,236,12,30,71),(2,1,236,12,40,73),(2,1,236,12,40,74),(2,1,236,12,40,75),(2,1,236,12,50,77),(2,1,236,12,60,79),(2,1,236,12,60,80),(2,1,236,12,60,81),(2,1,236,13,10,83),(2,1,236,13,10,101),(2,1,236,13,30,86),(2,1,236,13,30,87),(2,1,236,13,40,88),(2,1,238,1,5,95),(2,1,238,1,5,97),(2,1,238,1,5,98),(2,1,238,12,50,77),(2,1,245,12,40,74),(2,1,246,12,20,67),(2,1,246,13,10,101),(2,1,247,12,20,69),(2,1,247,12,50,77),(2,1,247,12,60,80),(2,1,247,12,60,81),(2,1,247,13,30,86),(2,1,248,12,20,69),(2,1,249,12,40,73),(2,1,249,12,40,74),(2,1,249,13,10,83),(2,1,250,12,20,67),(2,1,250,12,30,70),(2,1,250,12,40,73),(2,1,250,12,40,74),(2,1,251,13,10,101),(2,1,251,13,20,85),(2,1,253,12,20,67),(2,1,253,13,10,101),(2,1,254,12,50,77),(2,1,254,12,60,79),(2,1,254,12,60,80),(2,1,254,12,60,81),(2,1,255,12,50,76),(2,1,255,12,50,77),(2,1,255,12,60,80),(2,1,255,12,60,81),(2,1,256,12,30,71),(2,1,256,12,50,76),(2,1,256,12,50,77),(2,1,256,12,50,78),(2,1,256,12,60,80),(2,1,256,12,60,81),(2,1,257,12,20,67),(2,1,257,12,40,74),(2,1,258,12,50,77),(2,1,258,12,60,79),(2,1,258,12,60,80),(2,1,258,12,60,81),(2,1,260,12,20,67),(2,1,260,12,50,77),(2,1,260,12,60,80),(2,1,260,12,60,81),(2,1,261,12,20,67),(2,1,261,12,30,71),(2,1,261,13,10,101),(2,1,262,12,20,67),(2,1,262,12,20,68),(2,1,262,12,50,77),(2,1,262,12,60,80),(2,1,262,12,60,81),(2,1,262,13,10,101),(2,1,263,12,20,67),(2,1,263,12,30,70),(2,1,263,12,40,74),(2,1,264,1,5,95),(2,1,264,1,5,97),(2,1,264,1,5,98),(2,1,264,12,20,67),(2,1,264,12,50,77),(2,1,264,12,60,80),(2,1,264,12,60,81),(2,1,265,12,20,67),(2,1,265,12,20,69),(2,1,265,12,50,77),(2,1,265,12,60,80),(2,1,265,12,60,81),(2,1,265,13,10,101),(2,1,266,12,20,67),(2,1,266,12,30,71),(2,1,266,12,40,74),(2,1,267,12,20,67),(2,1,267,12,40,74),(2,1,267,12,50,76),(2,1,267,12,50,77),(2,1,267,12,50,78),(2,1,267,12,60,80),(2,1,267,12,60,81),(2,1,267,13,10,101),(2,1,268,12,20,67),(2,1,268,12,30,71),(2,1,268,12,40,74),(2,1,268,13,10,101),(2,1,269,12,20,67),(2,1,269,12,20,68),(2,1,269,13,10,101),(2,1,270,12,20,67),(2,1,270,12,40,74),(2,1,271,1,5,95),(2,1,271,1,5,97),(2,1,271,1,5,98),(2,1,271,12,20,67),(2,1,271,12,20,69),(2,1,271,12,30,71),(2,1,271,13,30,87),(2,1,272,12,20,67),(2,1,272,12,30,71),(2,1,272,13,20,85),(2,1,273,12,20,67),(2,1,273,13,20,84),(2,1,274,1,5,95),(2,1,274,1,5,97),(2,1,274,1,5,98),(2,1,274,12,20,67),(2,1,274,13,10,101),(2,1,275,1,5,95),(2,1,275,1,5,97),(2,1,275,1,5,98),(2,1,275,12,20,67),(2,1,275,13,10,101),(2,1,276,12,20,67),(2,1,276,12,50,77),(2,1,276,12,60,80),(2,1,276,12,60,81),(2,1,276,13,10,101),(2,1,277,1,5,95),(2,1,277,1,5,97),(2,1,277,1,5,98),(2,1,277,12,20,67),(2,1,277,12,30,71),(2,1,278,12,20,67),(2,1,278,12,30,71),(2,1,278,13,10,101),(2,1,278,13,40,89),(2,1,279,12,20,67),(2,1,279,12,40,74),(2,1,279,12,50,76),(2,1,279,12,50,77),(2,1,279,12,50,78),(2,1,279,12,60,80),(2,1,279,12,60,81),(2,1,280,12,20,67),(2,1,281,12,20,67),(2,1,281,12,20,69),(2,1,281,12,40,74),(2,1,281,13,30,87),(2,1,282,12,20,67),(2,1,282,13,40,88),(2,1,283,12,20,67),(2,1,283,12,50,77),(2,1,284,1,5,95),(2,1,284,1,5,97),(2,1,284,1,5,98),(2,1,284,12,20,67),(2,1,284,12,30,70),(2,1,284,12,50,77),(2,1,285,12,20,67),(2,1,285,12,50,76),(2,1,285,12,50,77),(2,1,285,12,50,78),(2,1,285,12,60,80),(2,1,285,12,60,81),(2,1,286,12,20,67),(2,1,286,12,30,71),(2,1,287,12,20,67),(2,1,287,13,10,83),(2,1,288,1,5,95),(2,1,288,1,5,97),(2,1,288,1,5,98),(2,1,288,12,20,67),(2,1,288,12,30,70),(2,1,288,12,30,71),(2,1,288,12,40,74),(2,1,288,13,10,101),(2,1,289,12,20,67),(2,1,289,12,40,74),(2,1,290,1,5,95),(2,1,290,1,5,97),(2,1,290,1,5,98),(2,1,290,12,20,67),(2,1,290,12,30,71),(2,1,290,12,40,74),(2,1,290,12,50,77),(2,1,290,12,60,79),(2,1,290,12,60,80),(2,1,290,12,60,81),(2,1,291,12,20,67),(2,1,292,1,5,95),(2,1,292,1,5,97),(2,1,292,1,5,98),(2,1,292,12,20,67),(2,1,293,12,20,67),(2,1,293,12,40,74),(2,1,294,12,20,67),(2,1,294,12,30,70),(2,1,295,12,20,67),(2,1,296,12,20,67),(2,1,297,12,20,67),(2,1,298,1,5,96),(2,1,298,12,20,67),(2,1,298,12,40,74),(2,1,298,12,40,75),(2,1,298,13,10,64),(2,1,298,13,30,87),(2,1,299,12,20,67),(2,1,299,13,10,101),(2,1,300,12,20,67),(2,1,301,12,20,67),(2,1,301,12,50,77),(2,1,301,12,60,80),(2,1,301,12,60,81),(2,1,302,12,20,67),(2,1,303,12,20,67),(2,1,303,12,30,71),(2,1,304,12,20,67),(2,1,304,12,30,71),(2,1,304,12,40,74),(2,1,305,12,20,67),(2,1,305,12,50,77),(2,1,305,12,60,80),(2,1,305,12,60,81),(2,1,305,13,10,82),(2,1,306,12,20,67),(2,1,306,12,40,74),(2,1,307,12,20,67),(2,1,307,12,50,77),(2,1,307,12,60,79),(2,1,307,12,60,80),(2,1,307,12,60,81),(2,1,307,13,10,101),(2,1,308,12,20,67),(2,1,308,12,30,71),(2,1,309,12,20,67),(2,1,309,12,50,76),(2,1,309,12,50,77),(2,1,309,12,60,80),(2,1,309,12,60,81),(2,1,309,13,30,87),(2,1,310,12,20,67),(2,1,311,12,20,67),(2,1,311,12,50,77),(2,1,312,12,20,67),(2,1,312,13,20,84),(2,1,313,12,20,67),(2,1,313,13,10,101),(2,1,314,12,20,67),(2,1,314,12,50,77),(2,1,314,12,60,80),(2,1,314,12,60,81),(2,1,315,12,20,67),(2,1,315,12,50,77),(2,1,315,12,60,80),(2,1,315,12,60,81),(2,1,315,13,10,82),(2,1,316,1,5,95),(2,1,316,1,5,97),(2,1,316,1,5,98),(2,1,316,12,20,67),(2,1,316,12,40,74),(2,1,317,12,20,67),(2,1,317,12,30,71),(2,1,317,13,10,101),(2,1,318,12,20,67),(2,1,318,12,40,74),(2,1,319,1,5,95),(2,1,319,1,5,97),(2,1,319,1,5,98),(2,1,319,12,20,67),(2,1,319,12,30,71),(2,1,319,13,30,87),(2,1,320,12,20,67),(2,1,324,12,20,68),(2,1,324,12,40,74),(2,1,325,1,5,95),(2,1,325,1,5,97),(2,1,325,1,5,98),(2,1,325,12,20,68),(2,1,325,12,50,77),(2,1,325,12,60,79),(2,1,325,12,60,80),(2,1,325,12,60,81),(2,1,326,12,20,68),(2,1,327,12,40,74),(2,1,328,12,30,71),(2,1,329,13,10,101),(2,1,330,13,10,101),(2,1,331,1,5,95),(2,1,331,1,5,97),(2,1,331,1,5,98),(2,1,331,12,20,69),(2,1,331,12,30,71),(2,1,331,13,10,101),(2,1,333,13,10,101),(2,1,334,1,5,95),(2,1,334,1,5,97),(2,1,334,1,5,98),(2,1,334,12,50,77),(2,1,334,12,60,80),(2,1,334,12,60,81),(2,1,335,12,40,73),(2,1,335,12,40,74),(2,1,336,12,40,75),(2,1,338,12,40,75),(2,1,340,12,20,69),(2,1,340,12,40,73),(2,1,340,12,40,74),(2,1,340,13,30,86),(2,1,342,12,40,74),(2,1,342,13,10,83),(2,1,342,13,10,101),(2,1,343,12,20,69),(2,1,343,13,10,101),(2,1,344,1,5,95),(2,1,344,1,5,97),(2,1,344,1,5,98),(2,1,344,12,40,75),(2,1,344,12,50,77),(2,1,344,12,60,79),(2,1,344,12,60,80),(2,1,344,12,60,81),(2,1,345,13,10,83),(2,1,345,13,10,101),(2,1,347,12,40,73),(2,1,347,12,40,74),(2,1,348,12,40,74),(2,1,349,13,10,101),(2,1,350,12,30,71),(2,1,351,1,5,95),(2,1,351,1,5,97),(2,1,351,1,5,98),(2,1,351,12,40,74),(2,1,351,13,10,101),(2,1,351,13,40,88),(2,1,352,12,30,71),(2,1,354,12,40,75),(2,1,354,13,10,101),(2,1,355,13,10,101),(2,1,356,12,30,71),(2,1,356,12,50,77),(2,1,356,12,60,80),(2,1,356,12,60,81),(2,1,357,13,10,101),(2,1,358,1,5,95),(2,1,358,1,5,97),(2,1,358,1,5,98),(2,1,358,12,30,71),(2,1,359,12,40,74),(2,1,359,13,10,101),(2,1,360,12,40,74),(2,1,360,12,50,76),(2,1,360,12,50,77),(2,1,360,12,50,78),(2,1,360,12,60,80),(2,1,360,12,60,81),(2,1,360,13,10,101),(2,1,361,12,40,74),(2,1,361,12,40,75),(2,1,362,12,20,69),(2,1,363,12,20,69),(2,1,364,12,20,69),(2,1,365,12,20,69),(2,1,365,12,50,77),(2,1,365,13,40,89),(2,1,366,12,20,69),(2,1,366,12,40,73),(2,1,366,12,40,74),(2,1,367,12,20,69),(2,1,368,1,5,95),(2,1,368,1,5,97),(2,1,368,1,5,98),(2,1,368,12,50,77),(2,1,368,12,50,78),(2,1,368,12,60,80),(2,1,368,12,60,81),(2,1,368,13,10,82),(2,1,368,13,10,101),(2,1,369,12,30,71),(2,1,370,1,5,95),(2,1,370,1,5,97),(2,1,370,1,5,98),(2,1,371,13,10,101),(2,1,372,12,40,74),(2,1,372,13,10,101),(2,1,374,13,10,82),(2,1,379,12,60,79),(2,1,379,13,30,87),(2,1,379,13,50,77),(2,1,379,13,60,81),(2,1,381,12,30,71),(2,1,381,12,40,75),(2,1,382,12,50,77),(2,1,382,12,60,80),(2,1,382,12,60,81),(2,1,383,1,5,95),(2,1,383,1,5,97),(2,1,383,1,5,98),(2,1,384,13,10,83),(2,1,384,13,10,101),(2,1,385,12,40,74),(2,1,385,13,30,87),(2,1,386,12,30,71),(2,1,386,12,50,77),(2,1,386,12,60,80),(2,1,386,12,60,81),(2,1,388,12,40,74),(2,1,389,12,40,74),(2,1,390,12,40,74),(2,1,390,13,30,86),(2,1,391,1,5,95),(2,1,391,1,5,97),(2,1,391,1,5,98),(2,1,391,12,40,74),(2,1,391,13,10,101),(2,1,391,13,40,89),(2,1,393,12,50,77),(2,1,393,12,50,78),(2,1,393,12,60,80),(2,1,393,12,60,81),(2,1,393,13,10,82),(2,1,393,13,10,101),(2,1,394,12,40,73),(2,1,394,12,40,74),(2,1,394,12,50,77),(2,1,394,12,60,80),(2,1,394,12,60,81),(2,1,394,13,10,101),(2,1,397,12,50,77),(2,1,398,12,50,77),(2,1,398,12,60,80),(2,1,398,12,60,81),(2,1,399,1,5,95),(2,1,399,1,5,97),(2,1,399,1,5,98),(2,1,399,12,30,71),(2,1,399,12,50,77),(2,1,399,12,60,81),(2,1,401,12,30,70),(2,1,402,1,5,96),(2,1,402,12,10,66),(2,1,402,12,30,70),(2,1,402,12,40,74),(2,1,402,12,50,77),(2,1,402,13,10,64),(2,1,402,13,10,82),(2,1,402,13,20,84),(2,1,403,12,30,70),(2,1,404,12,30,70),(2,1,404,12,40,73),(2,1,404,12,40,74),(2,1,405,12,30,70),(2,1,405,12,40,74),(2,1,406,12,30,70),(2,1,406,12,40,74),(2,1,406,12,50,77),(2,1,407,1,5,95),(2,1,407,1,5,97),(2,1,407,1,5,98),(2,1,407,12,30,70),(2,1,407,12,50,77),(2,1,407,12,60,81),(2,1,407,13,10,101),(2,1,408,12,30,70),(2,1,409,12,30,70),(2,1,409,13,10,101),(2,1,409,13,30,86),(2,1,410,12,50,77),(2,1,410,12,50,78),(2,1,410,12,60,80),(2,1,410,12,60,81),(2,1,410,13,10,82),(2,1,412,12,30,71),(2,1,412,12,50,77),(2,1,412,12,60,80),(2,1,412,12,60,81),(2,1,413,12,40,74),(2,1,414,13,10,101),(2,1,415,12,30,71),(2,1,416,12,30,71),(2,1,417,12,30,71),(2,1,418,12,30,71),(2,1,419,12,30,71),(2,1,419,12,60,80),(2,1,420,12,30,71),(2,1,421,12,30,71),(2,1,421,12,50,77),(2,1,421,12,60,80),(2,1,421,12,60,81),(2,1,422,12,30,71),(2,1,423,12,30,71),(2,1,424,12,30,71),(2,1,424,13,10,83),(2,1,425,12,30,71),(2,1,425,12,50,77),(2,1,425,12,60,80),(2,1,425,12,60,81),(2,1,425,13,10,82),(2,1,425,13,40,89),(2,1,426,12,30,71),(2,1,426,12,50,77),(2,1,426,12,60,80),(2,1,426,12,60,81),(2,1,427,12,30,71),(2,1,427,12,30,72),(2,1,427,13,40,88),(2,1,428,12,30,71),(2,1,428,12,40,74),(2,1,429,12,30,71),(2,1,429,12,50,77),(2,1,430,12,30,71),(2,1,431,12,30,71),(2,1,432,12,30,71),(2,1,432,12,40,74),(2,1,433,12,30,71),(2,1,433,12,40,74),(2,1,434,1,5,95),(2,1,434,1,5,97),(2,1,434,1,5,98),(2,1,434,12,30,71),(2,1,434,12,40,74),(2,1,434,13,10,101),(2,1,435,12,30,71),(2,1,435,13,10,101),(2,1,436,1,5,95),(2,1,436,1,5,97),(2,1,436,1,5,98),(2,1,436,12,30,71),(2,1,436,12,30,72),(2,1,437,12,30,71),(2,1,437,12,30,72),(2,1,438,12,30,71),(2,1,438,12,30,72),(2,1,438,13,40,88),(2,1,439,12,30,71),(2,1,439,12,30,72),(2,1,439,12,50,77),(2,1,439,12,60,80),(2,1,439,12,60,81),(2,1,439,13,10,101),(2,1,439,13,40,88),(2,1,440,12,30,71),(2,1,440,12,30,72),(2,1,440,13,10,83),(2,1,440,13,10,101),(2,1,441,12,30,71),(2,1,441,12,30,72),(2,1,441,12,40,74),(2,1,441,12,50,76),(2,1,441,12,50,77),(2,1,441,12,50,78),(2,1,441,12,60,80),(2,1,441,12,60,81),(2,1,441,13,10,83),(2,1,441,13,20,85),(2,1,442,1,5,95),(2,1,442,1,5,97),(2,1,442,1,5,98),(2,1,442,12,30,71),(2,1,442,12,30,72),(2,1,442,12,40,73),(2,1,442,12,40,74),(2,1,443,1,5,95),(2,1,443,1,5,97),(2,1,443,1,5,98),(2,1,443,12,30,71),(2,1,444,12,30,71),(2,1,445,12,30,71),(2,1,445,12,50,77),(2,1,445,13,10,101),(2,1,446,12,30,71),(2,1,446,12,40,74),(2,1,446,13,40,88),(2,1,446,13,40,89),(2,1,447,12,30,71),(2,1,448,12,30,71),(2,1,449,12,30,71),(2,1,449,12,40,73),(2,1,449,12,40,74),(2,1,450,12,30,71),(2,1,450,12,40,74),(2,1,450,13,10,101),(2,1,450,13,20,84),(2,1,450,13,30,86),(2,1,453,12,30,72),(2,1,454,12,40,74),(2,1,454,13,10,101),(2,1,455,12,40,74),(2,1,456,12,40,74),(2,1,457,12,40,74),(2,1,457,13,10,101),(2,1,458,12,40,74),(2,1,458,12,50,77),(2,1,458,12,60,80),(2,1,458,12,60,81),(2,1,459,12,40,74),(2,1,459,12,50,77),(2,1,459,12,60,80),(2,1,459,12,60,81),(2,1,460,12,40,74),(2,1,460,13,10,101),(2,1,461,12,40,74),(2,1,462,12,40,74),(2,1,462,13,10,101),(2,1,462,13,40,88),(2,1,463,12,40,74),(2,1,464,12,40,74),(2,1,464,13,10,101),(2,1,464,13,20,84),(2,1,464,13,40,89),(2,1,465,12,40,74),(2,1,465,12,50,77),(2,1,465,12,60,80),(2,1,465,12,60,81),(2,1,466,1,5,95),(2,1,466,1,5,97),(2,1,466,1,5,98),(2,1,466,12,40,73),(2,1,466,12,40,74),(2,1,466,13,10,101),(2,1,467,12,40,73),(2,1,467,12,40,74),(2,1,468,12,40,73),(2,1,468,12,40,74),(2,1,469,12,40,73),(2,1,469,12,40,74),(2,1,469,13,20,84),(2,1,470,12,40,74),(2,1,470,13,10,101),(2,1,471,12,40,74),(2,1,471,13,10,101),(2,1,472,12,40,74),(2,1,472,12,50,77),(2,1,472,12,60,80),(2,1,472,12,60,81),(2,1,472,13,10,101),(2,1,473,1,5,95),(2,1,473,1,5,97),(2,1,473,1,5,98),(2,1,473,12,40,74),(2,1,476,12,50,76),(2,1,477,12,40,74),(2,1,477,12,50,77),(2,1,477,13,30,87),(2,1,478,12,40,74),(2,1,478,12,50,77),(2,1,478,12,60,79),(2,1,478,12,60,80),(2,1,478,12,60,81),(2,1,479,12,40,74),(2,1,480,1,5,96),(2,1,480,12,40,74),(2,1,481,12,40,74),(2,1,482,12,40,74),(2,1,483,12,40,74),(2,1,489,12,40,75),(2,1,489,13,10,101),(2,1,490,12,40,75),(2,1,491,12,40,75),(2,1,491,12,50,77),(2,1,491,12,60,80),(2,1,491,12,60,81),(2,1,492,12,50,76),(2,1,492,12,50,77),(2,1,492,12,50,78),(2,1,492,12,60,80),(2,1,492,12,60,81),(2,1,496,12,50,77),(2,1,496,12,60,80),(2,1,496,12,60,81),(2,1,496,13,10,82),(2,1,498,13,10,101),(2,1,502,12,50,77),(2,1,502,12,50,78),(2,1,502,12,60,80),(2,1,502,12,60,81),(2,1,502,13,10,82),(2,1,503,13,10,101),(2,1,503,13,30,87),(2,1,504,13,10,101),(2,1,505,13,10,101),(2,1,506,1,5,95),(2,1,506,1,5,97),(2,1,506,1,5,98),(2,1,506,12,50,77),(2,1,506,12,60,79),(2,1,506,12,60,80),(2,1,506,12,60,81),(2,1,506,13,10,101),(2,1,507,1,5,95),(2,1,507,1,5,97),(2,1,507,1,5,98),(2,1,507,12,50,76),(2,1,507,12,50,77),(2,1,507,12,50,78),(2,1,507,12,60,80),(2,1,507,12,60,81),(2,1,507,13,10,101),(2,1,508,1,5,95),(2,1,508,1,5,97),(2,1,508,1,5,98),(2,1,508,12,50,77),(2,1,509,12,50,77),(2,1,510,1,5,96),(2,1,510,12,50,76),(2,1,511,12,50,76),(2,1,512,12,50,76),(2,1,513,12,50,76),(2,1,514,12,50,76),(2,1,515,12,50,76),(2,1,516,12,50,76),(2,1,516,12,50,77),(2,1,516,12,50,78),(2,1,516,12,60,80),(2,1,516,12,60,81),(2,1,517,12,50,76),(2,1,517,12,50,77),(2,1,517,12,50,78),(2,1,517,12,60,80),(2,1,517,12,60,81),(2,1,518,1,5,95),(2,1,518,1,5,97),(2,1,518,1,5,98),(2,1,518,12,50,77),(2,1,518,12,60,80),(2,1,518,12,60,81),(2,1,518,13,10,82),(2,1,518,13,10,101),(2,1,519,12,50,77),(2,1,519,12,60,80),(2,1,519,12,60,81),(2,1,519,13,10,82),(2,1,519,13,10,101),(2,1,520,12,50,77),(2,1,520,12,60,80),(2,1,520,12,60,81),(2,1,520,13,10,82),(2,1,520,13,10,101),(2,1,521,1,5,95),(2,1,521,1,5,97),(2,1,521,1,5,98),(2,1,521,12,50,77),(2,1,521,12,60,80),(2,1,521,12,60,81),(2,1,522,12,50,77),(2,1,522,12,60,80),(2,1,522,12,60,81),(2,1,523,1,5,95),(2,1,523,1,5,97),(2,1,523,1,5,98),(2,1,523,12,50,77),(2,1,523,12,60,80),(2,1,523,12,60,81),(2,1,523,13,10,101),(2,1,524,12,50,77),(2,1,524,12,60,80),(2,1,524,12,60,81),(2,1,525,12,50,77),(2,1,525,12,60,80),(2,1,525,12,60,81),(2,1,526,1,5,95),(2,1,526,1,5,97),(2,1,526,1,5,98),(2,1,526,12,50,77),(2,1,526,12,60,79),(2,1,526,12,60,80),(2,1,526,12,60,81),(2,1,527,12,50,77),(2,1,528,12,50,77),(2,1,529,12,50,77),(2,1,530,1,5,96),(2,1,530,12,50,77),(2,1,531,1,5,95),(2,1,531,1,5,97),(2,1,531,1,5,98),(2,1,531,12,50,77),(2,1,531,12,60,81),(2,1,531,13,10,101),(2,1,541,13,40,89),(2,1,542,12,60,80),(2,1,543,12,60,80),(2,1,544,12,60,80),(2,1,545,12,60,80),(2,1,546,12,60,80),(2,1,547,12,60,80),(2,1,548,12,60,80),(2,1,549,12,60,80),(2,1,550,12,60,80),(2,1,550,12,60,81),(2,1,551,12,60,81),(2,1,552,12,60,81),(2,1,553,12,60,81),(2,1,554,12,60,81),(2,1,555,12,60,81),(2,1,556,12,60,81),(2,1,557,12,60,81),(2,1,558,12,60,81),(2,1,559,12,60,81),(2,1,567,12,10,65),(2,1,567,12,10,66),(2,1,567,12,20,68),(2,1,567,12,20,69),(2,1,567,12,30,70),(2,1,567,12,30,72),(2,1,567,12,40,73),(2,1,567,12,40,75),(2,1,567,12,50,76),(2,1,567,12,50,78),(2,1,567,12,60,79),(2,1,567,13,10,64),(2,1,567,13,10,82),(2,1,567,13,10,83),(2,1,567,13,20,67),(2,1,567,13,20,84),(2,1,567,13,20,85),(2,1,567,13,30,71),(2,1,567,13,30,86),(2,1,567,13,30,87),(2,1,567,13,40,74),(2,1,567,13,40,88),(2,1,567,13,40,89),(2,1,567,13,50,77),(2,1,567,13,60,80),(2,1,567,13,60,81),(2,1,570,1,5,96),(2,1,573,1,5,96),(2,1,574,1,5,95),(2,1,576,1,5,95),(2,1,576,1,5,97),(2,1,576,1,5,98),(2,1,576,13,10,101),(2,1,576,13,20,84),(2,1,577,13,30,86),(2,1,581,12,10,65),(2,1,581,12,10,66),(2,1,581,12,20,68),(2,1,581,12,20,69),(2,1,581,12,30,70),(2,1,581,12,30,72),(2,1,581,12,40,73),(2,1,581,12,40,75),(2,1,581,12,50,76),(2,1,581,12,50,78),(2,1,581,12,60,79),(2,1,581,13,10,64),(2,1,581,13,10,82),(2,1,581,13,10,83),(2,1,581,13,20,67),(2,1,581,13,20,84),(2,1,581,13,20,85),(2,1,581,13,30,71),(2,1,581,13,30,86),(2,1,581,13,30,87),(2,1,581,13,40,74),(2,1,581,13,40,88),(2,1,581,13,40,89),(2,1,581,13,50,77),(2,1,581,13,60,80),(2,1,581,13,60,81),(2,1,582,1,5,96),(2,1,582,13,10,64),(2,1,582,13,20,85),(2,1,583,13,20,84),(2,1,584,13,10,101),(2,1,587,13,10,101),(2,1,592,13,30,86),(2,1,594,13,10,101),(2,1,597,13,30,87),(2,1,598,13,30,86),(2,1,600,1,5,95),(2,1,600,1,5,97),(2,1,600,1,5,98),(2,1,600,13,40,89),(2,1,601,1,5,96),(2,1,606,1,5,95),(2,1,606,1,5,97),(2,1,606,1,5,98),(2,1,606,13,10,101),(2,1,606,13,30,87),(2,1,607,13,10,101),(2,1,609,13,30,87),(2,1,616,13,40,88),(2,1,617,1,5,95),(2,1,617,1,5,97),(2,1,617,1,5,98),(2,1,617,13,40,88),(2,1,621,13,10,82),(2,1,625,13,40,74),(2,1,627,1,5,96),(2,1,627,1,15,90),(2,1,627,1,15,91),(2,1,627,1,15,92),(2,1,627,1,15,93),(2,1,627,1,15,94),(2,1,628,1,15,90),(2,1,628,1,15,91),(2,1,628,1,15,92),(2,1,628,1,15,93),(2,1,628,1,15,94),(2,1,629,1,15,90),(2,1,629,1,15,93),(2,1,629,1,15,94),(2,1,630,1,5,96),(2,1,630,1,15,90),(2,1,630,1,15,91),(2,1,630,1,15,92),(2,1,630,1,15,93),(2,1,630,1,15,94),(2,1,634,1,5,96),(2,1,634,13,10,101),(2,1,634,13,40,88),(2,1,635,1,5,96),(2,1,638,1,15,93),(2,1,638,1,15,94),(2,1,646,1,5,95),(2,1,646,1,5,97),(2,1,646,1,5,98),(2,1,651,13,10,101),(2,1,652,1,5,96),(2,1,654,1,5,95),(2,1,654,1,5,97),(2,1,654,1,5,98),(2,1,654,13,10,101),(2,1,655,1,5,97),(2,1,656,1,5,95),(2,1,656,1,5,97),(2,1,656,1,5,98),(2,1,657,1,5,95),(2,1,657,1,5,97),(2,1,657,1,5,98),(2,1,658,1,5,98),(2,1,660,12,10,66),(2,1,660,12,30,70),(2,1,660,12,30,72),(2,1,660,12,50,76),(2,1,660,12,50,78),(2,1,660,13,10,64),(2,1,660,13,10,83),(2,1,660,13,30,87),(2,1,660,13,40,88),(2,1,664,1,15,92),(2,1,665,1,15,91),(2,1,666,1,15,94),(2,1,667,1,15,94),(2,1,668,1,15,94),(2,1,669,1,15,93),(2,1,670,1,5,96),(2,1,671,1,5,96),(2,1,672,1,5,96),(2,1,672,12,10,65),(2,1,672,12,10,66),(2,1,672,12,20,68),(2,1,672,12,20,69),(2,1,672,12,30,70),(2,1,672,12,30,72),(2,1,672,12,40,73),(2,1,672,12,40,75),(2,1,672,12,50,76),(2,1,672,12,50,78),(2,1,672,12,60,79),(2,1,672,13,10,64),(2,1,672,13,10,82),(2,1,672,13,10,83),(2,1,672,13,20,67),(2,1,672,13,20,84),(2,1,672,13,20,85),(2,1,672,13,30,71),(2,1,672,13,30,86),(2,1,672,13,30,87),(2,1,672,13,40,74),(2,1,672,13,40,88),(2,1,672,13,40,89),(2,1,672,13,50,77),(2,1,672,13,60,80),(2,1,672,13,60,81),(2,1,673,1,5,96),(2,1,674,1,5,96),(2,1,675,1,5,96),(2,1,676,1,5,96),(2,1,677,1,5,96),(2,1,678,1,5,96),(2,1,679,1,5,96),(2,1,680,1,5,96),(2,1,681,1,5,96),(2,1,682,1,5,96),(2,1,683,1,5,96),(2,1,684,1,5,96),(2,1,685,1,5,96),(2,1,686,1,5,96),(2,1,687,1,5,96),(2,1,688,1,5,96),(2,1,689,1,5,96),(2,1,690,1,5,96),(2,1,691,1,5,96),(2,1,692,1,5,96),(2,1,693,1,5,96),(2,1,694,1,5,96),(2,1,695,1,5,96),(2,1,696,1,5,96),(2,1,697,1,5,96),(2,1,698,1,5,96),(2,1,699,1,5,96),(2,1,700,1,5,96),(2,1,701,1,5,96),(2,1,702,1,5,96),(2,1,703,1,5,96),(2,1,704,1,5,96),(2,1,705,1,5,96),(2,1,706,1,5,96),(2,1,707,1,5,96),(2,1,708,1,5,96),(2,1,709,1,5,96),(2,1,710,1,5,96),(2,1,711,1,5,96),(2,1,712,1,5,96),(2,1,713,1,5,96),(2,1,714,1,5,96),(2,1,715,1,5,96),(2,1,716,1,5,96),(2,1,717,1,5,96),(2,1,718,1,5,96),(2,1,719,1,5,96),(2,1,720,1,5,96),(2,1,721,1,5,96),(2,1,721,12,10,65),(2,1,721,12,10,66),(2,1,721,12,20,68),(2,1,721,12,20,69),(2,1,721,12,30,70),(2,1,721,12,30,72),(2,1,721,12,40,73),(2,1,721,12,40,75),(2,1,721,12,50,76),(2,1,721,12,50,78),(2,1,721,12,60,79),(2,1,721,13,10,64),(2,1,721,13,10,82),(2,1,721,13,10,83),(2,1,721,13,20,67),(2,1,721,13,20,84),(2,1,721,13,20,85),(2,1,721,13,30,71),(2,1,721,13,30,86),(2,1,721,13,30,87),(2,1,721,13,40,74),(2,1,721,13,40,88),(2,1,721,13,40,89),(2,1,721,13,50,77),(2,1,721,13,60,80),(2,1,721,13,60,81),(2,1,722,1,5,96),(2,1,723,1,5,96),(2,1,724,1,5,96),(2,1,725,1,5,96),(2,1,726,1,5,96),(2,1,727,1,5,96),(2,1,728,1,5,96),(2,1,729,1,5,96),(2,1,729,12,10,65),(2,1,729,12,10,66),(2,1,729,12,20,68),(2,1,729,12,20,69),(2,1,729,12,30,70),(2,1,729,12,30,72),(2,1,729,12,40,73),(2,1,729,12,40,75),(2,1,729,12,50,76),(2,1,729,12,50,78),(2,1,729,12,60,79),(2,1,729,13,10,64),(2,1,729,13,10,82),(2,1,729,13,10,83),(2,1,729,13,20,67),(2,1,729,13,20,84),(2,1,729,13,20,85),(2,1,729,13,30,71),(2,1,729,13,30,86),(2,1,729,13,30,87),(2,1,729,13,40,74),(2,1,729,13,40,88),(2,1,729,13,40,89),(2,1,729,13,50,77),(2,1,729,13,60,80),(2,1,729,13,60,81),(2,1,730,1,5,96),(2,1,731,1,5,96),(2,1,732,1,5,96),(2,1,733,1,5,96),(2,1,734,1,5,96),(2,1,735,1,5,96),(2,1,736,1,5,96),(2,1,736,12,20,68),(2,1,736,13,30,86),(2,1,737,1,5,96),(2,1,738,1,5,96),(2,1,739,1,5,96),(2,1,740,1,5,96),(2,1,741,1,5,96),(2,1,742,1,5,96),(2,1,743,1,5,96),(2,1,744,1,5,96),(2,1,745,12,30,72),(2,1,746,12,30,72),(2,1,747,12,10,66),(2,1,747,12,30,70),(2,1,747,12,30,72),(2,1,747,12,50,76),(2,1,747,12,50,78),(2,1,747,13,10,64),(2,1,747,13,10,83),(2,1,747,13,30,87),(2,1,747,13,40,88),(2,1,748,12,20,68),(2,1,748,12,20,69),(2,1,748,12,30,70),(2,1,748,12,40,73),(2,1,748,12,40,75),(2,1,748,13,10,64),(2,1,748,13,10,83),(2,1,748,13,10,101),(2,1,748,13,20,85),(2,1,748,13,30,71),(2,1,748,13,40,74),(2,1,748,13,40,89),(2,1,748,13,60,80),(2,1,749,12,20,68),(2,1,749,12,20,69),(2,1,749,12,30,70),(2,1,749,12,40,73),(2,1,749,12,40,75),(2,1,749,13,10,64),(2,1,749,13,10,83),(2,1,749,13,10,101),(2,1,749,13,20,85),(2,1,749,13,30,71),(2,1,749,13,40,74),(2,1,749,13,40,89),(2,1,749,13,60,80),(2,1,750,12,10,65),(2,1,751,12,10,65),(2,1,752,12,10,65),(2,1,752,13,10,64),(2,1,753,12,10,65),(2,1,754,12,10,65),(2,1,755,12,10,65),(2,1,755,12,40,75),(2,1,755,13,10,83),(2,1,755,13,40,88),(2,1,756,12,10,65),(2,1,756,12,40,75),(2,1,756,13,10,83),(2,1,756,13,40,88),(2,1,757,12,20,69),(2,1,758,12,20,69),(2,1,759,12,20,69),(2,1,760,12,20,69),(2,1,761,12,20,69),(2,1,764,12,20,68),(2,1,765,12,20,68),(2,1,766,12,20,68),(2,1,766,13,10,82),(2,1,766,13,20,67),(2,1,766,13,30,86),(2,1,766,13,50,77),(2,1,767,12,20,68),(2,1,767,13,10,82),(2,1,767,13,20,67),(2,1,767,13,30,86),(2,1,767,13,50,77),(2,1,768,12,40,75),(2,1,769,12,40,75),(2,1,770,12,40,75),(2,1,770,13,20,84),(2,1,771,12,40,75),(2,1,772,12,40,75),(2,1,773,12,40,73),(2,1,774,12,40,73),(2,1,775,12,40,73),(2,1,776,12,40,73),(2,1,777,12,40,73),(2,1,778,12,40,73),(2,1,778,12,60,79),(2,1,778,13,10,82),(2,1,778,13,20,67),(2,1,778,13,20,84),(2,1,778,13,30,71),(2,1,778,13,60,81),(2,1,779,12,40,73),(2,1,779,12,60,79),(2,1,779,13,10,82),(2,1,779,13,20,67),(2,1,779,13,20,84),(2,1,779,13,30,71),(2,1,779,13,60,81),(2,1,780,12,50,78),(2,1,781,12,50,78),(2,1,782,12,50,78),(2,1,783,12,50,78),(2,1,784,12,50,78),(2,1,784,13,20,84),(2,1,784,13,60,80),(2,1,785,12,50,78),(2,1,785,13,20,84),(2,1,785,13,60,80),(2,1,786,13,10,64),(2,1,787,13,10,64),(2,1,788,13,10,64),(2,1,788,13,10,82),(2,1,789,13,10,64),(2,1,789,13,40,89),(2,1,790,13,10,64),(2,1,791,13,10,64),(2,1,795,13,10,64),(2,1,797,13,10,64),(2,1,806,12,10,65),(2,1,806,12,10,66),(2,1,806,12,20,68),(2,1,806,12,20,69),(2,1,806,12,30,70),(2,1,806,12,30,72),(2,1,806,12,40,73),(2,1,806,12,40,75),(2,1,806,12,50,76),(2,1,806,12,50,78),(2,1,806,12,60,79),(2,1,806,13,10,64),(2,1,806,13,10,82),(2,1,806,13,10,83),(2,1,806,13,20,67),(2,1,806,13,20,84),(2,1,806,13,20,85),(2,1,806,13,30,71),(2,1,806,13,30,86),(2,1,806,13,30,87),(2,1,806,13,40,74),(2,1,806,13,40,88),(2,1,806,13,40,89),(2,1,806,13,50,77),(2,1,806,13,60,80),(2,1,806,13,60,81),(2,1,808,13,10,64),(2,1,808,13,60,81),(2,1,809,13,10,64),(2,1,812,13,10,83),(2,1,813,13,10,83),(2,1,814,13,10,83),(2,1,815,13,10,83),(2,1,816,13,10,83),(2,1,817,13,10,82),(2,1,818,13,10,82),(2,1,819,13,20,67),(2,1,820,13,20,67),(2,1,821,13,20,67),(2,1,822,13,20,67),(2,1,823,13,20,67),(2,1,823,13,30,71),(2,1,824,13,20,85),(2,1,825,13,20,85),(2,1,826,13,20,85),(2,1,827,13,20,85),(2,1,828,13,20,85),(2,1,829,13,20,85),(2,1,830,13,20,84),(2,1,831,13,20,84),(2,1,832,13,20,84),(2,1,833,13,20,84),(2,1,834,13,30,87),(2,1,835,13,30,86),(2,1,836,13,30,86),(2,1,837,13,40,74),(2,1,838,13,40,74),(2,1,839,13,40,89),(2,1,840,13,40,89),(2,1,841,13,40,89),(2,1,842,13,40,89),(2,1,843,13,40,89),(2,1,844,13,40,88),(2,1,845,13,40,88),(2,1,846,13,40,88),(2,1,847,13,40,88),(2,1,848,13,50,77),(2,1,849,12,60,79),(2,1,849,13,50,77),(2,1,850,13,50,77),(2,1,851,13,50,77),(2,1,852,13,60,81),(2,1,853,13,60,81),(2,1,854,13,60,81),(2,1,855,12,60,79),(2,1,856,12,60,79),(2,1,857,12,60,79),(2,1,858,12,60,79),(2,1,859,13,10,64),(2,1,860,13,10,64),(2,1,861,12,20,68),(2,1,862,13,30,71),(2,1,863,13,30,71),(2,1,864,13,30,71),(2,1,865,13,30,71),(2,1,870,12,10,66),(2,1,871,12,10,66),(2,1,872,12,10,66),(2,1,873,12,10,66),(2,1,874,13,10,64),(2,1,875,12,10,65),(2,1,875,12,10,66),(2,1,875,12,20,68),(2,1,875,12,20,69),(2,1,875,12,30,70),(2,1,875,12,30,72),(2,1,875,12,40,73),(2,1,875,12,40,75),(2,1,875,12,50,76),(2,1,875,12,50,78),(2,1,875,12,60,79),(2,1,875,13,10,64),(2,1,875,13,10,82),(2,1,875,13,10,83),(2,1,875,13,20,67),(2,1,875,13,20,84),(2,1,875,13,20,85),(2,1,875,13,30,71),(2,1,875,13,30,86),(2,1,875,13,30,87),(2,1,875,13,40,74),(2,1,875,13,40,88),(2,1,875,13,40,89),(2,1,875,13,50,77),(2,1,875,13,60,80),(2,1,875,13,60,81),(2,1,876,12,10,65),(2,1,876,12,10,66),(2,1,876,12,20,68),(2,1,876,12,20,69),(2,1,876,12,30,70),(2,1,876,12,30,72),(2,1,876,12,40,73),(2,1,876,12,40,75),(2,1,876,12,50,76),(2,1,876,12,50,78),(2,1,876,12,60,79),(2,1,876,13,10,64),(2,1,876,13,10,82),(2,1,876,13,10,83),(2,1,876,13,20,67),(2,1,876,13,20,84),(2,1,876,13,20,85),(2,1,876,13,30,71),(2,1,876,13,30,86),(2,1,876,13,30,87),(2,1,876,13,40,74),(2,1,876,13,40,88),(2,1,876,13,40,89),(2,1,876,13,50,77),(2,1,876,13,60,80),(2,1,876,13,60,81),(2,1,877,12,10,65),(2,1,877,12,10,66),(2,1,877,12,20,68),(2,1,877,12,20,69),(2,1,877,12,30,70),(2,1,877,12,30,72),(2,1,877,12,40,73),(2,1,877,12,40,75),(2,1,877,12,50,76),(2,1,877,12,50,78),(2,1,877,12,60,79),(2,1,877,13,10,64),(2,1,877,13,10,82),(2,1,877,13,10,83),(2,1,877,13,20,67),(2,1,877,13,20,84),(2,1,877,13,20,85),(2,1,877,13,30,71),(2,1,877,13,30,86),(2,1,877,13,30,87),(2,1,877,13,40,74),(2,1,877,13,40,88),(2,1,877,13,40,89),(2,1,877,13,50,77),(2,1,877,13,60,80),(2,1,877,13,60,81),(2,1,878,12,10,65),(2,1,878,12,10,66),(2,1,878,12,20,68),(2,1,878,12,20,69),(2,1,878,12,30,70),(2,1,878,12,30,72),(2,1,878,12,40,73),(2,1,878,12,40,75),(2,1,878,12,50,76),(2,1,878,12,50,78),(2,1,878,12,60,79),(2,1,878,13,10,64),(2,1,878,13,10,82),(2,1,878,13,10,83),(2,1,878,13,20,67),(2,1,878,13,20,84),(2,1,878,13,20,85),(2,1,878,13,30,71),(2,1,878,13,30,86),(2,1,878,13,30,87),(2,1,878,13,40,74),(2,1,878,13,40,88),(2,1,878,13,40,89),(2,1,878,13,50,77),(2,1,878,13,60,80),(2,1,878,13,60,81),(2,1,879,12,10,65),(2,1,879,12,10,66),(2,1,879,12,20,68),(2,1,879,12,20,69),(2,1,879,12,30,70),(2,1,879,12,30,72),(2,1,879,12,40,73),(2,1,879,12,40,75),(2,1,879,12,50,76),(2,1,879,12,50,78),(2,1,879,12,60,79),(2,1,879,13,10,64),(2,1,879,13,10,82),(2,1,879,13,10,83),(2,1,879,13,20,67),(2,1,879,13,20,84),(2,1,879,13,20,85),(2,1,879,13,30,71),(2,1,879,13,30,86),(2,1,879,13,30,87),(2,1,879,13,40,74),(2,1,879,13,40,88),(2,1,879,13,40,89),(2,1,879,13,50,77),(2,1,879,13,60,80),(2,1,879,13,60,81),(2,1,880,12,10,65),(2,1,880,12,10,66),(2,1,880,12,20,68),(2,1,880,12,20,69),(2,1,880,12,30,70),(2,1,880,12,30,72),(2,1,880,12,40,73),(2,1,880,12,40,75),(2,1,880,12,50,76),(2,1,880,12,50,78),(2,1,880,12,60,79),(2,1,880,13,10,64),(2,1,880,13,10,82),(2,1,880,13,10,83),(2,1,880,13,20,67),(2,1,880,13,20,84),(2,1,880,13,20,85),(2,1,880,13,30,71),(2,1,880,13,30,86),(2,1,880,13,30,87),(2,1,880,13,40,74),(2,1,880,13,40,88),(2,1,880,13,40,89),(2,1,880,13,50,77),(2,1,880,13,60,80),(2,1,880,13,60,81),(2,1,881,12,10,65),(2,1,881,12,10,66),(2,1,881,12,20,68),(2,1,881,12,20,69),(2,1,881,12,30,70),(2,1,881,12,30,72),(2,1,881,12,40,73),(2,1,881,12,40,75),(2,1,881,12,50,76),(2,1,881,12,50,78),(2,1,881,12,60,79),(2,1,881,13,10,64),(2,1,881,13,10,82),(2,1,881,13,10,83),(2,1,881,13,20,67),(2,1,881,13,20,84),(2,1,881,13,20,85),(2,1,881,13,30,71),(2,1,881,13,30,86),(2,1,881,13,30,87),(2,1,881,13,40,74),(2,1,881,13,40,88),(2,1,881,13,40,89),(2,1,881,13,50,77),(2,1,881,13,60,80),(2,1,881,13,60,81),(2,1,882,12,10,65),(2,1,882,12,10,66),(2,1,882,12,20,68),(2,1,882,12,20,69),(2,1,882,12,30,70),(2,1,882,12,30,72),(2,1,882,12,40,73),(2,1,882,12,40,75),(2,1,882,12,50,76),(2,1,882,12,50,78),(2,1,882,12,60,79),(2,1,882,13,10,64),(2,1,882,13,10,82),(2,1,882,13,10,83),(2,1,882,13,20,67),(2,1,882,13,20,84),(2,1,882,13,20,85),(2,1,882,13,30,71),(2,1,882,13,30,86),(2,1,882,13,30,87),(2,1,882,13,40,74),(2,1,882,13,40,88),(2,1,882,13,40,89),(2,1,882,13,50,77),(2,1,882,13,60,80),(2,1,882,13,60,81),(2,1,883,12,10,65),(2,1,883,12,10,66),(2,1,883,12,20,68),(2,1,883,12,20,69),(2,1,883,12,30,70),(2,1,883,12,30,72),(2,1,883,12,40,73),(2,1,883,12,40,75),(2,1,883,12,50,76),(2,1,883,12,50,78),(2,1,883,12,60,79),(2,1,883,13,10,64),(2,1,883,13,10,82),(2,1,883,13,10,83),(2,1,883,13,20,67),(2,1,883,13,20,84),(2,1,883,13,20,85),(2,1,883,13,30,71),(2,1,883,13,30,86),(2,1,883,13,30,87),(2,1,883,13,40,74),(2,1,883,13,40,88),(2,1,883,13,40,89),(2,1,883,13,50,77),(2,1,883,13,60,80),(2,1,883,13,60,81),(2,1,884,12,10,65),(2,1,884,12,10,66),(2,1,884,12,20,68),(2,1,884,12,20,69),(2,1,884,12,30,70),(2,1,884,12,30,72),(2,1,884,12,40,73),(2,1,884,12,40,75),(2,1,884,12,50,76),(2,1,884,12,50,78),(2,1,884,12,60,79),(2,1,884,13,10,64),(2,1,884,13,10,82),(2,1,884,13,10,83),(2,1,884,13,20,67),(2,1,884,13,20,84),(2,1,884,13,20,85),(2,1,884,13,30,71),(2,1,884,13,30,86),(2,1,884,13,30,87),(2,1,884,13,40,74),(2,1,884,13,40,88),(2,1,884,13,40,89),(2,1,884,13,50,77),(2,1,884,13,60,80),(2,1,884,13,60,81),(2,1,885,12,10,65),(2,1,885,12,10,66),(2,1,885,12,20,68),(2,1,885,12,20,69),(2,1,885,12,30,70),(2,1,885,12,30,72),(2,1,885,12,40,73),(2,1,885,12,40,75),(2,1,885,12,50,76),(2,1,885,12,50,78),(2,1,885,12,60,79),(2,1,885,13,10,64),(2,1,885,13,10,82),(2,1,885,13,10,83),(2,1,885,13,20,67),(2,1,885,13,20,84),(2,1,885,13,20,85),(2,1,885,13,30,71),(2,1,885,13,30,86),(2,1,885,13,30,87),(2,1,885,13,40,74),(2,1,885,13,40,88),(2,1,885,13,40,89),(2,1,885,13,50,77),(2,1,885,13,60,80),(2,1,885,13,60,81),(2,1,886,12,10,65),(2,1,886,12,10,66),(2,1,886,12,20,68),(2,1,886,12,20,69),(2,1,886,12,30,70),(2,1,886,12,30,72),(2,1,886,12,40,73),(2,1,886,12,40,75),(2,1,886,12,50,76),(2,1,886,12,50,78),(2,1,886,12,60,79),(2,1,886,13,10,64),(2,1,886,13,10,82),(2,1,886,13,10,83),(2,1,886,13,20,67),(2,1,886,13,20,84),(2,1,886,13,20,85),(2,1,886,13,30,71),(2,1,886,13,30,86),(2,1,886,13,30,87),(2,1,886,13,40,74),(2,1,886,13,40,88),(2,1,886,13,40,89),(2,1,886,13,50,77),(2,1,886,13,60,80),(2,1,886,13,60,81),(2,1,887,12,10,65),(2,1,887,12,10,66),(2,1,887,12,20,68),(2,1,887,12,20,69),(2,1,887,12,30,70),(2,1,887,12,30,72),(2,1,887,12,40,73),(2,1,887,12,40,75),(2,1,887,12,50,76),(2,1,887,12,50,78),(2,1,887,12,60,79),(2,1,887,13,10,64),(2,1,887,13,10,82),(2,1,887,13,10,83),(2,1,887,13,20,67),(2,1,887,13,20,84),(2,1,887,13,20,85),(2,1,887,13,30,71),(2,1,887,13,30,86),(2,1,887,13,30,87),(2,1,887,13,40,74),(2,1,887,13,40,88),(2,1,887,13,40,89),(2,1,887,13,50,77),(2,1,887,13,60,80),(2,1,887,13,60,81),(2,1,888,12,10,65),(2,1,888,12,10,66),(2,1,888,12,20,68),(2,1,888,12,20,69),(2,1,888,12,30,70),(2,1,888,12,30,72),(2,1,888,12,40,73),(2,1,888,12,40,75),(2,1,888,12,50,76),(2,1,888,12,50,78),(2,1,888,12,60,79),(2,1,888,13,10,64),(2,1,888,13,10,82),(2,1,888,13,10,83),(2,1,888,13,20,67),(2,1,888,13,20,84),(2,1,888,13,20,85),(2,1,888,13,30,71),(2,1,888,13,30,86),(2,1,888,13,30,87),(2,1,888,13,40,74),(2,1,888,13,40,88),(2,1,888,13,40,89),(2,1,888,13,50,77),(2,1,888,13,60,80),(2,1,888,13,60,81),(2,1,889,12,10,65),(2,1,889,12,10,66),(2,1,889,12,20,68),(2,1,889,12,20,69),(2,1,889,12,30,70),(2,1,889,12,30,72),(2,1,889,12,40,73),(2,1,889,12,40,75),(2,1,889,12,50,76),(2,1,889,12,50,78),(2,1,889,12,60,79),(2,1,889,13,10,64),(2,1,889,13,10,82),(2,1,889,13,10,83),(2,1,889,13,20,67),(2,1,889,13,20,84),(2,1,889,13,20,85),(2,1,889,13,30,71),(2,1,889,13,30,86),(2,1,889,13,30,87),(2,1,889,13,40,74),(2,1,889,13,40,88),(2,1,889,13,40,89),(2,1,889,13,50,77),(2,1,889,13,60,80),(2,1,889,13,60,81),(2,1,890,12,10,65),(2,1,890,12,10,66),(2,1,890,12,20,68),(2,1,890,12,20,69),(2,1,890,12,30,70),(2,1,890,12,30,72),(2,1,890,12,40,73),(2,1,890,12,40,75),(2,1,890,12,50,76),(2,1,890,12,50,78),(2,1,890,12,60,79),(2,1,890,13,10,64),(2,1,890,13,10,82),(2,1,890,13,10,83),(2,1,890,13,20,67),(2,1,890,13,20,84),(2,1,890,13,20,85),(2,1,890,13,30,71),(2,1,890,13,30,86),(2,1,890,13,30,87),(2,1,890,13,40,74),(2,1,890,13,40,88),(2,1,890,13,40,89),(2,1,890,13,50,77),(2,1,890,13,60,80),(2,1,890,13,60,81),(2,1,891,12,10,65),(2,1,891,12,10,66),(2,1,891,12,20,68),(2,1,891,12,20,69),(2,1,891,12,30,70),(2,1,891,12,30,72),(2,1,891,12,40,73),(2,1,891,12,40,75),(2,1,891,12,50,76),(2,1,891,12,50,78),(2,1,891,12,60,79),(2,1,891,13,10,64),(2,1,891,13,10,82),(2,1,891,13,10,83),(2,1,891,13,20,67),(2,1,891,13,20,84),(2,1,891,13,20,85),(2,1,891,13,30,71),(2,1,891,13,30,86),(2,1,891,13,30,87),(2,1,891,13,40,74),(2,1,891,13,40,88),(2,1,891,13,40,89),(2,1,891,13,50,77),(2,1,891,13,60,80),(2,1,891,13,60,81),(2,1,892,12,10,65),(2,1,892,12,10,66),(2,1,892,12,20,68),(2,1,892,12,20,69),(2,1,892,12,30,70),(2,1,892,12,30,72),(2,1,892,12,40,73),(2,1,892,12,40,75),(2,1,892,12,50,76),(2,1,892,12,50,78),(2,1,892,12,60,79),(2,1,892,13,10,64),(2,1,892,13,10,82),(2,1,892,13,10,83),(2,1,892,13,20,67),(2,1,892,13,20,84),(2,1,892,13,20,85),(2,1,892,13,30,71),(2,1,892,13,30,86),(2,1,892,13,30,87),(2,1,892,13,40,74),(2,1,892,13,40,88),(2,1,892,13,40,89),(2,1,892,13,50,77),(2,1,892,13,60,80),(2,1,892,13,60,81),(2,1,893,12,10,65),(2,1,893,12,10,66),(2,1,893,12,20,68),(2,1,893,12,20,69),(2,1,893,12,30,70),(2,1,893,12,30,72),(2,1,893,12,40,73),(2,1,893,12,40,75),(2,1,893,12,50,76),(2,1,893,12,50,78),(2,1,893,12,60,79),(2,1,893,13,10,64),(2,1,893,13,10,82),(2,1,893,13,10,83),(2,1,893,13,20,67),(2,1,893,13,20,84),(2,1,893,13,20,85),(2,1,893,13,30,71),(2,1,893,13,30,86),(2,1,893,13,30,87),(2,1,893,13,40,74),(2,1,893,13,40,88),(2,1,893,13,40,89),(2,1,893,13,50,77),(2,1,893,13,60,80),(2,1,893,13,60,81),(2,1,894,12,10,65),(2,1,894,12,10,66),(2,1,894,12,20,68),(2,1,894,12,20,69),(2,1,894,12,30,70),(2,1,894,12,30,72),(2,1,894,12,40,73),(2,1,894,12,40,75),(2,1,894,12,50,76),(2,1,894,12,50,78),(2,1,894,12,60,79),(2,1,894,13,10,64),(2,1,894,13,10,82),(2,1,894,13,10,83),(2,1,894,13,20,67),(2,1,894,13,20,84),(2,1,894,13,20,85),(2,1,894,13,30,71),(2,1,894,13,30,86),(2,1,894,13,30,87),(2,1,894,13,40,74),(2,1,894,13,40,88),(2,1,894,13,40,89),(2,1,894,13,50,77),(2,1,894,13,60,80),(2,1,894,13,60,81),(2,1,895,12,10,65),(2,1,895,12,10,66),(2,1,895,12,20,68),(2,1,895,12,20,69),(2,1,895,12,30,70),(2,1,895,12,30,72),(2,1,895,12,40,73),(2,1,895,12,40,75),(2,1,895,12,50,76),(2,1,895,12,50,78),(2,1,895,12,60,79),(2,1,895,13,10,64),(2,1,895,13,10,82),(2,1,895,13,10,83),(2,1,895,13,20,67),(2,1,895,13,20,84),(2,1,895,13,20,85),(2,1,895,13,30,71),(2,1,895,13,30,86),(2,1,895,13,30,87),(2,1,895,13,40,74),(2,1,895,13,40,88),(2,1,895,13,40,89),(2,1,895,13,50,77),(2,1,895,13,60,80),(2,1,895,13,60,81),(2,1,896,12,10,65),(2,1,896,12,10,66),(2,1,896,12,20,68),(2,1,896,12,20,69),(2,1,896,12,30,70),(2,1,896,12,30,72),(2,1,896,12,40,73),(2,1,896,12,40,75),(2,1,896,12,50,76),(2,1,896,12,50,78),(2,1,896,12,60,79),(2,1,896,13,10,64),(2,1,896,13,10,82),(2,1,896,13,10,83),(2,1,896,13,20,67),(2,1,896,13,20,84),(2,1,896,13,20,85),(2,1,896,13,30,71),(2,1,896,13,30,86),(2,1,896,13,30,87),(2,1,896,13,40,74),(2,1,896,13,40,88),(2,1,896,13,40,89),(2,1,896,13,50,77),(2,1,896,13,60,80),(2,1,896,13,60,81),(2,1,897,12,10,65),(2,1,897,12,10,66),(2,1,897,12,20,68),(2,1,897,12,20,69),(2,1,897,12,30,70),(2,1,897,12,30,72),(2,1,897,12,40,73),(2,1,897,12,40,75),(2,1,897,12,50,76),(2,1,897,12,50,78),(2,1,897,12,60,79),(2,1,897,13,10,64),(2,1,897,13,10,82),(2,1,897,13,10,83),(2,1,897,13,20,67),(2,1,897,13,20,84),(2,1,897,13,20,85),(2,1,897,13,30,71),(2,1,897,13,30,86),(2,1,897,13,30,87),(2,1,897,13,40,74),(2,1,897,13,40,88),(2,1,897,13,40,89),(2,1,897,13,50,77),(2,1,897,13,60,80),(2,1,897,13,60,81),(2,1,898,12,10,65),(2,1,898,12,10,66),(2,1,898,12,20,68),(2,1,898,12,20,69),(2,1,898,12,30,70),(2,1,898,12,30,72),(2,1,898,12,40,73),(2,1,898,12,40,75),(2,1,898,12,50,76),(2,1,898,12,50,78),(2,1,898,12,60,79),(2,1,898,13,10,64),(2,1,898,13,10,82),(2,1,898,13,10,83),(2,1,898,13,20,67),(2,1,898,13,20,84),(2,1,898,13,20,85),(2,1,898,13,30,71),(2,1,898,13,30,86),(2,1,898,13,30,87),(2,1,898,13,40,74),(2,1,898,13,40,88),(2,1,898,13,40,89),(2,1,898,13,50,77),(2,1,898,13,60,80),(2,1,898,13,60,81),(2,1,899,12,10,65),(2,1,899,12,10,66),(2,1,899,12,20,68),(2,1,899,12,20,69),(2,1,899,12,30,70),(2,1,899,12,30,72),(2,1,899,12,40,73),(2,1,899,12,40,75),(2,1,899,12,50,76),(2,1,899,12,50,78),(2,1,899,12,60,79),(2,1,899,13,10,64),(2,1,899,13,10,82),(2,1,899,13,10,83),(2,1,899,13,20,67),(2,1,899,13,20,84),(2,1,899,13,20,85),(2,1,899,13,30,71),(2,1,899,13,30,86),(2,1,899,13,30,87),(2,1,899,13,40,74),(2,1,899,13,40,88),(2,1,899,13,40,89),(2,1,899,13,50,77),(2,1,899,13,60,80),(2,1,899,13,60,81),(2,1,900,12,10,65),(2,1,900,12,10,66),(2,1,900,12,20,68),(2,1,900,12,20,69),(2,1,900,12,30,70),(2,1,900,12,30,72),(2,1,900,12,40,73),(2,1,900,12,40,75),(2,1,900,12,50,76),(2,1,900,12,50,78),(2,1,900,12,60,79),(2,1,900,13,10,64),(2,1,900,13,10,82),(2,1,900,13,10,83),(2,1,900,13,20,67),(2,1,900,13,20,84),(2,1,900,13,20,85),(2,1,900,13,30,71),(2,1,900,13,30,86),(2,1,900,13,30,87),(2,1,900,13,40,74),(2,1,900,13,40,88),(2,1,900,13,40,89),(2,1,900,13,50,77),(2,1,900,13,60,80),(2,1,900,13,60,81),(2,1,901,12,10,65),(2,1,901,12,10,66),(2,1,901,12,20,68),(2,1,901,12,20,69),(2,1,901,12,30,70),(2,1,901,12,30,72),(2,1,901,12,40,73),(2,1,901,12,40,75),(2,1,901,12,50,76),(2,1,901,12,50,78),(2,1,901,12,60,79),(2,1,901,13,10,64),(2,1,901,13,10,82),(2,1,901,13,10,83),(2,1,901,13,20,67),(2,1,901,13,20,84),(2,1,901,13,20,85),(2,1,901,13,30,71),(2,1,901,13,30,86),(2,1,901,13,30,87),(2,1,901,13,40,74),(2,1,901,13,40,88),(2,1,901,13,40,89),(2,1,901,13,50,77),(2,1,901,13,60,80),(2,1,901,13,60,81),(2,1,902,12,10,65),(2,1,902,12,10,66),(2,1,902,12,20,68),(2,1,902,12,20,69),(2,1,902,12,30,70),(2,1,902,12,30,72),(2,1,902,12,40,73),(2,1,902,12,40,75),(2,1,902,12,50,76),(2,1,902,12,50,78),(2,1,902,12,60,79),(2,1,902,13,10,64),(2,1,902,13,10,82),(2,1,902,13,10,83),(2,1,902,13,20,67),(2,1,902,13,20,84),(2,1,902,13,20,85),(2,1,902,13,30,71),(2,1,902,13,30,86),(2,1,902,13,30,87),(2,1,902,13,40,74),(2,1,902,13,40,88),(2,1,902,13,40,89),(2,1,902,13,50,77),(2,1,902,13,60,80),(2,1,902,13,60,81),(2,1,903,12,10,65),(2,1,903,12,10,66),(2,1,903,12,20,68),(2,1,903,12,20,69),(2,1,903,12,30,70),(2,1,903,12,30,72),(2,1,903,12,40,73),(2,1,903,12,40,75),(2,1,903,12,50,76),(2,1,903,12,50,78),(2,1,903,12,60,79),(2,1,903,13,10,64),(2,1,903,13,10,82),(2,1,903,13,10,83),(2,1,903,13,20,67),(2,1,903,13,20,84),(2,1,903,13,20,85),(2,1,903,13,30,71),(2,1,903,13,30,86),(2,1,903,13,30,87),(2,1,903,13,40,74),(2,1,903,13,40,88),(2,1,903,13,40,89),(2,1,903,13,50,77),(2,1,903,13,60,80),(2,1,903,13,60,81),(2,1,904,12,10,65),(2,1,904,12,10,66),(2,1,904,12,20,68),(2,1,904,12,20,69),(2,1,904,12,30,70),(2,1,904,12,30,72),(2,1,904,12,40,73),(2,1,904,12,40,75),(2,1,904,12,50,76),(2,1,904,12,50,78),(2,1,904,12,60,79),(2,1,904,13,10,64),(2,1,904,13,10,82),(2,1,904,13,10,83),(2,1,904,13,20,67),(2,1,904,13,20,84),(2,1,904,13,20,85),(2,1,904,13,30,71),(2,1,904,13,30,86),(2,1,904,13,30,87),(2,1,904,13,40,74),(2,1,904,13,40,88),(2,1,904,13,40,89),(2,1,904,13,50,77),(2,1,904,13,60,80),(2,1,904,13,60,81),(2,1,905,12,10,65),(2,1,905,12,10,66),(2,1,905,12,20,68),(2,1,905,12,20,69),(2,1,905,12,30,70),(2,1,905,12,30,72),(2,1,905,12,40,73),(2,1,905,12,40,75),(2,1,905,12,50,76),(2,1,905,12,50,78),(2,1,905,12,60,79),(2,1,905,13,10,64),(2,1,905,13,10,82),(2,1,905,13,10,83),(2,1,905,13,20,67),(2,1,905,13,20,84),(2,1,905,13,20,85),(2,1,905,13,30,71),(2,1,905,13,30,86),(2,1,905,13,30,87),(2,1,905,13,40,74),(2,1,905,13,40,88),(2,1,905,13,40,89),(2,1,905,13,50,77),(2,1,905,13,60,80),(2,1,905,13,60,81),(2,1,906,12,10,65),(2,1,906,12,10,66),(2,1,906,12,20,68),(2,1,906,12,20,69),(2,1,906,12,30,70),(2,1,906,12,30,72),(2,1,906,12,40,73),(2,1,906,12,40,75),(2,1,906,12,50,76),(2,1,906,12,50,78),(2,1,906,12,60,79),(2,1,906,13,10,64),(2,1,906,13,10,82),(2,1,906,13,10,83),(2,1,906,13,20,67),(2,1,906,13,20,84),(2,1,906,13,20,85),(2,1,906,13,30,71),(2,1,906,13,30,86),(2,1,906,13,30,87),(2,1,906,13,40,74),(2,1,906,13,40,88),(2,1,906,13,40,89),(2,1,906,13,50,77),(2,1,906,13,60,80),(2,1,906,13,60,81),(2,1,907,12,10,65),(2,1,907,12,10,66),(2,1,907,12,20,68),(2,1,907,12,20,69),(2,1,907,12,30,70),(2,1,907,12,30,72),(2,1,907,12,40,73),(2,1,907,12,40,75),(2,1,907,12,50,76),(2,1,907,12,50,78),(2,1,907,12,60,79),(2,1,907,13,10,64),(2,1,907,13,10,82),(2,1,907,13,10,83),(2,1,907,13,20,67),(2,1,907,13,20,84),(2,1,907,13,20,85),(2,1,907,13,30,71),(2,1,907,13,30,86),(2,1,907,13,30,87),(2,1,907,13,40,74),(2,1,907,13,40,88),(2,1,907,13,40,89),(2,1,907,13,50,77),(2,1,907,13,60,80),(2,1,907,13,60,81),(2,1,908,12,10,65),(2,1,908,12,10,66),(2,1,908,12,20,68),(2,1,908,12,20,69),(2,1,908,12,30,70),(2,1,908,12,30,72),(2,1,908,12,40,73),(2,1,908,12,40,75),(2,1,908,12,50,76),(2,1,908,12,50,78),(2,1,908,12,60,79),(2,1,908,13,10,64),(2,1,908,13,10,82),(2,1,908,13,10,83),(2,1,908,13,20,67),(2,1,908,13,20,84),(2,1,908,13,20,85),(2,1,908,13,30,71),(2,1,908,13,30,86),(2,1,908,13,30,87),(2,1,908,13,40,74),(2,1,908,13,40,88),(2,1,908,13,40,89),(2,1,908,13,50,77),(2,1,908,13,60,80),(2,1,908,13,60,81),(2,1,909,12,10,65),(2,1,909,12,10,66),(2,1,909,12,20,68),(2,1,909,12,20,69),(2,1,909,12,30,70),(2,1,909,12,30,72),(2,1,909,12,40,73),(2,1,909,12,40,75),(2,1,909,12,50,76),(2,1,909,12,50,78),(2,1,909,12,60,79),(2,1,909,13,10,64),(2,1,909,13,10,82),(2,1,909,13,10,83),(2,1,909,13,20,67),(2,1,909,13,20,84),(2,1,909,13,20,85),(2,1,909,13,30,71),(2,1,909,13,30,86),(2,1,909,13,30,87),(2,1,909,13,40,74),(2,1,909,13,40,88),(2,1,909,13,40,89),(2,1,909,13,50,77),(2,1,909,13,60,80),(2,1,909,13,60,81),(2,1,910,12,10,65),(2,1,910,12,10,66),(2,1,910,12,20,68),(2,1,910,12,20,69),(2,1,910,12,30,70),(2,1,910,12,30,72),(2,1,910,12,40,73),(2,1,910,12,40,75),(2,1,910,12,50,76),(2,1,910,12,50,78),(2,1,910,12,60,79),(2,1,910,13,10,64),(2,1,910,13,10,82),(2,1,910,13,10,83),(2,1,910,13,20,67),(2,1,910,13,20,84),(2,1,910,13,20,85),(2,1,910,13,30,71),(2,1,910,13,30,86),(2,1,910,13,30,87),(2,1,910,13,40,74),(2,1,910,13,40,88),(2,1,910,13,40,89),(2,1,910,13,50,77),(2,1,910,13,60,80),(2,1,910,13,60,81),(2,1,911,12,10,65),(2,1,911,12,10,66),(2,1,911,12,20,68),(2,1,911,12,20,69),(2,1,911,12,30,70),(2,1,911,12,30,72),(2,1,911,12,40,73),(2,1,911,12,40,75),(2,1,911,12,50,76),(2,1,911,12,50,78),(2,1,911,12,60,79),(2,1,911,13,10,64),(2,1,911,13,10,82),(2,1,911,13,10,83),(2,1,911,13,20,67),(2,1,911,13,20,84),(2,1,911,13,20,85),(2,1,911,13,30,71),(2,1,911,13,30,86),(2,1,911,13,30,87),(2,1,911,13,40,74),(2,1,911,13,40,88),(2,1,911,13,40,89),(2,1,911,13,50,77),(2,1,911,13,60,80),(2,1,911,13,60,81),(2,1,912,12,10,65),(2,1,912,12,10,66),(2,1,912,12,20,68),(2,1,912,12,20,69),(2,1,912,12,30,70),(2,1,912,12,30,72),(2,1,912,12,40,73),(2,1,912,12,40,75),(2,1,912,12,50,76),(2,1,912,12,50,78),(2,1,912,12,60,79),(2,1,912,13,10,64),(2,1,912,13,10,82),(2,1,912,13,10,83),(2,1,912,13,20,67),(2,1,912,13,20,84),(2,1,912,13,20,85),(2,1,912,13,30,71),(2,1,912,13,30,86),(2,1,912,13,30,87),(2,1,912,13,40,74),(2,1,912,13,40,88),(2,1,912,13,40,89),(2,1,912,13,50,77),(2,1,912,13,60,80),(2,1,912,13,60,81),(2,1,913,12,10,65),(2,1,913,12,10,66),(2,1,913,12,20,68),(2,1,913,12,20,69),(2,1,913,12,30,70),(2,1,913,12,30,72),(2,1,913,12,40,73),(2,1,913,12,40,75),(2,1,913,12,50,76),(2,1,913,12,50,78),(2,1,913,12,60,79),(2,1,913,13,10,64),(2,1,913,13,10,82),(2,1,913,13,10,83),(2,1,913,13,20,67),(2,1,913,13,20,84),(2,1,913,13,20,85),(2,1,913,13,30,71),(2,1,913,13,30,86),(2,1,913,13,30,87),(2,1,913,13,40,74),(2,1,913,13,40,88),(2,1,913,13,40,89),(2,1,913,13,50,77),(2,1,913,13,60,80),(2,1,913,13,60,81),(2,1,914,12,10,65),(2,1,914,12,10,66),(2,1,914,12,20,68),(2,1,914,12,20,69),(2,1,914,12,30,70),(2,1,914,12,30,72),(2,1,914,12,40,73),(2,1,914,12,40,75),(2,1,914,12,50,76),(2,1,914,12,50,78),(2,1,914,12,60,79),(2,1,914,13,10,64),(2,1,914,13,10,82),(2,1,914,13,10,83),(2,1,914,13,20,67),(2,1,914,13,20,84),(2,1,914,13,20,85),(2,1,914,13,30,71),(2,1,914,13,30,86),(2,1,914,13,30,87),(2,1,914,13,40,74),(2,1,914,13,40,88),(2,1,914,13,40,89),(2,1,914,13,50,77),(2,1,914,13,60,80),(2,1,914,13,60,81),(2,1,915,12,10,65),(2,1,915,12,10,66),(2,1,915,12,20,68),(2,1,915,12,20,69),(2,1,915,12,30,70),(2,1,915,12,30,72),(2,1,915,12,40,73),(2,1,915,12,40,75),(2,1,915,12,50,76),(2,1,915,12,50,78),(2,1,915,12,60,79),(2,1,915,13,10,64),(2,1,915,13,10,82),(2,1,915,13,10,83),(2,1,915,13,20,67),(2,1,915,13,20,84),(2,1,915,13,20,85),(2,1,915,13,30,71),(2,1,915,13,30,86),(2,1,915,13,30,87),(2,1,915,13,40,74),(2,1,915,13,40,88),(2,1,915,13,40,89),(2,1,915,13,50,77),(2,1,915,13,60,80),(2,1,915,13,60,81),(2,1,916,12,10,65),(2,1,916,12,10,66),(2,1,916,12,20,68),(2,1,916,12,20,69),(2,1,916,12,30,70),(2,1,916,12,30,72),(2,1,916,12,40,73),(2,1,916,12,40,75),(2,1,916,12,50,76),(2,1,916,12,50,78),(2,1,916,12,60,79),(2,1,916,13,10,64),(2,1,916,13,10,82),(2,1,916,13,10,83),(2,1,916,13,20,67),(2,1,916,13,20,84),(2,1,916,13,20,85),(2,1,916,13,30,71),(2,1,916,13,30,86),(2,1,916,13,30,87),(2,1,916,13,40,74),(2,1,916,13,40,88),(2,1,916,13,40,89),(2,1,916,13,50,77),(2,1,916,13,60,80),(2,1,916,13,60,81),(2,1,917,12,10,65),(2,1,917,12,10,66),(2,1,917,12,20,68),(2,1,917,12,20,69),(2,1,917,12,30,70),(2,1,917,12,30,72),(2,1,917,12,40,73),(2,1,917,12,40,75),(2,1,917,12,50,76),(2,1,917,12,50,78),(2,1,917,12,60,79),(2,1,917,13,10,64),(2,1,917,13,10,82),(2,1,917,13,10,83),(2,1,917,13,20,67),(2,1,917,13,20,84),(2,1,917,13,20,85),(2,1,917,13,30,71),(2,1,917,13,30,86),(2,1,917,13,30,87),(2,1,917,13,40,74),(2,1,917,13,40,88),(2,1,917,13,40,89),(2,1,917,13,50,77),(2,1,917,13,60,80),(2,1,917,13,60,81),(2,1,918,12,10,65),(2,1,918,12,10,66),(2,1,918,12,20,68),(2,1,918,12,20,69),(2,1,918,12,30,70),(2,1,918,12,30,72),(2,1,918,12,40,73),(2,1,918,12,40,75),(2,1,918,12,50,76),(2,1,918,12,50,78),(2,1,918,12,60,79),(2,1,918,13,10,64),(2,1,918,13,10,82),(2,1,918,13,10,83),(2,1,918,13,20,67),(2,1,918,13,20,84),(2,1,918,13,20,85),(2,1,918,13,30,71),(2,1,918,13,30,86),(2,1,918,13,30,87),(2,1,918,13,40,74),(2,1,918,13,40,88),(2,1,918,13,40,89),(2,1,918,13,50,77),(2,1,918,13,60,80),(2,1,918,13,60,81),(2,1,919,12,10,65),(2,1,919,12,10,66),(2,1,919,12,20,68),(2,1,919,12,20,69),(2,1,919,12,30,70),(2,1,919,12,30,72),(2,1,919,12,40,73),(2,1,919,12,40,75),(2,1,919,12,50,76),(2,1,919,12,50,78),(2,1,919,12,60,79),(2,1,919,13,10,64),(2,1,919,13,10,82),(2,1,919,13,10,83),(2,1,919,13,20,67),(2,1,919,13,20,84),(2,1,919,13,20,85),(2,1,919,13,30,71),(2,1,919,13,30,86),(2,1,919,13,30,87),(2,1,919,13,40,74),(2,1,919,13,40,88),(2,1,919,13,40,89),(2,1,919,13,50,77),(2,1,919,13,60,80),(2,1,919,13,60,81),(2,1,920,12,10,65),(2,1,920,12,10,66),(2,1,920,12,20,68),(2,1,920,12,20,69),(2,1,920,12,30,70),(2,1,920,12,30,72),(2,1,920,12,40,73),(2,1,920,12,40,75),(2,1,920,12,50,76),(2,1,920,12,50,78),(2,1,920,12,60,79),(2,1,920,13,10,64),(2,1,920,13,10,82),(2,1,920,13,10,83),(2,1,920,13,20,67),(2,1,920,13,20,84),(2,1,920,13,20,85),(2,1,920,13,30,71),(2,1,920,13,30,86),(2,1,920,13,30,87),(2,1,920,13,40,74),(2,1,920,13,40,88),(2,1,920,13,40,89),(2,1,920,13,50,77),(2,1,920,13,60,80),(2,1,920,13,60,81),(2,1,921,12,10,65),(2,1,921,12,10,66),(2,1,921,12,20,68),(2,1,921,12,20,69),(2,1,921,12,30,70),(2,1,921,12,30,72),(2,1,921,12,40,73),(2,1,921,12,40,75),(2,1,921,12,50,76),(2,1,921,12,50,78),(2,1,921,12,60,79),(2,1,921,13,10,64),(2,1,921,13,10,82),(2,1,921,13,10,83),(2,1,921,13,20,67),(2,1,921,13,20,84),(2,1,921,13,20,85),(2,1,921,13,30,71),(2,1,921,13,30,86),(2,1,921,13,30,87),(2,1,921,13,40,74),(2,1,921,13,40,88),(2,1,921,13,40,89),(2,1,921,13,50,77),(2,1,921,13,60,80),(2,1,921,13,60,81),(2,1,922,12,10,65),(2,1,922,12,10,66),(2,1,922,12,20,68),(2,1,922,12,20,69),(2,1,922,12,30,70),(2,1,922,12,30,72),(2,1,922,12,40,73),(2,1,922,12,40,75),(2,1,922,12,50,76),(2,1,922,12,50,78),(2,1,922,12,60,79),(2,1,922,13,10,64),(2,1,922,13,10,82),(2,1,922,13,10,83),(2,1,922,13,20,67),(2,1,922,13,20,84),(2,1,922,13,20,85),(2,1,922,13,30,71),(2,1,922,13,30,86),(2,1,922,13,30,87),(2,1,922,13,40,74),(2,1,922,13,40,88),(2,1,922,13,40,89),(2,1,922,13,50,77),(2,1,922,13,60,80),(2,1,922,13,60,81),(2,1,923,12,10,65),(2,1,923,12,10,66),(2,1,923,12,20,68),(2,1,923,12,20,69),(2,1,923,12,30,70),(2,1,923,12,30,72),(2,1,923,12,40,73),(2,1,923,12,40,75),(2,1,923,12,50,76),(2,1,923,12,50,78),(2,1,923,12,60,79),(2,1,923,13,10,64),(2,1,923,13,10,82),(2,1,923,13,10,83),(2,1,923,13,20,67),(2,1,923,13,20,84),(2,1,923,13,20,85),(2,1,923,13,30,71),(2,1,923,13,30,86),(2,1,923,13,30,87),(2,1,923,13,40,74),(2,1,923,13,40,88),(2,1,923,13,40,89),(2,1,923,13,50,77),(2,1,923,13,60,80),(2,1,923,13,60,81),(2,1,924,12,10,65),(2,1,924,12,10,66),(2,1,924,12,20,68),(2,1,924,12,20,69),(2,1,924,12,30,70),(2,1,924,12,30,72),(2,1,924,12,40,73),(2,1,924,12,40,75),(2,1,924,12,50,76),(2,1,924,12,50,78),(2,1,924,12,60,79),(2,1,924,13,10,64),(2,1,924,13,10,82),(2,1,924,13,10,83),(2,1,924,13,20,67),(2,1,924,13,20,84),(2,1,924,13,20,85),(2,1,924,13,30,71),(2,1,924,13,30,86),(2,1,924,13,30,87),(2,1,924,13,40,74),(2,1,924,13,40,88),(2,1,924,13,40,89),(2,1,924,13,50,77),(2,1,924,13,60,80),(2,1,924,13,60,81),(2,1,925,12,10,65),(2,1,925,12,10,66),(2,1,925,12,20,68),(2,1,925,12,20,69),(2,1,925,12,30,70),(2,1,925,12,30,72),(2,1,925,12,40,73),(2,1,925,12,40,75),(2,1,925,12,50,76),(2,1,925,12,50,78),(2,1,925,12,60,79),(2,1,925,13,10,64),(2,1,925,13,10,82),(2,1,925,13,10,83),(2,1,925,13,20,67),(2,1,925,13,20,84),(2,1,925,13,20,85),(2,1,925,13,30,71),(2,1,925,13,30,86),(2,1,925,13,30,87),(2,1,925,13,40,74),(2,1,925,13,40,88),(2,1,925,13,40,89),(2,1,925,13,50,77),(2,1,925,13,60,80),(2,1,925,13,60,81),(2,1,926,12,10,65),(2,1,926,12,10,66),(2,1,926,12,20,68),(2,1,926,12,20,69),(2,1,926,12,30,70),(2,1,926,12,30,72),(2,1,926,12,40,73),(2,1,926,12,40,75),(2,1,926,12,50,76),(2,1,926,12,50,78),(2,1,926,12,60,79),(2,1,926,13,10,64),(2,1,926,13,10,82),(2,1,926,13,10,83),(2,1,926,13,20,67),(2,1,926,13,20,84),(2,1,926,13,20,85),(2,1,926,13,30,71),(2,1,926,13,30,86),(2,1,926,13,30,87),(2,1,926,13,40,74),(2,1,926,13,40,88),(2,1,926,13,40,89),(2,1,926,13,50,77),(2,1,926,13,60,80),(2,1,926,13,60,81),(2,1,927,12,10,65),(2,1,927,12,10,66),(2,1,927,12,20,68),(2,1,927,12,20,69),(2,1,927,12,30,70),(2,1,927,12,30,72),(2,1,927,12,40,73),(2,1,927,12,40,75),(2,1,927,12,50,76),(2,1,927,12,50,78),(2,1,927,12,60,79),(2,1,927,13,10,64),(2,1,927,13,10,82),(2,1,927,13,10,83),(2,1,927,13,20,67),(2,1,927,13,20,84),(2,1,927,13,20,85),(2,1,927,13,30,71),(2,1,927,13,30,86),(2,1,927,13,30,87),(2,1,927,13,40,74),(2,1,927,13,40,88),(2,1,927,13,40,89),(2,1,927,13,50,77),(2,1,927,13,60,80),(2,1,927,13,60,81),(2,1,928,12,10,65),(2,1,928,12,10,66),(2,1,928,12,20,68),(2,1,928,12,20,69),(2,1,928,12,30,70),(2,1,928,12,30,72),(2,1,928,12,40,73),(2,1,928,12,40,75),(2,1,928,12,50,76),(2,1,928,12,50,78),(2,1,928,12,60,79),(2,1,928,13,10,64),(2,1,928,13,10,82),(2,1,928,13,10,83),(2,1,928,13,20,67),(2,1,928,13,20,84),(2,1,928,13,20,85),(2,1,928,13,30,71),(2,1,928,13,30,86),(2,1,928,13,30,87),(2,1,928,13,40,74),(2,1,928,13,40,88),(2,1,928,13,40,89),(2,1,928,13,50,77),(2,1,928,13,60,80),(2,1,928,13,60,81),(2,1,929,12,10,65),(2,1,929,12,10,66),(2,1,929,12,20,68),(2,1,929,12,20,69),(2,1,929,12,30,70),(2,1,929,12,30,72),(2,1,929,12,40,73),(2,1,929,12,40,75),(2,1,929,12,50,76),(2,1,929,12,50,78),(2,1,929,12,60,79),(2,1,929,13,10,64),(2,1,929,13,10,82),(2,1,929,13,10,83),(2,1,929,13,20,67),(2,1,929,13,20,84),(2,1,929,13,20,85),(2,1,929,13,30,71),(2,1,929,13,30,86),(2,1,929,13,30,87),(2,1,929,13,40,74),(2,1,929,13,40,88),(2,1,929,13,40,89),(2,1,929,13,50,77),(2,1,929,13,60,80),(2,1,929,13,60,81),(2,1,930,12,10,65),(2,1,930,12,10,66),(2,1,930,12,20,68),(2,1,930,12,20,69),(2,1,930,12,30,70),(2,1,930,12,30,72),(2,1,930,12,40,73),(2,1,930,12,40,75),(2,1,930,12,50,76),(2,1,930,12,50,78),(2,1,930,12,60,79),(2,1,930,13,10,64),(2,1,930,13,10,82),(2,1,930,13,10,83),(2,1,930,13,20,67),(2,1,930,13,20,84),(2,1,930,13,20,85),(2,1,930,13,30,71),(2,1,930,13,30,86),(2,1,930,13,30,87),(2,1,930,13,40,74),(2,1,930,13,40,88),(2,1,930,13,40,89),(2,1,930,13,50,77),(2,1,930,13,60,80),(2,1,930,13,60,81),(2,1,931,12,10,65),(2,1,931,12,10,66),(2,1,931,12,20,68),(2,1,931,12,20,69),(2,1,931,12,30,70),(2,1,931,12,30,72),(2,1,931,12,40,73),(2,1,931,12,40,75),(2,1,931,12,50,76),(2,1,931,12,50,78),(2,1,931,12,60,79),(2,1,931,13,10,64),(2,1,931,13,10,82),(2,1,931,13,10,83),(2,1,931,13,20,67),(2,1,931,13,20,84),(2,1,931,13,20,85),(2,1,931,13,30,71),(2,1,931,13,30,86),(2,1,931,13,30,87),(2,1,931,13,40,74),(2,1,931,13,40,88),(2,1,931,13,40,89),(2,1,931,13,50,77),(2,1,931,13,60,80),(2,1,931,13,60,81),(2,1,932,12,10,65),(2,1,932,12,10,66),(2,1,932,12,20,68),(2,1,932,12,20,69),(2,1,932,12,30,70),(2,1,932,12,30,72),(2,1,932,12,40,73),(2,1,932,12,40,75),(2,1,932,12,50,76),(2,1,932,12,50,78),(2,1,932,12,60,79),(2,1,932,13,10,64),(2,1,932,13,10,82),(2,1,932,13,10,83),(2,1,932,13,20,67),(2,1,932,13,20,84),(2,1,932,13,20,85),(2,1,932,13,30,71),(2,1,932,13,30,86),(2,1,932,13,30,87),(2,1,932,13,40,74),(2,1,932,13,40,88),(2,1,932,13,40,89),(2,1,932,13,50,77),(2,1,932,13,60,80),(2,1,932,13,60,81),(2,1,933,12,10,65),(2,1,933,12,10,66),(2,1,933,12,20,68),(2,1,933,12,20,69),(2,1,933,12,30,70),(2,1,933,12,30,72),(2,1,933,12,40,73),(2,1,933,12,40,75),(2,1,933,12,50,76),(2,1,933,12,50,78),(2,1,933,12,60,79),(2,1,933,13,10,64),(2,1,933,13,10,82),(2,1,933,13,10,83),(2,1,933,13,20,67),(2,1,933,13,20,84),(2,1,933,13,20,85),(2,1,933,13,30,71),(2,1,933,13,30,86),(2,1,933,13,30,87),(2,1,933,13,40,74),(2,1,933,13,40,88),(2,1,933,13,40,89),(2,1,933,13,50,77),(2,1,933,13,60,80),(2,1,933,13,60,81),(2,1,934,12,10,65),(2,1,934,12,10,66),(2,1,934,12,20,68),(2,1,934,12,20,69),(2,1,934,12,30,70),(2,1,934,12,30,72),(2,1,934,12,40,73),(2,1,934,12,40,75),(2,1,934,12,50,76),(2,1,934,12,50,78),(2,1,934,12,60,79),(2,1,934,13,10,64),(2,1,934,13,10,82),(2,1,934,13,10,83),(2,1,934,13,20,67),(2,1,934,13,20,84),(2,1,934,13,20,85),(2,1,934,13,30,71),(2,1,934,13,30,86),(2,1,934,13,30,87),(2,1,934,13,40,74),(2,1,934,13,40,88),(2,1,934,13,40,89),(2,1,934,13,50,77),(2,1,934,13,60,80),(2,1,934,13,60,81),(2,1,935,12,10,65),(2,1,935,12,10,66),(2,1,935,12,20,68),(2,1,935,12,20,69),(2,1,935,12,30,70),(2,1,935,12,30,72),(2,1,935,12,40,73),(2,1,935,12,40,75),(2,1,935,12,50,76),(2,1,935,12,50,78),(2,1,935,12,60,79),(2,1,935,13,10,64),(2,1,935,13,10,82),(2,1,935,13,10,83),(2,1,935,13,20,67),(2,1,935,13,20,84),(2,1,935,13,20,85),(2,1,935,13,30,71),(2,1,935,13,30,86),(2,1,935,13,30,87),(2,1,935,13,40,74),(2,1,935,13,40,88),(2,1,935,13,40,89),(2,1,935,13,50,77),(2,1,935,13,60,80),(2,1,935,13,60,81),(2,1,936,12,10,65),(2,1,936,12,10,66),(2,1,936,12,20,68),(2,1,936,12,20,69),(2,1,936,12,30,70),(2,1,936,12,30,72),(2,1,936,12,40,73),(2,1,936,12,40,75),(2,1,936,12,50,76),(2,1,936,12,50,78),(2,1,936,12,60,79),(2,1,936,13,10,64),(2,1,936,13,10,82),(2,1,936,13,10,83),(2,1,936,13,20,67),(2,1,936,13,20,84),(2,1,936,13,20,85),(2,1,936,13,30,71),(2,1,936,13,30,86),(2,1,936,13,30,87),(2,1,936,13,40,74),(2,1,936,13,40,88),(2,1,936,13,40,89),(2,1,936,13,50,77),(2,1,936,13,60,80),(2,1,936,13,60,81),(2,1,937,12,10,65),(2,1,937,12,10,66),(2,1,937,12,20,68),(2,1,937,12,20,69),(2,1,937,12,30,70),(2,1,937,12,30,72),(2,1,937,12,40,73),(2,1,937,12,40,75),(2,1,937,12,50,76),(2,1,937,12,50,78),(2,1,937,12,60,79),(2,1,937,13,10,64),(2,1,937,13,10,82),(2,1,937,13,10,83),(2,1,937,13,20,67),(2,1,937,13,20,84),(2,1,937,13,20,85),(2,1,937,13,30,71),(2,1,937,13,30,86),(2,1,937,13,30,87),(2,1,937,13,40,74),(2,1,937,13,40,88),(2,1,937,13,40,89),(2,1,937,13,50,77),(2,1,937,13,60,80),(2,1,937,13,60,81),(2,1,938,12,10,65),(2,1,938,12,10,66),(2,1,938,12,20,68),(2,1,938,12,20,69),(2,1,938,12,30,70),(2,1,938,12,30,72),(2,1,938,12,40,73),(2,1,938,12,40,75),(2,1,938,12,50,76),(2,1,938,12,50,78),(2,1,938,12,60,79),(2,1,938,13,10,64),(2,1,938,13,10,82),(2,1,938,13,10,83),(2,1,938,13,20,67),(2,1,938,13,20,84),(2,1,938,13,20,85),(2,1,938,13,30,71),(2,1,938,13,30,86),(2,1,938,13,30,87),(2,1,938,13,40,74),(2,1,938,13,40,88),(2,1,938,13,40,89),(2,1,938,13,50,77),(2,1,938,13,60,80),(2,1,938,13,60,81),(2,1,939,12,10,65),(2,1,939,12,10,66),(2,1,939,12,20,68),(2,1,939,12,20,69),(2,1,939,12,30,70),(2,1,939,12,30,72),(2,1,939,12,40,73),(2,1,939,12,40,75),(2,1,939,12,50,76),(2,1,939,12,50,78),(2,1,939,12,60,79),(2,1,939,13,10,64),(2,1,939,13,10,82),(2,1,939,13,10,83),(2,1,939,13,20,67),(2,1,939,13,20,84),(2,1,939,13,20,85),(2,1,939,13,30,71),(2,1,939,13,30,86),(2,1,939,13,30,87),(2,1,939,13,40,74),(2,1,939,13,40,88),(2,1,939,13,40,89),(2,1,939,13,50,77),(2,1,939,13,60,80),(2,1,939,13,60,81),(2,1,940,12,10,65),(2,1,940,12,10,66),(2,1,940,12,20,68),(2,1,940,12,20,69),(2,1,940,12,30,70),(2,1,940,12,30,72),(2,1,940,12,40,73),(2,1,940,12,40,75),(2,1,940,12,50,76),(2,1,940,12,50,78),(2,1,940,12,60,79),(2,1,940,13,10,64),(2,1,940,13,10,82),(2,1,940,13,10,83),(2,1,940,13,20,67),(2,1,940,13,20,84),(2,1,940,13,20,85),(2,1,940,13,30,71),(2,1,940,13,30,86),(2,1,940,13,30,87),(2,1,940,13,40,74),(2,1,940,13,40,88),(2,1,940,13,40,89),(2,1,940,13,50,77),(2,1,940,13,60,80),(2,1,940,13,60,81),(2,1,941,12,10,65),(2,1,941,12,10,66),(2,1,941,12,20,68),(2,1,941,12,20,69),(2,1,941,12,30,70),(2,1,941,12,30,72),(2,1,941,12,40,73),(2,1,941,12,40,75),(2,1,941,12,50,76),(2,1,941,12,50,78),(2,1,941,12,60,79),(2,1,941,13,10,64),(2,1,941,13,10,82),(2,1,941,13,10,83),(2,1,941,13,20,67),(2,1,941,13,20,84),(2,1,941,13,20,85),(2,1,941,13,30,71),(2,1,941,13,30,86),(2,1,941,13,30,87),(2,1,941,13,40,74),(2,1,941,13,40,88),(2,1,941,13,40,89),(2,1,941,13,50,77),(2,1,941,13,60,80),(2,1,941,13,60,81),(2,1,942,12,10,65),(2,1,942,12,10,66),(2,1,942,12,20,68),(2,1,942,12,20,69),(2,1,942,12,30,70),(2,1,942,12,30,72),(2,1,942,12,40,73),(2,1,942,12,40,75),(2,1,942,12,50,76),(2,1,942,12,50,78),(2,1,942,12,60,79),(2,1,942,13,10,64),(2,1,942,13,10,82),(2,1,942,13,10,83),(2,1,942,13,20,67),(2,1,942,13,20,84),(2,1,942,13,20,85),(2,1,942,13,30,71),(2,1,942,13,30,86),(2,1,942,13,30,87),(2,1,942,13,40,74),(2,1,942,13,40,88),(2,1,942,13,40,89),(2,1,942,13,50,77),(2,1,942,13,60,80),(2,1,942,13,60,81),(2,1,943,12,10,65),(2,1,943,12,10,66),(2,1,943,12,20,68),(2,1,943,12,20,69),(2,1,943,12,30,70),(2,1,943,12,30,72),(2,1,943,12,40,73),(2,1,943,12,40,75),(2,1,943,12,50,76),(2,1,943,12,50,78),(2,1,943,12,60,79),(2,1,943,13,10,64),(2,1,943,13,10,82),(2,1,943,13,10,83),(2,1,943,13,20,67),(2,1,943,13,20,84),(2,1,943,13,20,85),(2,1,943,13,30,71),(2,1,943,13,30,86),(2,1,943,13,30,87),(2,1,943,13,40,74),(2,1,943,13,40,88),(2,1,943,13,40,89),(2,1,943,13,50,77),(2,1,943,13,60,80),(2,1,943,13,60,81),(2,1,944,12,10,65),(2,1,944,12,10,66),(2,1,944,12,20,68),(2,1,944,12,20,69),(2,1,944,12,30,70),(2,1,944,12,30,72),(2,1,944,12,40,73),(2,1,944,12,40,75),(2,1,944,12,50,76),(2,1,944,12,50,78),(2,1,944,12,60,79),(2,1,944,13,10,64),(2,1,944,13,10,82),(2,1,944,13,10,83),(2,1,944,13,20,67),(2,1,944,13,20,84),(2,1,944,13,20,85),(2,1,944,13,30,71),(2,1,944,13,30,86),(2,1,944,13,30,87),(2,1,944,13,40,74),(2,1,944,13,40,88),(2,1,944,13,40,89),(2,1,944,13,50,77),(2,1,944,13,60,80),(2,1,944,13,60,81),(2,1,945,12,10,65),(2,1,945,12,10,66),(2,1,945,12,20,68),(2,1,945,12,20,69),(2,1,945,12,30,70),(2,1,945,12,30,72),(2,1,945,12,40,73),(2,1,945,12,40,75),(2,1,945,12,50,76),(2,1,945,12,50,78),(2,1,945,12,60,79),(2,1,945,13,10,64),(2,1,945,13,10,82),(2,1,945,13,10,83),(2,1,945,13,20,67),(2,1,945,13,20,84),(2,1,945,13,20,85),(2,1,945,13,30,71),(2,1,945,13,30,86),(2,1,945,13,30,87),(2,1,945,13,40,74),(2,1,945,13,40,88),(2,1,945,13,40,89),(2,1,945,13,50,77),(2,1,945,13,60,80),(2,1,945,13,60,81),(2,1,946,12,10,65),(2,1,946,12,10,66),(2,1,946,12,20,68),(2,1,946,12,20,69),(2,1,946,12,30,70),(2,1,946,12,30,72),(2,1,946,12,40,73),(2,1,946,12,40,75),(2,1,946,12,50,76),(2,1,946,12,50,78),(2,1,946,12,60,79),(2,1,946,13,10,64),(2,1,946,13,10,82),(2,1,946,13,10,83),(2,1,946,13,20,67),(2,1,946,13,20,84),(2,1,946,13,20,85),(2,1,946,13,30,71),(2,1,946,13,30,86),(2,1,946,13,30,87),(2,1,946,13,40,74),(2,1,946,13,40,88),(2,1,946,13,40,89),(2,1,946,13,50,77),(2,1,946,13,60,80),(2,1,946,13,60,81),(2,1,947,12,10,65),(2,1,947,12,10,66),(2,1,947,12,20,68),(2,1,947,12,20,69),(2,1,947,12,30,70),(2,1,947,12,30,72),(2,1,947,12,40,73),(2,1,947,12,40,75),(2,1,947,12,50,76),(2,1,947,12,50,78),(2,1,947,12,60,79),(2,1,947,13,10,64),(2,1,947,13,10,82),(2,1,947,13,10,83),(2,1,947,13,20,67),(2,1,947,13,20,84),(2,1,947,13,20,85),(2,1,947,13,30,71),(2,1,947,13,30,86),(2,1,947,13,30,87),(2,1,947,13,40,74),(2,1,947,13,40,88),(2,1,947,13,40,89),(2,1,947,13,50,77),(2,1,947,13,60,80),(2,1,947,13,60,81),(2,1,948,12,10,65),(2,1,948,12,10,66),(2,1,948,12,20,68),(2,1,948,12,20,69),(2,1,948,12,30,70),(2,1,948,12,30,72),(2,1,948,12,40,73),(2,1,948,12,40,75),(2,1,948,12,50,76),(2,1,948,12,50,78),(2,1,948,12,60,79),(2,1,948,13,10,64),(2,1,948,13,10,82),(2,1,948,13,10,83),(2,1,948,13,20,67),(2,1,948,13,20,84),(2,1,948,13,20,85),(2,1,948,13,30,71),(2,1,948,13,30,86),(2,1,948,13,30,87),(2,1,948,13,40,74),(2,1,948,13,40,88),(2,1,948,13,40,89),(2,1,948,13,50,77),(2,1,948,13,60,80),(2,1,948,13,60,81),(2,1,949,12,10,65),(2,1,949,12,10,66),(2,1,949,12,20,68),(2,1,949,12,20,69),(2,1,949,12,30,70),(2,1,949,12,30,72),(2,1,949,12,40,73),(2,1,949,12,40,75),(2,1,949,12,50,76),(2,1,949,12,50,78),(2,1,949,12,60,79),(2,1,949,13,10,64),(2,1,949,13,10,82),(2,1,949,13,10,83),(2,1,949,13,20,67),(2,1,949,13,20,84),(2,1,949,13,20,85),(2,1,949,13,30,71),(2,1,949,13,30,86),(2,1,949,13,30,87),(2,1,949,13,40,74),(2,1,949,13,40,88),(2,1,949,13,40,89),(2,1,949,13,50,77),(2,1,949,13,60,80),(2,1,949,13,60,81),(2,1,950,12,10,65),(2,1,950,12,10,66),(2,1,950,12,20,68),(2,1,950,12,20,69),(2,1,950,12,30,70),(2,1,950,12,30,72),(2,1,950,12,40,73),(2,1,950,12,40,75),(2,1,950,12,50,76),(2,1,950,12,50,78),(2,1,950,12,60,79),(2,1,950,13,10,64),(2,1,950,13,10,82),(2,1,950,13,10,83),(2,1,950,13,20,67),(2,1,950,13,20,84),(2,1,950,13,20,85),(2,1,950,13,30,71),(2,1,950,13,30,86),(2,1,950,13,30,87),(2,1,950,13,40,74),(2,1,950,13,40,88),(2,1,950,13,40,89),(2,1,950,13,50,77),(2,1,950,13,60,80),(2,1,950,13,60,81),(2,1,951,12,10,65),(2,1,951,12,10,66),(2,1,951,12,20,68),(2,1,951,12,20,69),(2,1,951,12,30,70),(2,1,951,12,30,72),(2,1,951,12,40,73),(2,1,951,12,40,75),(2,1,951,12,50,76),(2,1,951,12,50,78),(2,1,951,12,60,79),(2,1,951,13,10,64),(2,1,951,13,10,82),(2,1,951,13,10,83),(2,1,951,13,20,67),(2,1,951,13,20,84),(2,1,951,13,20,85),(2,1,951,13,30,71),(2,1,951,13,30,86),(2,1,951,13,30,87),(2,1,951,13,40,74),(2,1,951,13,40,88),(2,1,951,13,40,89),(2,1,951,13,50,77),(2,1,951,13,60,80),(2,1,951,13,60,81),(2,1,952,12,10,65),(2,1,952,12,10,66),(2,1,952,12,20,68),(2,1,952,12,20,69),(2,1,952,12,30,70),(2,1,952,12,30,72),(2,1,952,12,40,73),(2,1,952,12,40,75),(2,1,952,12,50,76),(2,1,952,12,50,78),(2,1,952,12,60,79),(2,1,952,13,10,64),(2,1,952,13,10,82),(2,1,952,13,10,83),(2,1,952,13,20,67),(2,1,952,13,20,84),(2,1,952,13,20,85),(2,1,952,13,30,71),(2,1,952,13,30,86),(2,1,952,13,30,87),(2,1,952,13,40,74),(2,1,952,13,40,88),(2,1,952,13,40,89),(2,1,952,13,50,77),(2,1,952,13,60,80),(2,1,952,13,60,81),(2,1,953,12,10,65),(2,1,953,12,10,66),(2,1,953,12,20,68),(2,1,953,12,20,69),(2,1,953,12,30,70),(2,1,953,12,30,72),(2,1,953,12,40,73),(2,1,953,12,40,75),(2,1,953,12,50,76),(2,1,953,12,50,78),(2,1,953,12,60,79),(2,1,953,13,10,64),(2,1,953,13,10,82),(2,1,953,13,10,83),(2,1,953,13,20,67),(2,1,953,13,20,84),(2,1,953,13,20,85),(2,1,953,13,30,71),(2,1,953,13,30,86),(2,1,953,13,30,87),(2,1,953,13,40,74),(2,1,953,13,40,88),(2,1,953,13,40,89),(2,1,953,13,50,77),(2,1,953,13,60,80),(2,1,953,13,60,81),(2,1,954,12,10,65),(2,1,954,12,10,66),(2,1,954,12,20,68),(2,1,954,12,20,69),(2,1,954,12,30,70),(2,1,954,12,30,72),(2,1,954,12,40,73),(2,1,954,12,40,75),(2,1,954,12,50,76),(2,1,954,12,50,78),(2,1,954,12,60,79),(2,1,954,13,10,64),(2,1,954,13,10,82),(2,1,954,13,10,83),(2,1,954,13,20,67),(2,1,954,13,20,84),(2,1,954,13,20,85),(2,1,954,13,30,71),(2,1,954,13,30,86),(2,1,954,13,30,87),(2,1,954,13,40,74),(2,1,954,13,40,88),(2,1,954,13,40,89),(2,1,954,13,50,77),(2,1,954,13,60,80),(2,1,954,13,60,81),(2,1,955,12,10,65),(2,1,955,12,10,66),(2,1,955,12,20,68),(2,1,955,12,20,69),(2,1,955,12,30,70),(2,1,955,12,30,72),(2,1,955,12,40,73),(2,1,955,12,40,75),(2,1,955,12,50,76),(2,1,955,12,50,78),(2,1,955,12,60,79),(2,1,955,13,10,64),(2,1,955,13,10,82),(2,1,955,13,10,83),(2,1,955,13,20,67),(2,1,955,13,20,84),(2,1,955,13,20,85),(2,1,955,13,30,71),(2,1,955,13,30,86),(2,1,955,13,30,87),(2,1,955,13,40,74),(2,1,955,13,40,88),(2,1,955,13,40,89),(2,1,955,13,50,77),(2,1,955,13,60,80),(2,1,955,13,60,81),(2,1,956,12,10,65),(2,1,956,12,10,66),(2,1,956,12,20,68),(2,1,956,12,20,69),(2,1,956,12,30,70),(2,1,956,12,30,72),(2,1,956,12,40,73),(2,1,956,12,40,75),(2,1,956,12,50,76),(2,1,956,12,50,78),(2,1,956,12,60,79),(2,1,956,13,10,64),(2,1,956,13,10,82),(2,1,956,13,10,83),(2,1,956,13,20,67),(2,1,956,13,20,84),(2,1,956,13,20,85),(2,1,956,13,30,71),(2,1,956,13,30,86),(2,1,956,13,30,87),(2,1,956,13,40,74),(2,1,956,13,40,88),(2,1,956,13,40,89),(2,1,956,13,50,77),(2,1,956,13,60,80),(2,1,956,13,60,81),(2,1,957,12,10,65),(2,1,957,12,10,66),(2,1,957,12,20,68),(2,1,957,12,20,69),(2,1,957,12,30,70),(2,1,957,12,30,72),(2,1,957,12,40,73),(2,1,957,12,40,75),(2,1,957,12,50,76),(2,1,957,12,50,78),(2,1,957,12,60,79),(2,1,957,13,10,64),(2,1,957,13,10,82),(2,1,957,13,10,83),(2,1,957,13,20,67),(2,1,957,13,20,84),(2,1,957,13,20,85),(2,1,957,13,30,71),(2,1,957,13,30,86),(2,1,957,13,30,87),(2,1,957,13,40,74),(2,1,957,13,40,88),(2,1,957,13,40,89),(2,1,957,13,50,77),(2,1,957,13,60,80),(2,1,957,13,60,81),(2,1,958,12,10,65),(2,1,958,12,10,66),(2,1,958,12,20,68),(2,1,958,12,20,69),(2,1,958,12,30,70),(2,1,958,12,30,72),(2,1,958,12,40,73),(2,1,958,12,40,75),(2,1,958,12,50,76),(2,1,958,12,50,78),(2,1,958,12,60,79),(2,1,958,13,10,64),(2,1,958,13,10,82),(2,1,958,13,10,83),(2,1,958,13,20,67),(2,1,958,13,20,84),(2,1,958,13,20,85),(2,1,958,13,30,71),(2,1,958,13,30,86),(2,1,958,13,30,87),(2,1,958,13,40,74),(2,1,958,13,40,88),(2,1,958,13,40,89),(2,1,958,13,50,77),(2,1,958,13,60,80),(2,1,958,13,60,81),(2,1,959,12,10,65),(2,1,959,12,10,66),(2,1,959,12,20,68),(2,1,959,12,20,69),(2,1,959,12,30,70),(2,1,959,12,30,72),(2,1,959,12,40,73),(2,1,959,12,40,75),(2,1,959,12,50,76),(2,1,959,12,50,78),(2,1,959,12,60,79),(2,1,959,13,10,64),(2,1,959,13,10,82),(2,1,959,13,10,83),(2,1,959,13,20,67),(2,1,959,13,20,84),(2,1,959,13,20,85),(2,1,959,13,30,71),(2,1,959,13,30,86),(2,1,959,13,30,87),(2,1,959,13,40,74),(2,1,959,13,40,88),(2,1,959,13,40,89),(2,1,959,13,50,77),(2,1,959,13,60,80),(2,1,959,13,60,81),(2,1,960,12,10,65),(2,1,960,12,10,66),(2,1,960,12,20,68),(2,1,960,12,20,69),(2,1,960,12,30,70),(2,1,960,12,30,72),(2,1,960,12,40,73),(2,1,960,12,40,75),(2,1,960,12,50,76),(2,1,960,12,50,78),(2,1,960,12,60,79),(2,1,960,13,10,64),(2,1,960,13,10,82),(2,1,960,13,10,83),(2,1,960,13,20,67),(2,1,960,13,20,84),(2,1,960,13,20,85),(2,1,960,13,30,71),(2,1,960,13,30,86),(2,1,960,13,30,87),(2,1,960,13,40,74),(2,1,960,13,40,88),(2,1,960,13,40,89),(2,1,960,13,50,77),(2,1,960,13,60,80),(2,1,960,13,60,81),(2,1,961,12,10,65),(2,1,961,12,10,66),(2,1,961,12,20,68),(2,1,961,12,20,69),(2,1,961,12,30,70),(2,1,961,12,30,72),(2,1,961,12,40,73),(2,1,961,12,40,75),(2,1,961,12,50,76),(2,1,961,12,50,78),(2,1,961,12,60,79),(2,1,961,13,10,64),(2,1,961,13,10,82),(2,1,961,13,10,83),(2,1,961,13,20,67),(2,1,961,13,20,84),(2,1,961,13,20,85),(2,1,961,13,30,71),(2,1,961,13,30,86),(2,1,961,13,30,87),(2,1,961,13,40,74),(2,1,961,13,40,88),(2,1,961,13,40,89),(2,1,961,13,50,77),(2,1,961,13,60,80),(2,1,961,13,60,81),(2,1,962,12,10,65),(2,1,962,12,10,66),(2,1,962,12,20,68),(2,1,962,12,20,69),(2,1,962,12,30,70),(2,1,962,12,30,72),(2,1,962,12,40,73),(2,1,962,12,40,75),(2,1,962,12,50,76),(2,1,962,12,50,78),(2,1,962,12,60,79),(2,1,962,13,10,64),(2,1,962,13,10,82),(2,1,962,13,10,83),(2,1,962,13,20,67),(2,1,962,13,20,84),(2,1,962,13,20,85),(2,1,962,13,30,71),(2,1,962,13,30,86),(2,1,962,13,30,87),(2,1,962,13,40,74),(2,1,962,13,40,88),(2,1,962,13,40,89),(2,1,962,13,50,77),(2,1,962,13,60,80),(2,1,962,13,60,81),(2,1,963,12,10,65),(2,1,963,12,10,66),(2,1,963,12,20,68),(2,1,963,12,20,69),(2,1,963,12,30,70),(2,1,963,12,30,72),(2,1,963,12,40,73),(2,1,963,12,40,75),(2,1,963,12,50,76),(2,1,963,12,50,78),(2,1,963,12,60,79),(2,1,963,13,10,64),(2,1,963,13,10,82),(2,1,963,13,10,83),(2,1,963,13,20,67),(2,1,963,13,20,84),(2,1,963,13,20,85),(2,1,963,13,30,71),(2,1,963,13,30,86),(2,1,963,13,30,87),(2,1,963,13,40,74),(2,1,963,13,40,88),(2,1,963,13,40,89),(2,1,963,13,50,77),(2,1,963,13,60,80),(2,1,963,13,60,81),(2,1,964,12,10,65),(2,1,964,12,10,66),(2,1,964,12,20,68),(2,1,964,12,20,69),(2,1,964,12,30,70),(2,1,964,12,30,72),(2,1,964,12,40,73),(2,1,964,12,40,75),(2,1,964,12,50,76),(2,1,964,12,50,78),(2,1,964,12,60,79),(2,1,964,13,10,64),(2,1,964,13,10,82),(2,1,964,13,10,83),(2,1,964,13,20,67),(2,1,964,13,20,84),(2,1,964,13,20,85),(2,1,964,13,30,71),(2,1,964,13,30,86),(2,1,964,13,30,87),(2,1,964,13,40,74),(2,1,964,13,40,88),(2,1,964,13,40,89),(2,1,964,13,50,77),(2,1,964,13,60,80),(2,1,964,13,60,81),(2,1,965,12,10,65),(2,1,965,12,10,66),(2,1,965,12,20,68),(2,1,965,12,20,69),(2,1,965,12,30,70),(2,1,965,12,30,72),(2,1,965,12,40,73),(2,1,965,12,40,75),(2,1,965,12,50,76),(2,1,965,12,50,78),(2,1,965,12,60,79),(2,1,965,13,10,64),(2,1,965,13,10,82),(2,1,965,13,10,83),(2,1,965,13,20,67),(2,1,965,13,20,84),(2,1,965,13,20,85),(2,1,965,13,30,71),(2,1,965,13,30,86),(2,1,965,13,30,87),(2,1,965,13,40,74),(2,1,965,13,40,88),(2,1,965,13,40,89),(2,1,965,13,50,77),(2,1,965,13,60,80),(2,1,965,13,60,81),(2,1,966,12,10,65),(2,1,966,12,10,66),(2,1,966,12,20,68),(2,1,966,12,20,69),(2,1,966,12,30,70),(2,1,966,12,30,72),(2,1,966,12,40,73),(2,1,966,12,40,75),(2,1,966,12,50,76),(2,1,966,12,50,78),(2,1,966,12,60,79),(2,1,966,13,10,64),(2,1,966,13,10,82),(2,1,966,13,10,83),(2,1,966,13,20,67),(2,1,966,13,20,84),(2,1,966,13,20,85),(2,1,966,13,30,71),(2,1,966,13,30,86),(2,1,966,13,30,87),(2,1,966,13,40,74),(2,1,966,13,40,88),(2,1,966,13,40,89),(2,1,966,13,50,77),(2,1,966,13,60,80),(2,1,966,13,60,81),(2,1,967,12,10,65),(2,1,967,12,10,66),(2,1,967,12,20,68),(2,1,967,12,20,69),(2,1,967,12,30,70),(2,1,967,12,30,72),(2,1,967,12,40,73),(2,1,967,12,40,75),(2,1,967,12,50,76),(2,1,967,12,50,78),(2,1,967,12,60,79),(2,1,967,13,10,64),(2,1,967,13,10,82),(2,1,967,13,10,83),(2,1,967,13,20,67),(2,1,967,13,20,84),(2,1,967,13,20,85),(2,1,967,13,30,71),(2,1,967,13,30,86),(2,1,967,13,30,87),(2,1,967,13,40,74),(2,1,967,13,40,88),(2,1,967,13,40,89),(2,1,967,13,50,77),(2,1,967,13,60,80),(2,1,967,13,60,81),(2,1,968,12,10,65),(2,1,968,12,10,66),(2,1,968,12,20,68),(2,1,968,12,20,69),(2,1,968,12,30,70),(2,1,968,12,30,72),(2,1,968,12,40,73),(2,1,968,12,40,75),(2,1,968,12,50,76),(2,1,968,12,50,78),(2,1,968,12,60,79),(2,1,968,13,10,64),(2,1,968,13,10,82),(2,1,968,13,10,83),(2,1,968,13,20,67),(2,1,968,13,20,84),(2,1,968,13,20,85),(2,1,968,13,30,71),(2,1,968,13,30,86),(2,1,968,13,30,87),(2,1,968,13,40,74),(2,1,968,13,40,88),(2,1,968,13,40,89),(2,1,968,13,50,77),(2,1,968,13,60,80),(2,1,968,13,60,81),(2,1,969,12,10,65),(2,1,969,12,10,66),(2,1,969,12,20,68),(2,1,969,12,20,69),(2,1,969,12,30,70),(2,1,969,12,30,72),(2,1,969,12,40,73),(2,1,969,12,40,75),(2,1,969,12,50,76),(2,1,969,12,50,78),(2,1,969,12,60,79),(2,1,969,13,10,64),(2,1,969,13,10,82),(2,1,969,13,10,83),(2,1,969,13,20,67),(2,1,969,13,20,84),(2,1,969,13,20,85),(2,1,969,13,30,71),(2,1,969,13,30,86),(2,1,969,13,30,87),(2,1,969,13,40,74),(2,1,969,13,40,88),(2,1,969,13,40,89),(2,1,969,13,50,77),(2,1,969,13,60,80),(2,1,969,13,60,81),(2,1,970,12,10,65),(2,1,970,12,10,66),(2,1,970,12,20,68),(2,1,970,12,20,69),(2,1,970,12,30,70),(2,1,970,12,30,72),(2,1,970,12,40,73),(2,1,970,12,40,75),(2,1,970,12,50,76),(2,1,970,12,50,78),(2,1,970,12,60,79),(2,1,970,13,10,64),(2,1,970,13,10,82),(2,1,970,13,10,83),(2,1,970,13,20,67),(2,1,970,13,20,84),(2,1,970,13,20,85),(2,1,970,13,30,71),(2,1,970,13,30,86),(2,1,970,13,30,87),(2,1,970,13,40,74),(2,1,970,13,40,88),(2,1,970,13,40,89),(2,1,970,13,50,77),(2,1,970,13,60,80),(2,1,970,13,60,81),(2,1,971,12,10,65),(2,1,971,12,10,66),(2,1,971,12,20,68),(2,1,971,12,20,69),(2,1,971,12,30,70),(2,1,971,12,30,72),(2,1,971,12,40,73),(2,1,971,12,40,75),(2,1,971,12,50,76),(2,1,971,12,50,78),(2,1,971,12,60,79),(2,1,971,13,10,64),(2,1,971,13,10,82),(2,1,971,13,10,83),(2,1,971,13,20,67),(2,1,971,13,20,84),(2,1,971,13,20,85),(2,1,971,13,30,71),(2,1,971,13,30,86),(2,1,971,13,30,87),(2,1,971,13,40,74),(2,1,971,13,40,88),(2,1,971,13,40,89),(2,1,971,13,50,77),(2,1,971,13,60,80),(2,1,971,13,60,81),(2,1,972,12,10,65),(2,1,972,12,10,66),(2,1,972,12,20,68),(2,1,972,12,20,69),(2,1,972,12,30,70),(2,1,972,12,30,72),(2,1,972,12,40,73),(2,1,972,12,40,75),(2,1,972,12,50,76),(2,1,972,12,50,78),(2,1,972,12,60,79),(2,1,972,13,10,64),(2,1,972,13,10,82),(2,1,972,13,10,83),(2,1,972,13,20,67),(2,1,972,13,20,84),(2,1,972,13,20,85),(2,1,972,13,30,71),(2,1,972,13,30,86),(2,1,972,13,30,87),(2,1,972,13,40,74),(2,1,972,13,40,88),(2,1,972,13,40,89),(2,1,972,13,50,77),(2,1,972,13,60,80),(2,1,972,13,60,81),(2,1,973,12,10,65),(2,1,973,12,10,66),(2,1,973,12,20,68),(2,1,973,12,20,69),(2,1,973,12,30,70),(2,1,973,12,30,72),(2,1,973,12,40,73),(2,1,973,12,40,75),(2,1,973,12,50,76),(2,1,973,12,50,78),(2,1,973,12,60,79),(2,1,973,13,10,64),(2,1,973,13,10,82),(2,1,973,13,10,83),(2,1,973,13,20,67),(2,1,973,13,20,84),(2,1,973,13,20,85),(2,1,973,13,30,71),(2,1,973,13,30,86),(2,1,973,13,30,87),(2,1,973,13,40,74),(2,1,973,13,40,88),(2,1,973,13,40,89),(2,1,973,13,50,77),(2,1,973,13,60,80),(2,1,973,13,60,81),(2,1,974,12,10,65),(2,1,974,12,10,66),(2,1,974,12,20,68),(2,1,974,12,20,69),(2,1,974,12,30,70),(2,1,974,12,30,72),(2,1,974,12,40,73),(2,1,974,12,40,75),(2,1,974,12,50,76),(2,1,974,12,50,78),(2,1,974,12,60,79),(2,1,974,13,10,64),(2,1,974,13,10,82),(2,1,974,13,10,83),(2,1,974,13,20,67),(2,1,974,13,20,84),(2,1,974,13,20,85),(2,1,974,13,30,71),(2,1,974,13,30,86),(2,1,974,13,30,87),(2,1,974,13,40,74),(2,1,974,13,40,88),(2,1,974,13,40,89),(2,1,974,13,50,77),(2,1,974,13,60,80),(2,1,974,13,60,81),(2,1,975,12,10,65),(2,1,975,12,10,66),(2,1,975,12,20,68),(2,1,975,12,20,69),(2,1,975,12,30,70),(2,1,975,12,30,72),(2,1,975,12,40,73),(2,1,975,12,40,75),(2,1,975,12,50,76),(2,1,975,12,50,78),(2,1,975,12,60,79),(2,1,975,13,10,64),(2,1,975,13,10,82),(2,1,975,13,10,83),(2,1,975,13,20,67),(2,1,975,13,20,84),(2,1,975,13,20,85),(2,1,975,13,30,71),(2,1,975,13,30,86),(2,1,975,13,30,87),(2,1,975,13,40,74),(2,1,975,13,40,88),(2,1,975,13,40,89),(2,1,975,13,50,77),(2,1,975,13,60,80),(2,1,975,13,60,81),(2,1,976,12,10,65),(2,1,976,12,10,66),(2,1,976,12,20,68),(2,1,976,12,20,69),(2,1,976,12,30,70),(2,1,976,12,30,72),(2,1,976,12,40,73),(2,1,976,12,40,75),(2,1,976,12,50,76),(2,1,976,12,50,78),(2,1,976,12,60,79),(2,1,976,13,10,64),(2,1,976,13,10,82),(2,1,976,13,10,83),(2,1,976,13,20,67),(2,1,976,13,20,84),(2,1,976,13,20,85),(2,1,976,13,30,71),(2,1,976,13,30,86),(2,1,976,13,30,87),(2,1,976,13,40,74),(2,1,976,13,40,88),(2,1,976,13,40,89),(2,1,976,13,50,77),(2,1,976,13,60,80),(2,1,976,13,60,81),(2,1,977,12,10,65),(2,1,977,12,10,66),(2,1,977,12,20,68),(2,1,977,12,20,69),(2,1,977,12,30,70),(2,1,977,12,30,72),(2,1,977,12,40,73),(2,1,977,12,40,75),(2,1,977,12,50,76),(2,1,977,12,50,78),(2,1,977,12,60,79),(2,1,977,13,10,64),(2,1,977,13,10,82),(2,1,977,13,10,83),(2,1,977,13,20,67),(2,1,977,13,20,84),(2,1,977,13,20,85),(2,1,977,13,30,71),(2,1,977,13,30,86),(2,1,977,13,30,87),(2,1,977,13,40,74),(2,1,977,13,40,88),(2,1,977,13,40,89),(2,1,977,13,50,77),(2,1,977,13,60,80),(2,1,977,13,60,81),(2,1,978,12,10,65),(2,1,978,12,10,66),(2,1,978,12,20,68),(2,1,978,12,20,69),(2,1,978,12,30,70),(2,1,978,12,30,72),(2,1,978,12,40,73),(2,1,978,12,40,75),(2,1,978,12,50,76),(2,1,978,12,50,78),(2,1,978,12,60,79),(2,1,978,13,10,64),(2,1,978,13,10,82),(2,1,978,13,10,83),(2,1,978,13,20,67),(2,1,978,13,20,84),(2,1,978,13,20,85),(2,1,978,13,30,71),(2,1,978,13,30,86),(2,1,978,13,30,87),(2,1,978,13,40,74),(2,1,978,13,40,88),(2,1,978,13,40,89),(2,1,978,13,50,77),(2,1,978,13,60,80),(2,1,978,13,60,81),(2,1,979,12,10,65),(2,1,979,12,10,66),(2,1,979,12,20,68),(2,1,979,12,20,69),(2,1,979,12,30,70),(2,1,979,12,30,72),(2,1,979,12,40,73),(2,1,979,12,40,75),(2,1,979,12,50,76),(2,1,979,12,50,78),(2,1,979,12,60,79),(2,1,979,13,10,64),(2,1,979,13,10,82),(2,1,979,13,10,83),(2,1,979,13,20,67),(2,1,979,13,20,84),(2,1,979,13,20,85),(2,1,979,13,30,71),(2,1,979,13,30,86),(2,1,979,13,30,87),(2,1,979,13,40,74),(2,1,979,13,40,88),(2,1,979,13,40,89),(2,1,979,13,50,77),(2,1,979,13,60,80),(2,1,979,13,60,81),(2,1,980,12,10,65),(2,1,980,12,10,66),(2,1,980,12,20,68),(2,1,980,12,20,69),(2,1,980,12,30,70),(2,1,980,12,30,72),(2,1,980,12,40,73),(2,1,980,12,40,75),(2,1,980,12,50,76),(2,1,980,12,50,78),(2,1,980,12,60,79),(2,1,980,13,10,64),(2,1,980,13,10,82),(2,1,980,13,10,83),(2,1,980,13,20,67),(2,1,980,13,20,84),(2,1,980,13,20,85),(2,1,980,13,30,71),(2,1,980,13,30,86),(2,1,980,13,30,87),(2,1,980,13,40,74),(2,1,980,13,40,88),(2,1,980,13,40,89),(2,1,980,13,50,77),(2,1,980,13,60,80),(2,1,980,13,60,81),(2,1,981,12,10,65),(2,1,981,12,10,66),(2,1,981,12,20,68),(2,1,981,12,20,69),(2,1,981,12,30,70),(2,1,981,12,30,72),(2,1,981,12,40,73),(2,1,981,12,40,75),(2,1,981,12,50,76),(2,1,981,12,50,78),(2,1,981,12,60,79),(2,1,981,13,10,64),(2,1,981,13,10,82),(2,1,981,13,10,83),(2,1,981,13,20,67),(2,1,981,13,20,84),(2,1,981,13,20,85),(2,1,981,13,30,71),(2,1,981,13,30,86),(2,1,981,13,30,87),(2,1,981,13,40,74),(2,1,981,13,40,88),(2,1,981,13,40,89),(2,1,981,13,50,77),(2,1,981,13,60,80),(2,1,981,13,60,81),(2,1,982,12,10,65),(2,1,982,12,10,66),(2,1,982,12,20,68),(2,1,982,12,20,69),(2,1,982,12,30,70),(2,1,982,12,30,72),(2,1,982,12,40,73),(2,1,982,12,40,75),(2,1,982,12,50,76),(2,1,982,12,50,78),(2,1,982,12,60,79),(2,1,982,13,10,64),(2,1,982,13,10,82),(2,1,982,13,10,83),(2,1,982,13,20,67),(2,1,982,13,20,84),(2,1,982,13,20,85),(2,1,982,13,30,71),(2,1,982,13,30,86),(2,1,982,13,30,87),(2,1,982,13,40,74),(2,1,982,13,40,88),(2,1,982,13,40,89),(2,1,982,13,50,77),(2,1,982,13,60,80),(2,1,982,13,60,81),(2,1,983,12,10,65),(2,1,983,12,10,66),(2,1,983,12,20,68),(2,1,983,12,20,69),(2,1,983,12,30,70),(2,1,983,12,30,72),(2,1,983,12,40,73),(2,1,983,12,40,75),(2,1,983,12,50,76),(2,1,983,12,50,78),(2,1,983,12,60,79),(2,1,983,13,10,64),(2,1,983,13,10,82),(2,1,983,13,10,83),(2,1,983,13,20,67),(2,1,983,13,20,84),(2,1,983,13,20,85),(2,1,983,13,30,71),(2,1,983,13,30,86),(2,1,983,13,30,87),(2,1,983,13,40,74),(2,1,983,13,40,88),(2,1,983,13,40,89),(2,1,983,13,50,77),(2,1,983,13,60,80),(2,1,983,13,60,81),(2,1,984,12,10,65),(2,1,984,12,10,66),(2,1,984,12,20,68),(2,1,984,12,20,69),(2,1,984,12,30,70),(2,1,984,12,30,72),(2,1,984,12,40,73),(2,1,984,12,40,75),(2,1,984,12,50,76),(2,1,984,12,50,78),(2,1,984,12,60,79),(2,1,984,13,10,64),(2,1,984,13,10,82),(2,1,984,13,10,83),(2,1,984,13,20,67),(2,1,984,13,20,84),(2,1,984,13,20,85),(2,1,984,13,30,71),(2,1,984,13,30,86),(2,1,984,13,30,87),(2,1,984,13,40,74),(2,1,984,13,40,88),(2,1,984,13,40,89),(2,1,984,13,50,77),(2,1,984,13,60,80),(2,1,984,13,60,81),(2,1,985,12,10,65),(2,1,985,12,10,66),(2,1,985,12,20,68),(2,1,985,12,20,69),(2,1,985,12,30,70),(2,1,985,12,30,72),(2,1,985,12,40,73),(2,1,985,12,40,75),(2,1,985,12,50,76),(2,1,985,12,50,78),(2,1,985,12,60,79),(2,1,985,13,10,64),(2,1,985,13,10,82),(2,1,985,13,10,83),(2,1,985,13,20,67),(2,1,985,13,20,84),(2,1,985,13,20,85),(2,1,985,13,30,71),(2,1,985,13,30,86),(2,1,985,13,30,87),(2,1,985,13,40,74),(2,1,985,13,40,88),(2,1,985,13,40,89),(2,1,985,13,50,77),(2,1,985,13,60,80),(2,1,985,13,60,81),(2,1,986,12,10,65),(2,1,986,12,10,66),(2,1,986,12,20,68),(2,1,986,12,20,69),(2,1,986,12,30,70),(2,1,986,12,30,72),(2,1,986,12,40,73),(2,1,986,12,40,75),(2,1,986,12,50,76),(2,1,986,12,50,78),(2,1,986,12,60,79),(2,1,986,13,10,64),(2,1,986,13,10,82),(2,1,986,13,10,83),(2,1,986,13,20,67),(2,1,986,13,20,84),(2,1,986,13,20,85),(2,1,986,13,30,71),(2,1,986,13,30,86),(2,1,986,13,30,87),(2,1,986,13,40,74),(2,1,986,13,40,88),(2,1,986,13,40,89),(2,1,986,13,50,77),(2,1,986,13,60,80),(2,1,986,13,60,81),(2,1,987,12,10,65),(2,1,987,12,10,66),(2,1,987,12,20,68),(2,1,987,12,20,69),(2,1,987,12,30,70),(2,1,987,12,30,72),(2,1,987,12,40,73),(2,1,987,12,40,75),(2,1,987,12,50,76),(2,1,987,12,50,78),(2,1,987,12,60,79),(2,1,987,13,10,64),(2,1,987,13,10,82),(2,1,987,13,10,83),(2,1,987,13,20,67),(2,1,987,13,20,84),(2,1,987,13,20,85),(2,1,987,13,30,71),(2,1,987,13,30,86),(2,1,987,13,30,87),(2,1,987,13,40,74),(2,1,987,13,40,88),(2,1,987,13,40,89),(2,1,987,13,50,77),(2,1,987,13,60,80),(2,1,987,13,60,81),(2,1,988,12,10,65),(2,1,988,12,10,66),(2,1,988,12,20,68),(2,1,988,12,20,69),(2,1,988,12,30,70),(2,1,988,12,30,72),(2,1,988,12,40,73),(2,1,988,12,40,75),(2,1,988,12,50,76),(2,1,988,12,50,78),(2,1,988,12,60,79),(2,1,988,13,10,64),(2,1,988,13,10,82),(2,1,988,13,10,83),(2,1,988,13,20,67),(2,1,988,13,20,84),(2,1,988,13,20,85),(2,1,988,13,30,71),(2,1,988,13,30,86),(2,1,988,13,30,87),(2,1,988,13,40,74),(2,1,988,13,40,88),(2,1,988,13,40,89),(2,1,988,13,50,77),(2,1,988,13,60,80),(2,1,988,13,60,81),(2,1,989,12,10,65),(2,1,989,12,10,66),(2,1,989,12,20,68),(2,1,989,12,20,69),(2,1,989,12,30,70),(2,1,989,12,30,72),(2,1,989,12,40,73),(2,1,989,12,40,75),(2,1,989,12,50,76),(2,1,989,12,50,78),(2,1,989,12,60,79),(2,1,989,13,10,64),(2,1,989,13,10,82),(2,1,989,13,10,83),(2,1,989,13,20,67),(2,1,989,13,20,84),(2,1,989,13,20,85),(2,1,989,13,30,71),(2,1,989,13,30,86),(2,1,989,13,30,87),(2,1,989,13,40,74),(2,1,989,13,40,88),(2,1,989,13,40,89),(2,1,989,13,50,77),(2,1,989,13,60,80),(2,1,989,13,60,81),(2,1,990,12,10,65),(2,1,990,12,10,66),(2,1,990,12,20,68),(2,1,990,12,20,69),(2,1,990,12,30,70),(2,1,990,12,30,72),(2,1,990,12,40,73),(2,1,990,12,40,75),(2,1,990,12,50,76),(2,1,990,12,50,78),(2,1,990,12,60,79),(2,1,990,13,10,64),(2,1,990,13,10,82),(2,1,990,13,10,83),(2,1,990,13,20,67),(2,1,990,13,20,84),(2,1,990,13,20,85),(2,1,990,13,30,71),(2,1,990,13,30,86),(2,1,990,13,30,87),(2,1,990,13,40,74),(2,1,990,13,40,88),(2,1,990,13,40,89),(2,1,990,13,50,77),(2,1,990,13,60,80),(2,1,990,13,60,81),(2,1,991,12,10,65),(2,1,991,12,10,66),(2,1,991,12,20,68),(2,1,991,12,20,69),(2,1,991,12,30,70),(2,1,991,12,30,72),(2,1,991,12,40,73),(2,1,991,12,40,75),(2,1,991,12,50,76),(2,1,991,12,50,78),(2,1,991,12,60,79),(2,1,991,13,10,64),(2,1,991,13,10,82),(2,1,991,13,10,83),(2,1,991,13,20,67),(2,1,991,13,20,84),(2,1,991,13,20,85),(2,1,991,13,30,71),(2,1,991,13,30,86),(2,1,991,13,30,87),(2,1,991,13,40,74),(2,1,991,13,40,88),(2,1,991,13,40,89),(2,1,991,13,50,77),(2,1,991,13,60,80),(2,1,991,13,60,81),(2,1,992,12,10,65),(2,1,992,12,10,66),(2,1,992,12,20,68),(2,1,992,12,20,69),(2,1,992,12,30,70),(2,1,992,12,30,72),(2,1,992,12,40,73),(2,1,992,12,40,75),(2,1,992,12,50,76),(2,1,992,12,50,78),(2,1,992,12,60,79),(2,1,992,13,10,64),(2,1,992,13,10,82),(2,1,992,13,10,83),(2,1,992,13,20,67),(2,1,992,13,20,84),(2,1,992,13,20,85),(2,1,992,13,30,71),(2,1,992,13,30,86),(2,1,992,13,30,87),(2,1,992,13,40,74),(2,1,992,13,40,88),(2,1,992,13,40,89),(2,1,992,13,50,77),(2,1,992,13,60,80),(2,1,992,13,60,81),(2,1,993,12,10,65),(2,1,993,12,10,66),(2,1,993,12,20,68),(2,1,993,12,20,69),(2,1,993,12,30,70),(2,1,993,12,30,72),(2,1,993,12,40,73),(2,1,993,12,40,75),(2,1,993,12,50,76),(2,1,993,12,50,78),(2,1,993,12,60,79),(2,1,993,13,10,64),(2,1,993,13,10,82),(2,1,993,13,10,83),(2,1,993,13,20,67),(2,1,993,13,20,84),(2,1,993,13,20,85),(2,1,993,13,30,71),(2,1,993,13,30,86),(2,1,993,13,30,87),(2,1,993,13,40,74),(2,1,993,13,40,88),(2,1,993,13,40,89),(2,1,993,13,50,77),(2,1,993,13,60,80),(2,1,993,13,60,81),(2,1,994,12,10,65),(2,1,994,12,10,66),(2,1,994,12,20,68),(2,1,994,12,20,69),(2,1,994,12,30,70),(2,1,994,12,30,72),(2,1,994,12,40,73),(2,1,994,12,40,75),(2,1,994,12,50,76),(2,1,994,12,50,78),(2,1,994,12,60,79),(2,1,994,13,10,64),(2,1,994,13,10,82),(2,1,994,13,10,83),(2,1,994,13,20,67),(2,1,994,13,20,84),(2,1,994,13,20,85),(2,1,994,13,30,71),(2,1,994,13,30,86),(2,1,994,13,30,87),(2,1,994,13,40,74),(2,1,994,13,40,88),(2,1,994,13,40,89),(2,1,994,13,50,77),(2,1,994,13,60,80),(2,1,994,13,60,81),(2,1,995,12,10,65),(2,1,995,12,10,66),(2,1,995,12,20,68),(2,1,995,12,20,69),(2,1,995,12,30,70),(2,1,995,12,30,72),(2,1,995,12,40,73),(2,1,995,12,40,75),(2,1,995,12,50,76),(2,1,995,12,50,78),(2,1,995,12,60,79),(2,1,995,13,10,64),(2,1,995,13,10,82),(2,1,995,13,10,83),(2,1,995,13,20,67),(2,1,995,13,20,84),(2,1,995,13,20,85),(2,1,995,13,30,71),(2,1,995,13,30,86),(2,1,995,13,30,87),(2,1,995,13,40,74),(2,1,995,13,40,88),(2,1,995,13,40,89),(2,1,995,13,50,77),(2,1,995,13,60,80),(2,1,995,13,60,81),(2,1,996,12,10,65),(2,1,996,12,10,66),(2,1,996,12,20,68),(2,1,996,12,20,69),(2,1,996,12,30,70),(2,1,996,12,30,72),(2,1,996,12,40,73),(2,1,996,12,40,75),(2,1,996,12,50,76),(2,1,996,12,50,78),(2,1,996,12,60,79),(2,1,996,13,10,64),(2,1,996,13,10,82),(2,1,996,13,10,83),(2,1,996,13,20,67),(2,1,996,13,20,84),(2,1,996,13,20,85),(2,1,996,13,30,71),(2,1,996,13,30,86),(2,1,996,13,30,87),(2,1,996,13,40,74),(2,1,996,13,40,88),(2,1,996,13,40,89),(2,1,996,13,50,77),(2,1,996,13,60,80),(2,1,996,13,60,81),(2,1,997,12,10,65),(2,1,997,12,10,66),(2,1,997,12,20,68),(2,1,997,12,20,69),(2,1,997,12,30,70),(2,1,997,12,30,72),(2,1,997,12,40,73),(2,1,997,12,40,75),(2,1,997,12,50,76),(2,1,997,12,50,78),(2,1,997,12,60,79),(2,1,997,13,10,64),(2,1,997,13,10,82),(2,1,997,13,10,83),(2,1,997,13,20,67),(2,1,997,13,20,84),(2,1,997,13,20,85),(2,1,997,13,30,71),(2,1,997,13,30,86),(2,1,997,13,30,87),(2,1,997,13,40,74),(2,1,997,13,40,88),(2,1,997,13,40,89),(2,1,997,13,50,77),(2,1,997,13,60,80),(2,1,997,13,60,81),(2,1,998,12,10,65),(2,1,998,12,10,66),(2,1,998,12,20,68),(2,1,998,12,20,69),(2,1,998,12,30,70),(2,1,998,12,30,72),(2,1,998,12,40,73),(2,1,998,12,40,75),(2,1,998,12,50,76),(2,1,998,12,50,78),(2,1,998,12,60,79),(2,1,998,13,10,64),(2,1,998,13,10,82),(2,1,998,13,10,83),(2,1,998,13,20,67),(2,1,998,13,20,84),(2,1,998,13,20,85),(2,1,998,13,30,71),(2,1,998,13,30,86),(2,1,998,13,30,87),(2,1,998,13,40,74),(2,1,998,13,40,88),(2,1,998,13,40,89),(2,1,998,13,50,77),(2,1,998,13,60,80),(2,1,998,13,60,81),(2,1,999,12,10,65),(2,1,999,12,10,66),(2,1,999,12,20,68),(2,1,999,12,20,69),(2,1,999,12,30,70),(2,1,999,12,30,72),(2,1,999,12,40,73),(2,1,999,12,40,75),(2,1,999,12,50,76),(2,1,999,12,50,78),(2,1,999,12,60,79),(2,1,999,13,10,64),(2,1,999,13,10,82),(2,1,999,13,10,83),(2,1,999,13,20,67),(2,1,999,13,20,84),(2,1,999,13,20,85),(2,1,999,13,30,71),(2,1,999,13,30,86),(2,1,999,13,30,87),(2,1,999,13,40,74),(2,1,999,13,40,88),(2,1,999,13,40,89),(2,1,999,13,50,77),(2,1,999,13,60,80),(2,1,999,13,60,81),(2,1,1000,12,10,65),(2,1,1000,12,10,66),(2,1,1000,12,20,68),(2,1,1000,12,20,69),(2,1,1000,12,30,70),(2,1,1000,12,30,72),(2,1,1000,12,40,73),(2,1,1000,12,40,75),(2,1,1000,12,50,76),(2,1,1000,12,50,78),(2,1,1000,12,60,79),(2,1,1000,13,10,64),(2,1,1000,13,10,82),(2,1,1000,13,10,83),(2,1,1000,13,20,67),(2,1,1000,13,20,84),(2,1,1000,13,20,85),(2,1,1000,13,30,71),(2,1,1000,13,30,86),(2,1,1000,13,30,87),(2,1,1000,13,40,74),(2,1,1000,13,40,88),(2,1,1000,13,40,89),(2,1,1000,13,50,77),(2,1,1000,13,60,80),(2,1,1000,13,60,81),(2,1,1001,12,10,65),(2,1,1001,12,10,66),(2,1,1001,12,20,68),(2,1,1001,12,20,69),(2,1,1001,12,30,70),(2,1,1001,12,30,72),(2,1,1001,12,40,73),(2,1,1001,12,40,75),(2,1,1001,12,50,76),(2,1,1001,12,50,78),(2,1,1001,12,60,79),(2,1,1001,13,10,64),(2,1,1001,13,10,82),(2,1,1001,13,10,83),(2,1,1001,13,20,67),(2,1,1001,13,20,84),(2,1,1001,13,20,85),(2,1,1001,13,30,71),(2,1,1001,13,30,86),(2,1,1001,13,30,87),(2,1,1001,13,40,74),(2,1,1001,13,40,88),(2,1,1001,13,40,89),(2,1,1001,13,50,77),(2,1,1001,13,60,80),(2,1,1001,13,60,81),(2,1,1002,12,10,65),(2,1,1002,12,10,66),(2,1,1002,12,20,68),(2,1,1002,12,20,69),(2,1,1002,12,30,70),(2,1,1002,12,30,72),(2,1,1002,12,40,73),(2,1,1002,12,40,75),(2,1,1002,12,50,76),(2,1,1002,12,50,78),(2,1,1002,12,60,79),(2,1,1002,13,10,64),(2,1,1002,13,10,82),(2,1,1002,13,10,83),(2,1,1002,13,20,67),(2,1,1002,13,20,84),(2,1,1002,13,20,85),(2,1,1002,13,30,71),(2,1,1002,13,30,86),(2,1,1002,13,30,87),(2,1,1002,13,40,74),(2,1,1002,13,40,88),(2,1,1002,13,40,89),(2,1,1002,13,50,77),(2,1,1002,13,60,80),(2,1,1002,13,60,81),(2,1,1003,12,10,65),(2,1,1003,12,10,66),(2,1,1003,12,20,68),(2,1,1003,12,20,69),(2,1,1003,12,30,70),(2,1,1003,12,30,72),(2,1,1003,12,40,73),(2,1,1003,12,40,75),(2,1,1003,12,50,76),(2,1,1003,12,50,78),(2,1,1003,12,60,79),(2,1,1003,13,10,64),(2,1,1003,13,10,82),(2,1,1003,13,10,83),(2,1,1003,13,20,67),(2,1,1003,13,20,84),(2,1,1003,13,20,85),(2,1,1003,13,30,71),(2,1,1003,13,30,86),(2,1,1003,13,30,87),(2,1,1003,13,40,74),(2,1,1003,13,40,88),(2,1,1003,13,40,89),(2,1,1003,13,50,77),(2,1,1003,13,60,80),(2,1,1003,13,60,81),(2,1,1004,12,10,65),(2,1,1004,12,10,66),(2,1,1004,12,20,68),(2,1,1004,12,20,69),(2,1,1004,12,30,70),(2,1,1004,12,30,72),(2,1,1004,12,40,73),(2,1,1004,12,40,75),(2,1,1004,12,50,76),(2,1,1004,12,50,78),(2,1,1004,12,60,79),(2,1,1004,13,10,64),(2,1,1004,13,10,82),(2,1,1004,13,10,83),(2,1,1004,13,20,67),(2,1,1004,13,20,84),(2,1,1004,13,20,85),(2,1,1004,13,30,71),(2,1,1004,13,30,86),(2,1,1004,13,30,87),(2,1,1004,13,40,74),(2,1,1004,13,40,88),(2,1,1004,13,40,89),(2,1,1004,13,50,77),(2,1,1004,13,60,80),(2,1,1004,13,60,81),(2,1,1005,12,10,65),(2,1,1005,12,10,66),(2,1,1005,12,20,68),(2,1,1005,12,20,69),(2,1,1005,12,30,70),(2,1,1005,12,30,72),(2,1,1005,12,40,73),(2,1,1005,12,40,75),(2,1,1005,12,50,76),(2,1,1005,12,50,78),(2,1,1005,12,60,79),(2,1,1005,13,10,64),(2,1,1005,13,10,82),(2,1,1005,13,10,83),(2,1,1005,13,20,67),(2,1,1005,13,20,84),(2,1,1005,13,20,85),(2,1,1005,13,30,71),(2,1,1005,13,30,86),(2,1,1005,13,30,87),(2,1,1005,13,40,74),(2,1,1005,13,40,88),(2,1,1005,13,40,89),(2,1,1005,13,50,77),(2,1,1005,13,60,80),(2,1,1005,13,60,81),(2,1,1006,12,10,65),(2,1,1006,12,10,66),(2,1,1006,12,20,68),(2,1,1006,12,20,69),(2,1,1006,12,30,70),(2,1,1006,12,30,72),(2,1,1006,12,40,73),(2,1,1006,12,40,75),(2,1,1006,12,50,76),(2,1,1006,12,50,78),(2,1,1006,12,60,79),(2,1,1006,13,10,64),(2,1,1006,13,10,82),(2,1,1006,13,10,83),(2,1,1006,13,20,67),(2,1,1006,13,20,84),(2,1,1006,13,20,85),(2,1,1006,13,30,71),(2,1,1006,13,30,86),(2,1,1006,13,30,87),(2,1,1006,13,40,74),(2,1,1006,13,40,88),(2,1,1006,13,40,89),(2,1,1006,13,50,77),(2,1,1006,13,60,80),(2,1,1006,13,60,81),(2,1,1007,12,10,65),(2,1,1007,12,10,66),(2,1,1007,12,20,68),(2,1,1007,12,20,69),(2,1,1007,12,30,70),(2,1,1007,12,30,72),(2,1,1007,12,40,73),(2,1,1007,12,40,75),(2,1,1007,12,50,76),(2,1,1007,12,50,78),(2,1,1007,12,60,79),(2,1,1007,13,10,64),(2,1,1007,13,10,82),(2,1,1007,13,10,83),(2,1,1007,13,20,67),(2,1,1007,13,20,84),(2,1,1007,13,20,85),(2,1,1007,13,30,71),(2,1,1007,13,30,86),(2,1,1007,13,30,87),(2,1,1007,13,40,74),(2,1,1007,13,40,88),(2,1,1007,13,40,89),(2,1,1007,13,50,77),(2,1,1007,13,60,80),(2,1,1007,13,60,81),(2,1,1008,12,10,65),(2,1,1008,12,10,66),(2,1,1008,12,20,68),(2,1,1008,12,20,69),(2,1,1008,12,30,70),(2,1,1008,12,30,72),(2,1,1008,12,40,73),(2,1,1008,12,40,75),(2,1,1008,12,50,76),(2,1,1008,12,50,78),(2,1,1008,12,60,79),(2,1,1008,13,10,64),(2,1,1008,13,10,82),(2,1,1008,13,10,83),(2,1,1008,13,20,67),(2,1,1008,13,20,84),(2,1,1008,13,20,85),(2,1,1008,13,30,71),(2,1,1008,13,30,86),(2,1,1008,13,30,87),(2,1,1008,13,40,74),(2,1,1008,13,40,88),(2,1,1008,13,40,89),(2,1,1008,13,50,77),(2,1,1008,13,60,80),(2,1,1008,13,60,81),(2,1,1009,12,10,65),(2,1,1009,12,10,66),(2,1,1009,12,20,68),(2,1,1009,12,20,69),(2,1,1009,12,30,70),(2,1,1009,12,30,72),(2,1,1009,12,40,73),(2,1,1009,12,40,75),(2,1,1009,12,50,76),(2,1,1009,12,50,78),(2,1,1009,12,60,79),(2,1,1009,13,10,64),(2,1,1009,13,10,82),(2,1,1009,13,10,83),(2,1,1009,13,20,67),(2,1,1009,13,20,84),(2,1,1009,13,20,85),(2,1,1009,13,30,71),(2,1,1009,13,30,86),(2,1,1009,13,30,87),(2,1,1009,13,40,74),(2,1,1009,13,40,88),(2,1,1009,13,40,89),(2,1,1009,13,50,77),(2,1,1009,13,60,80),(2,1,1009,13,60,81),(2,1,1010,12,10,65),(2,1,1010,12,10,66),(2,1,1010,12,20,68),(2,1,1010,12,20,69),(2,1,1010,12,30,70),(2,1,1010,12,30,72),(2,1,1010,12,40,73),(2,1,1010,12,40,75),(2,1,1010,12,50,76),(2,1,1010,12,50,78),(2,1,1010,12,60,79),(2,1,1010,13,10,64),(2,1,1010,13,10,82),(2,1,1010,13,10,83),(2,1,1010,13,20,67),(2,1,1010,13,20,84),(2,1,1010,13,20,85),(2,1,1010,13,30,71),(2,1,1010,13,30,86),(2,1,1010,13,30,87),(2,1,1010,13,40,74),(2,1,1010,13,40,88),(2,1,1010,13,40,89),(2,1,1010,13,50,77),(2,1,1010,13,60,80),(2,1,1010,13,60,81),(2,1,1011,12,10,65),(2,1,1011,12,10,66),(2,1,1011,12,20,68),(2,1,1011,12,20,69),(2,1,1011,12,30,70),(2,1,1011,12,30,72),(2,1,1011,12,40,73),(2,1,1011,12,40,75),(2,1,1011,12,50,76),(2,1,1011,12,50,78),(2,1,1011,12,60,79),(2,1,1011,13,10,64),(2,1,1011,13,10,82),(2,1,1011,13,10,83),(2,1,1011,13,20,67),(2,1,1011,13,20,84),(2,1,1011,13,20,85),(2,1,1011,13,30,71),(2,1,1011,13,30,86),(2,1,1011,13,30,87),(2,1,1011,13,40,74),(2,1,1011,13,40,88),(2,1,1011,13,40,89),(2,1,1011,13,50,77),(2,1,1011,13,60,80),(2,1,1011,13,60,81),(2,1,1012,12,10,65),(2,1,1012,12,10,66),(2,1,1012,12,20,68),(2,1,1012,12,20,69),(2,1,1012,12,30,70),(2,1,1012,12,30,72),(2,1,1012,12,40,73),(2,1,1012,12,40,75),(2,1,1012,12,50,76),(2,1,1012,12,50,78),(2,1,1012,12,60,79),(2,1,1012,13,10,64),(2,1,1012,13,10,82),(2,1,1012,13,10,83),(2,1,1012,13,20,67),(2,1,1012,13,20,84),(2,1,1012,13,20,85),(2,1,1012,13,30,71),(2,1,1012,13,30,86),(2,1,1012,13,30,87),(2,1,1012,13,40,74),(2,1,1012,13,40,88),(2,1,1012,13,40,89),(2,1,1012,13,50,77),(2,1,1012,13,60,80),(2,1,1012,13,60,81),(2,1,1013,12,10,65),(2,1,1013,12,10,66),(2,1,1013,12,20,68),(2,1,1013,12,20,69),(2,1,1013,12,30,70),(2,1,1013,12,30,72),(2,1,1013,12,40,73),(2,1,1013,12,40,75),(2,1,1013,12,50,76),(2,1,1013,12,50,78),(2,1,1013,12,60,79),(2,1,1013,13,10,64),(2,1,1013,13,10,82),(2,1,1013,13,10,83),(2,1,1013,13,20,67),(2,1,1013,13,20,84),(2,1,1013,13,20,85),(2,1,1013,13,30,71),(2,1,1013,13,30,86),(2,1,1013,13,30,87),(2,1,1013,13,40,74),(2,1,1013,13,40,88),(2,1,1013,13,40,89),(2,1,1013,13,50,77),(2,1,1013,13,60,80),(2,1,1013,13,60,81),(2,1,1014,12,10,65),(2,1,1014,12,10,66),(2,1,1014,12,20,68),(2,1,1014,12,20,69),(2,1,1014,12,30,70),(2,1,1014,12,30,72),(2,1,1014,12,40,73),(2,1,1014,12,40,75),(2,1,1014,12,50,76),(2,1,1014,12,50,78),(2,1,1014,12,60,79),(2,1,1014,13,10,64),(2,1,1014,13,10,82),(2,1,1014,13,10,83),(2,1,1014,13,20,67),(2,1,1014,13,20,84),(2,1,1014,13,20,85),(2,1,1014,13,30,71),(2,1,1014,13,30,86),(2,1,1014,13,30,87),(2,1,1014,13,40,74),(2,1,1014,13,40,88),(2,1,1014,13,40,89),(2,1,1014,13,50,77),(2,1,1014,13,60,80),(2,1,1014,13,60,81),(2,1,1015,12,10,65),(2,1,1015,12,10,66),(2,1,1015,12,20,68),(2,1,1015,12,20,69),(2,1,1015,12,30,70),(2,1,1015,12,30,72),(2,1,1015,12,40,73),(2,1,1015,12,40,75),(2,1,1015,12,50,76),(2,1,1015,12,50,78),(2,1,1015,12,60,79),(2,1,1015,13,10,64),(2,1,1015,13,10,82),(2,1,1015,13,10,83),(2,1,1015,13,20,67),(2,1,1015,13,20,84),(2,1,1015,13,20,85),(2,1,1015,13,30,71),(2,1,1015,13,30,86),(2,1,1015,13,30,87),(2,1,1015,13,40,74),(2,1,1015,13,40,88),(2,1,1015,13,40,89),(2,1,1015,13,50,77),(2,1,1015,13,60,80),(2,1,1015,13,60,81),(2,1,1016,12,10,65),(2,1,1016,12,10,66),(2,1,1016,12,20,68),(2,1,1016,12,20,69),(2,1,1016,12,30,70),(2,1,1016,12,30,72),(2,1,1016,12,40,73),(2,1,1016,12,40,75),(2,1,1016,12,50,76),(2,1,1016,12,50,78),(2,1,1016,12,60,79),(2,1,1016,13,10,64),(2,1,1016,13,10,82),(2,1,1016,13,10,83),(2,1,1016,13,20,67),(2,1,1016,13,20,84),(2,1,1016,13,20,85),(2,1,1016,13,30,71),(2,1,1016,13,30,86),(2,1,1016,13,30,87),(2,1,1016,13,40,74),(2,1,1016,13,40,88),(2,1,1016,13,40,89),(2,1,1016,13,50,77),(2,1,1016,13,60,80),(2,1,1016,13,60,81),(2,1,1017,12,10,65),(2,1,1017,12,10,66),(2,1,1017,12,20,68),(2,1,1017,12,20,69),(2,1,1017,12,30,70),(2,1,1017,12,30,72),(2,1,1017,12,40,73),(2,1,1017,12,40,75),(2,1,1017,12,50,76),(2,1,1017,12,50,78),(2,1,1017,12,60,79),(2,1,1017,13,10,64),(2,1,1017,13,10,82),(2,1,1017,13,10,83),(2,1,1017,13,20,67),(2,1,1017,13,20,84),(2,1,1017,13,20,85),(2,1,1017,13,30,71),(2,1,1017,13,30,86),(2,1,1017,13,30,87),(2,1,1017,13,40,74),(2,1,1017,13,40,88),(2,1,1017,13,40,89),(2,1,1017,13,50,77),(2,1,1017,13,60,80),(2,1,1017,13,60,81),(2,1,1018,12,10,65),(2,1,1018,12,10,66),(2,1,1018,12,20,68),(2,1,1018,12,20,69),(2,1,1018,12,30,70),(2,1,1018,12,30,72),(2,1,1018,12,40,73),(2,1,1018,12,40,75),(2,1,1018,12,50,76),(2,1,1018,12,50,78),(2,1,1018,12,60,79),(2,1,1018,13,10,64),(2,1,1018,13,10,82),(2,1,1018,13,10,83),(2,1,1018,13,20,67),(2,1,1018,13,20,84),(2,1,1018,13,20,85),(2,1,1018,13,30,71),(2,1,1018,13,30,86),(2,1,1018,13,30,87),(2,1,1018,13,40,74),(2,1,1018,13,40,88),(2,1,1018,13,40,89),(2,1,1018,13,50,77),(2,1,1018,13,60,80),(2,1,1018,13,60,81),(2,1,1019,12,10,65),(2,1,1019,12,10,66),(2,1,1019,12,20,68),(2,1,1019,12,20,69),(2,1,1019,12,30,70),(2,1,1019,12,30,72),(2,1,1019,12,40,73),(2,1,1019,12,40,75),(2,1,1019,12,50,76),(2,1,1019,12,50,78),(2,1,1019,12,60,79),(2,1,1019,13,10,64),(2,1,1019,13,10,82),(2,1,1019,13,10,83),(2,1,1019,13,20,67),(2,1,1019,13,20,84),(2,1,1019,13,20,85),(2,1,1019,13,30,71),(2,1,1019,13,30,86),(2,1,1019,13,30,87),(2,1,1019,13,40,74),(2,1,1019,13,40,88),(2,1,1019,13,40,89),(2,1,1019,13,50,77),(2,1,1019,13,60,80),(2,1,1019,13,60,81),(2,1,1020,12,10,65),(2,1,1020,12,10,66),(2,1,1020,12,20,68),(2,1,1020,12,20,69),(2,1,1020,12,30,70),(2,1,1020,12,30,72),(2,1,1020,12,40,73),(2,1,1020,12,40,75),(2,1,1020,12,50,76),(2,1,1020,12,50,78),(2,1,1020,12,60,79),(2,1,1020,13,10,64),(2,1,1020,13,10,82),(2,1,1020,13,10,83),(2,1,1020,13,20,67),(2,1,1020,13,20,84),(2,1,1020,13,20,85),(2,1,1020,13,30,71),(2,1,1020,13,30,86),(2,1,1020,13,30,87),(2,1,1020,13,40,74),(2,1,1020,13,40,88),(2,1,1020,13,40,89),(2,1,1020,13,50,77),(2,1,1020,13,60,80),(2,1,1020,13,60,81),(2,1,1021,12,10,65),(2,1,1021,12,10,66),(2,1,1021,12,20,68),(2,1,1021,12,20,69),(2,1,1021,12,30,70),(2,1,1021,12,30,72),(2,1,1021,12,40,73),(2,1,1021,12,40,75),(2,1,1021,12,50,76),(2,1,1021,12,50,78),(2,1,1021,12,60,79),(2,1,1021,13,10,64),(2,1,1021,13,10,82),(2,1,1021,13,10,83),(2,1,1021,13,20,67),(2,1,1021,13,20,84),(2,1,1021,13,20,85),(2,1,1021,13,30,71),(2,1,1021,13,30,86),(2,1,1021,13,30,87),(2,1,1021,13,40,74),(2,1,1021,13,40,88),(2,1,1021,13,40,89),(2,1,1021,13,50,77),(2,1,1021,13,60,80),(2,1,1021,13,60,81),(2,1,1022,12,10,65),(2,1,1022,12,10,66),(2,1,1022,12,20,68),(2,1,1022,12,20,69),(2,1,1022,12,30,70),(2,1,1022,12,30,72),(2,1,1022,12,40,73),(2,1,1022,12,40,75),(2,1,1022,12,50,76),(2,1,1022,12,50,78),(2,1,1022,12,60,79),(2,1,1022,13,10,64),(2,1,1022,13,10,82),(2,1,1022,13,10,83),(2,1,1022,13,20,67),(2,1,1022,13,20,84),(2,1,1022,13,20,85),(2,1,1022,13,30,71),(2,1,1022,13,30,86),(2,1,1022,13,30,87),(2,1,1022,13,40,74),(2,1,1022,13,40,88),(2,1,1022,13,40,89),(2,1,1022,13,50,77),(2,1,1022,13,60,80),(2,1,1022,13,60,81),(2,1,1023,12,10,65),(2,1,1023,12,10,66),(2,1,1023,12,20,68),(2,1,1023,12,20,69),(2,1,1023,12,30,70),(2,1,1023,12,30,72),(2,1,1023,12,40,73),(2,1,1023,12,40,75),(2,1,1023,12,50,76),(2,1,1023,12,50,78),(2,1,1023,12,60,79),(2,1,1023,13,10,64),(2,1,1023,13,10,82),(2,1,1023,13,10,83),(2,1,1023,13,20,67),(2,1,1023,13,20,84),(2,1,1023,13,20,85),(2,1,1023,13,30,71),(2,1,1023,13,30,86),(2,1,1023,13,30,87),(2,1,1023,13,40,74),(2,1,1023,13,40,88),(2,1,1023,13,40,89),(2,1,1023,13,50,77),(2,1,1023,13,60,80),(2,1,1023,13,60,81),(2,1,1024,12,10,65),(2,1,1024,12,10,66),(2,1,1024,12,20,68),(2,1,1024,12,20,69),(2,1,1024,12,30,70),(2,1,1024,12,30,72),(2,1,1024,12,40,73),(2,1,1024,12,40,75),(2,1,1024,12,50,76),(2,1,1024,12,50,78),(2,1,1024,12,60,79),(2,1,1024,13,10,64),(2,1,1024,13,10,82),(2,1,1024,13,10,83),(2,1,1024,13,20,67),(2,1,1024,13,20,84),(2,1,1024,13,20,85),(2,1,1024,13,30,71),(2,1,1024,13,30,86),(2,1,1024,13,30,87),(2,1,1024,13,40,74),(2,1,1024,13,40,88),(2,1,1024,13,40,89),(2,1,1024,13,50,77),(2,1,1024,13,60,80),(2,1,1024,13,60,81),(2,1,1025,12,10,65),(2,1,1025,12,10,66),(2,1,1025,12,20,68),(2,1,1025,12,20,69),(2,1,1025,12,30,70),(2,1,1025,12,30,72),(2,1,1025,12,40,73),(2,1,1025,12,40,75),(2,1,1025,12,50,76),(2,1,1025,12,50,78),(2,1,1025,12,60,79),(2,1,1025,13,10,64),(2,1,1025,13,10,82),(2,1,1025,13,10,83),(2,1,1025,13,20,67),(2,1,1025,13,20,84),(2,1,1025,13,20,85),(2,1,1025,13,30,71),(2,1,1025,13,30,86),(2,1,1025,13,30,87),(2,1,1025,13,40,74),(2,1,1025,13,40,88),(2,1,1025,13,40,89),(2,1,1025,13,50,77),(2,1,1025,13,60,80),(2,1,1025,13,60,81),(2,1,1026,12,10,65),(2,1,1026,12,10,66),(2,1,1026,12,20,68),(2,1,1026,12,20,69),(2,1,1026,12,30,70),(2,1,1026,12,30,72),(2,1,1026,12,40,73),(2,1,1026,12,40,75),(2,1,1026,12,50,76),(2,1,1026,12,50,78),(2,1,1026,12,60,79),(2,1,1026,13,10,64),(2,1,1026,13,10,82),(2,1,1026,13,10,83),(2,1,1026,13,20,67),(2,1,1026,13,20,84),(2,1,1026,13,20,85),(2,1,1026,13,30,71),(2,1,1026,13,30,86),(2,1,1026,13,30,87),(2,1,1026,13,40,74),(2,1,1026,13,40,88),(2,1,1026,13,40,89),(2,1,1026,13,50,77),(2,1,1026,13,60,80),(2,1,1026,13,60,81),(2,1,1027,12,10,65),(2,1,1027,12,10,66),(2,1,1027,12,20,68),(2,1,1027,12,20,69),(2,1,1027,12,30,70),(2,1,1027,12,30,72),(2,1,1027,12,40,73),(2,1,1027,12,40,75),(2,1,1027,12,50,76),(2,1,1027,12,50,78),(2,1,1027,12,60,79),(2,1,1027,13,10,64),(2,1,1027,13,10,82),(2,1,1027,13,10,83),(2,1,1027,13,20,67),(2,1,1027,13,20,84),(2,1,1027,13,20,85),(2,1,1027,13,30,71),(2,1,1027,13,30,86),(2,1,1027,13,30,87),(2,1,1027,13,40,74),(2,1,1027,13,40,88),(2,1,1027,13,40,89),(2,1,1027,13,50,77),(2,1,1027,13,60,80),(2,1,1027,13,60,81),(2,1,1028,12,10,65),(2,1,1028,12,10,66),(2,1,1028,12,20,68),(2,1,1028,12,20,69),(2,1,1028,12,30,70),(2,1,1028,12,30,72),(2,1,1028,12,40,73),(2,1,1028,12,40,75),(2,1,1028,12,50,76),(2,1,1028,12,50,78),(2,1,1028,12,60,79),(2,1,1028,13,10,64),(2,1,1028,13,10,82),(2,1,1028,13,10,83),(2,1,1028,13,20,67),(2,1,1028,13,20,84),(2,1,1028,13,20,85),(2,1,1028,13,30,71),(2,1,1028,13,30,86),(2,1,1028,13,30,87),(2,1,1028,13,40,74),(2,1,1028,13,40,88),(2,1,1028,13,40,89),(2,1,1028,13,50,77),(2,1,1028,13,60,80),(2,1,1028,13,60,81),(2,1,1029,12,10,65),(2,1,1029,12,10,66),(2,1,1029,12,20,68),(2,1,1029,12,20,69),(2,1,1029,12,30,70),(2,1,1029,12,30,72),(2,1,1029,12,40,73),(2,1,1029,12,40,75),(2,1,1029,12,50,76),(2,1,1029,12,50,78),(2,1,1029,12,60,79),(2,1,1029,13,10,64),(2,1,1029,13,10,82),(2,1,1029,13,10,83),(2,1,1029,13,20,67),(2,1,1029,13,20,84),(2,1,1029,13,20,85),(2,1,1029,13,30,71),(2,1,1029,13,30,86),(2,1,1029,13,30,87),(2,1,1029,13,40,74),(2,1,1029,13,40,88),(2,1,1029,13,40,89),(2,1,1029,13,50,77),(2,1,1029,13,60,80),(2,1,1029,13,60,81),(2,1,1030,12,10,65),(2,1,1030,12,10,66),(2,1,1030,12,20,68),(2,1,1030,12,20,69),(2,1,1030,12,30,70),(2,1,1030,12,30,72),(2,1,1030,12,40,73),(2,1,1030,12,40,75),(2,1,1030,12,50,76),(2,1,1030,12,50,78),(2,1,1030,12,60,79),(2,1,1030,13,10,64),(2,1,1030,13,10,82),(2,1,1030,13,10,83),(2,1,1030,13,20,67),(2,1,1030,13,20,84),(2,1,1030,13,20,85),(2,1,1030,13,30,71),(2,1,1030,13,30,86),(2,1,1030,13,30,87),(2,1,1030,13,40,74),(2,1,1030,13,40,88),(2,1,1030,13,40,89),(2,1,1030,13,50,77),(2,1,1030,13,60,80),(2,1,1030,13,60,81),(2,1,1031,12,10,65),(2,1,1031,12,10,66),(2,1,1031,12,20,68),(2,1,1031,12,20,69),(2,1,1031,12,30,70),(2,1,1031,12,30,72),(2,1,1031,12,40,73),(2,1,1031,12,40,75),(2,1,1031,12,50,76),(2,1,1031,12,50,78),(2,1,1031,12,60,79),(2,1,1031,13,10,64),(2,1,1031,13,10,82),(2,1,1031,13,10,83),(2,1,1031,13,20,67),(2,1,1031,13,20,84),(2,1,1031,13,20,85),(2,1,1031,13,30,71),(2,1,1031,13,30,86),(2,1,1031,13,30,87),(2,1,1031,13,40,74),(2,1,1031,13,40,88),(2,1,1031,13,40,89),(2,1,1031,13,50,77),(2,1,1031,13,60,80),(2,1,1031,13,60,81),(2,1,1032,12,10,65),(2,1,1032,12,10,66),(2,1,1032,12,20,68),(2,1,1032,12,20,69),(2,1,1032,12,30,70),(2,1,1032,12,30,72),(2,1,1032,12,40,73),(2,1,1032,12,40,75),(2,1,1032,12,50,76),(2,1,1032,12,50,78),(2,1,1032,12,60,79),(2,1,1032,13,10,64),(2,1,1032,13,10,82),(2,1,1032,13,10,83),(2,1,1032,13,20,67),(2,1,1032,13,20,84),(2,1,1032,13,20,85),(2,1,1032,13,30,71),(2,1,1032,13,30,86),(2,1,1032,13,30,87),(2,1,1032,13,40,74),(2,1,1032,13,40,88),(2,1,1032,13,40,89),(2,1,1032,13,50,77),(2,1,1032,13,60,80),(2,1,1032,13,60,81),(2,1,1033,12,10,65),(2,1,1033,12,10,66),(2,1,1033,12,20,68),(2,1,1033,12,20,69),(2,1,1033,12,30,70),(2,1,1033,12,30,72),(2,1,1033,12,40,73),(2,1,1033,12,40,75),(2,1,1033,12,50,76),(2,1,1033,12,50,78),(2,1,1033,12,60,79),(2,1,1033,13,10,64),(2,1,1033,13,10,82),(2,1,1033,13,10,83),(2,1,1033,13,20,67),(2,1,1033,13,20,84),(2,1,1033,13,20,85),(2,1,1033,13,30,71),(2,1,1033,13,30,86),(2,1,1033,13,30,87),(2,1,1033,13,40,74),(2,1,1033,13,40,88),(2,1,1033,13,40,89),(2,1,1033,13,50,77),(2,1,1033,13,60,80),(2,1,1033,13,60,81),(2,1,1034,12,10,65),(2,1,1034,12,10,66),(2,1,1034,12,20,68),(2,1,1034,12,20,69),(2,1,1034,12,30,70),(2,1,1034,12,30,72),(2,1,1034,12,40,73),(2,1,1034,12,40,75),(2,1,1034,12,50,76),(2,1,1034,12,50,78),(2,1,1034,12,60,79),(2,1,1034,13,10,64),(2,1,1034,13,10,82),(2,1,1034,13,10,83),(2,1,1034,13,20,67),(2,1,1034,13,20,84),(2,1,1034,13,20,85),(2,1,1034,13,30,71),(2,1,1034,13,30,86),(2,1,1034,13,30,87),(2,1,1034,13,40,74),(2,1,1034,13,40,88),(2,1,1034,13,40,89),(2,1,1034,13,50,77),(2,1,1034,13,60,80),(2,1,1034,13,60,81),(2,1,1035,12,10,65),(2,1,1035,12,10,66),(2,1,1035,12,20,68),(2,1,1035,12,20,69),(2,1,1035,12,30,70),(2,1,1035,12,30,72),(2,1,1035,12,40,73),(2,1,1035,12,40,75),(2,1,1035,12,50,76),(2,1,1035,12,50,78),(2,1,1035,12,60,79),(2,1,1035,13,10,64),(2,1,1035,13,10,82),(2,1,1035,13,10,83),(2,1,1035,13,20,67),(2,1,1035,13,20,84),(2,1,1035,13,20,85),(2,1,1035,13,30,71),(2,1,1035,13,30,86),(2,1,1035,13,30,87),(2,1,1035,13,40,74),(2,1,1035,13,40,88),(2,1,1035,13,40,89),(2,1,1035,13,50,77),(2,1,1035,13,60,80),(2,1,1035,13,60,81),(2,1,1036,12,10,65),(2,1,1036,12,10,66),(2,1,1036,12,20,68),(2,1,1036,12,20,69),(2,1,1036,12,30,70),(2,1,1036,12,30,72),(2,1,1036,12,40,73),(2,1,1036,12,40,75),(2,1,1036,12,50,76),(2,1,1036,12,50,78),(2,1,1036,12,60,79),(2,1,1036,13,10,64),(2,1,1036,13,10,82),(2,1,1036,13,10,83),(2,1,1036,13,20,67),(2,1,1036,13,20,84),(2,1,1036,13,20,85),(2,1,1036,13,30,71),(2,1,1036,13,30,86),(2,1,1036,13,30,87),(2,1,1036,13,40,74),(2,1,1036,13,40,88),(2,1,1036,13,40,89),(2,1,1036,13,50,77),(2,1,1036,13,60,80),(2,1,1036,13,60,81),(2,1,1037,12,10,65),(2,1,1037,12,10,66),(2,1,1037,12,20,68),(2,1,1037,12,20,69),(2,1,1037,12,30,70),(2,1,1037,12,30,72),(2,1,1037,12,40,73),(2,1,1037,12,40,75),(2,1,1037,12,50,76),(2,1,1037,12,50,78),(2,1,1037,12,60,79),(2,1,1037,13,10,64),(2,1,1037,13,10,82),(2,1,1037,13,10,83),(2,1,1037,13,20,67),(2,1,1037,13,20,84),(2,1,1037,13,20,85),(2,1,1037,13,30,71),(2,1,1037,13,30,86),(2,1,1037,13,30,87),(2,1,1037,13,40,74),(2,1,1037,13,40,88),(2,1,1037,13,40,89),(2,1,1037,13,50,77),(2,1,1037,13,60,80),(2,1,1037,13,60,81),(2,1,1038,12,10,65),(2,1,1038,12,10,66),(2,1,1038,12,20,68),(2,1,1038,12,20,69),(2,1,1038,12,30,70),(2,1,1038,12,30,72),(2,1,1038,12,40,73),(2,1,1038,12,40,75),(2,1,1038,12,50,76),(2,1,1038,12,50,78),(2,1,1038,12,60,79),(2,1,1038,13,10,64),(2,1,1038,13,10,82),(2,1,1038,13,10,83),(2,1,1038,13,20,67),(2,1,1038,13,20,84),(2,1,1038,13,20,85),(2,1,1038,13,30,71),(2,1,1038,13,30,86),(2,1,1038,13,30,87),(2,1,1038,13,40,74),(2,1,1038,13,40,88),(2,1,1038,13,40,89),(2,1,1038,13,50,77),(2,1,1038,13,60,80),(2,1,1038,13,60,81),(2,1,1039,12,10,65),(2,1,1039,12,10,66),(2,1,1039,12,20,68),(2,1,1039,12,20,69),(2,1,1039,12,30,70),(2,1,1039,12,30,72),(2,1,1039,12,40,73),(2,1,1039,12,40,75),(2,1,1039,12,50,76),(2,1,1039,12,50,78),(2,1,1039,12,60,79),(2,1,1039,13,10,64),(2,1,1039,13,10,82),(2,1,1039,13,10,83),(2,1,1039,13,20,67),(2,1,1039,13,20,84),(2,1,1039,13,20,85),(2,1,1039,13,30,71),(2,1,1039,13,30,86),(2,1,1039,13,30,87),(2,1,1039,13,40,74),(2,1,1039,13,40,88),(2,1,1039,13,40,89),(2,1,1039,13,50,77),(2,1,1039,13,60,80),(2,1,1039,13,60,81),(2,1,1040,12,10,65),(2,1,1040,12,10,66),(2,1,1040,12,20,68),(2,1,1040,12,20,69),(2,1,1040,12,30,70),(2,1,1040,12,30,72),(2,1,1040,12,40,73),(2,1,1040,12,40,75),(2,1,1040,12,50,76),(2,1,1040,12,50,78),(2,1,1040,12,60,79),(2,1,1040,13,10,64),(2,1,1040,13,10,82),(2,1,1040,13,10,83),(2,1,1040,13,20,67),(2,1,1040,13,20,84),(2,1,1040,13,20,85),(2,1,1040,13,30,71),(2,1,1040,13,30,86),(2,1,1040,13,30,87),(2,1,1040,13,40,74),(2,1,1040,13,40,88),(2,1,1040,13,40,89),(2,1,1040,13,50,77),(2,1,1040,13,60,80),(2,1,1040,13,60,81),(2,1,1041,12,10,65),(2,1,1041,12,10,66),(2,1,1041,12,20,68),(2,1,1041,12,20,69),(2,1,1041,12,30,70),(2,1,1041,12,30,72),(2,1,1041,12,40,73),(2,1,1041,12,40,75),(2,1,1041,12,50,76),(2,1,1041,12,50,78),(2,1,1041,12,60,79),(2,1,1041,13,10,64),(2,1,1041,13,10,82),(2,1,1041,13,10,83),(2,1,1041,13,20,67),(2,1,1041,13,20,84),(2,1,1041,13,20,85),(2,1,1041,13,30,71),(2,1,1041,13,30,86),(2,1,1041,13,30,87),(2,1,1041,13,40,74),(2,1,1041,13,40,88),(2,1,1041,13,40,89),(2,1,1041,13,50,77),(2,1,1041,13,60,80),(2,1,1041,13,60,81),(2,1,1042,12,10,65),(2,1,1042,12,10,66),(2,1,1042,12,20,68),(2,1,1042,12,20,69),(2,1,1042,12,30,70),(2,1,1042,12,30,72),(2,1,1042,12,40,73),(2,1,1042,12,40,75),(2,1,1042,12,50,76),(2,1,1042,12,50,78),(2,1,1042,12,60,79),(2,1,1042,13,10,64),(2,1,1042,13,10,82),(2,1,1042,13,10,83),(2,1,1042,13,20,67),(2,1,1042,13,20,84),(2,1,1042,13,20,85),(2,1,1042,13,30,71),(2,1,1042,13,30,86),(2,1,1042,13,30,87),(2,1,1042,13,40,74),(2,1,1042,13,40,88),(2,1,1042,13,40,89),(2,1,1042,13,50,77),(2,1,1042,13,60,80),(2,1,1042,13,60,81),(2,1,1043,12,10,65),(2,1,1043,12,10,66),(2,1,1043,12,20,68),(2,1,1043,12,20,69),(2,1,1043,12,30,70),(2,1,1043,12,30,72),(2,1,1043,12,40,73),(2,1,1043,12,40,75),(2,1,1043,12,50,76),(2,1,1043,12,50,78),(2,1,1043,12,60,79),(2,1,1043,13,10,64),(2,1,1043,13,10,82),(2,1,1043,13,10,83),(2,1,1043,13,20,67),(2,1,1043,13,20,84),(2,1,1043,13,20,85),(2,1,1043,13,30,71),(2,1,1043,13,30,86),(2,1,1043,13,30,87),(2,1,1043,13,40,74),(2,1,1043,13,40,88),(2,1,1043,13,40,89),(2,1,1043,13,50,77),(2,1,1043,13,60,80),(2,1,1043,13,60,81),(2,1,1044,12,10,65),(2,1,1044,12,10,66),(2,1,1044,12,20,68),(2,1,1044,12,20,69),(2,1,1044,12,30,70),(2,1,1044,12,30,72),(2,1,1044,12,40,73),(2,1,1044,12,40,75),(2,1,1044,12,50,76),(2,1,1044,12,50,78),(2,1,1044,12,60,79),(2,1,1044,13,10,64),(2,1,1044,13,10,82),(2,1,1044,13,10,83),(2,1,1044,13,20,67),(2,1,1044,13,20,84),(2,1,1044,13,20,85),(2,1,1044,13,30,71),(2,1,1044,13,30,86),(2,1,1044,13,30,87),(2,1,1044,13,40,74),(2,1,1044,13,40,88),(2,1,1044,13,40,89),(2,1,1044,13,50,77),(2,1,1044,13,60,80),(2,1,1044,13,60,81),(2,1,1045,12,10,65),(2,1,1045,12,10,66),(2,1,1045,12,20,68),(2,1,1045,12,20,69),(2,1,1045,12,30,70),(2,1,1045,12,30,72),(2,1,1045,12,40,73),(2,1,1045,12,40,75),(2,1,1045,12,50,76),(2,1,1045,12,50,78),(2,1,1045,12,60,79),(2,1,1045,13,10,64),(2,1,1045,13,10,82),(2,1,1045,13,10,83),(2,1,1045,13,20,67),(2,1,1045,13,20,84),(2,1,1045,13,20,85),(2,1,1045,13,30,71),(2,1,1045,13,30,86),(2,1,1045,13,30,87),(2,1,1045,13,40,74),(2,1,1045,13,40,88),(2,1,1045,13,40,89),(2,1,1045,13,50,77),(2,1,1045,13,60,80),(2,1,1045,13,60,81),(2,1,1046,12,10,65),(2,1,1046,12,10,66),(2,1,1046,12,20,68),(2,1,1046,12,20,69),(2,1,1046,12,30,70),(2,1,1046,12,30,72),(2,1,1046,12,40,73),(2,1,1046,12,40,75),(2,1,1046,12,50,76),(2,1,1046,12,50,78),(2,1,1046,12,60,79),(2,1,1046,13,10,64),(2,1,1046,13,10,82),(2,1,1046,13,10,83),(2,1,1046,13,20,67),(2,1,1046,13,20,84),(2,1,1046,13,20,85),(2,1,1046,13,30,71),(2,1,1046,13,30,86),(2,1,1046,13,30,87),(2,1,1046,13,40,74),(2,1,1046,13,40,88),(2,1,1046,13,40,89),(2,1,1046,13,50,77),(2,1,1046,13,60,80),(2,1,1046,13,60,81),(2,1,1047,12,10,65),(2,1,1047,12,10,66),(2,1,1047,12,20,68),(2,1,1047,12,20,69),(2,1,1047,12,30,70),(2,1,1047,12,30,72),(2,1,1047,12,40,73),(2,1,1047,12,40,75),(2,1,1047,12,50,76),(2,1,1047,12,50,78),(2,1,1047,12,60,79),(2,1,1047,13,10,64),(2,1,1047,13,10,82),(2,1,1047,13,10,83),(2,1,1047,13,20,67),(2,1,1047,13,20,84),(2,1,1047,13,20,85),(2,1,1047,13,30,71),(2,1,1047,13,30,86),(2,1,1047,13,30,87),(2,1,1047,13,40,74),(2,1,1047,13,40,88),(2,1,1047,13,40,89),(2,1,1047,13,50,77),(2,1,1047,13,60,80),(2,1,1047,13,60,81),(2,1,1048,12,10,65),(2,1,1048,12,10,66),(2,1,1048,12,20,68),(2,1,1048,12,20,69),(2,1,1048,12,30,70),(2,1,1048,12,30,72),(2,1,1048,12,40,73),(2,1,1048,12,40,75),(2,1,1048,12,50,76),(2,1,1048,12,50,78),(2,1,1048,12,60,79),(2,1,1048,13,10,64),(2,1,1048,13,10,82),(2,1,1048,13,10,83),(2,1,1048,13,20,67),(2,1,1048,13,20,84),(2,1,1048,13,20,85),(2,1,1048,13,30,71),(2,1,1048,13,30,86),(2,1,1048,13,30,87),(2,1,1048,13,40,74),(2,1,1048,13,40,88),(2,1,1048,13,40,89),(2,1,1048,13,50,77),(2,1,1048,13,60,80),(2,1,1048,13,60,81),(2,1,1049,12,10,65),(2,1,1049,12,10,66),(2,1,1049,12,20,68),(2,1,1049,12,20,69),(2,1,1049,12,30,70),(2,1,1049,12,30,72),(2,1,1049,12,40,73),(2,1,1049,12,40,75),(2,1,1049,12,50,76),(2,1,1049,12,50,78),(2,1,1049,12,60,79),(2,1,1049,13,10,64),(2,1,1049,13,10,82),(2,1,1049,13,10,83),(2,1,1049,13,20,67),(2,1,1049,13,20,84),(2,1,1049,13,20,85),(2,1,1049,13,30,71),(2,1,1049,13,30,86),(2,1,1049,13,30,87),(2,1,1049,13,40,74),(2,1,1049,13,40,88),(2,1,1049,13,40,89),(2,1,1049,13,50,77),(2,1,1049,13,60,80),(2,1,1049,13,60,81),(2,1,1050,12,10,65),(2,1,1050,12,10,66),(2,1,1050,12,20,68),(2,1,1050,12,20,69),(2,1,1050,12,30,70),(2,1,1050,12,30,72),(2,1,1050,12,40,73),(2,1,1050,12,40,75),(2,1,1050,12,50,76),(2,1,1050,12,50,78),(2,1,1050,12,60,79),(2,1,1050,13,10,64),(2,1,1050,13,10,82),(2,1,1050,13,10,83),(2,1,1050,13,20,67),(2,1,1050,13,20,84),(2,1,1050,13,20,85),(2,1,1050,13,30,71),(2,1,1050,13,30,86),(2,1,1050,13,30,87),(2,1,1050,13,40,74),(2,1,1050,13,40,88),(2,1,1050,13,40,89),(2,1,1050,13,50,77),(2,1,1050,13,60,80),(2,1,1050,13,60,81),(2,1,1051,12,10,65),(2,1,1051,12,10,66),(2,1,1051,12,20,68),(2,1,1051,12,20,69),(2,1,1051,12,30,70),(2,1,1051,12,30,72),(2,1,1051,12,40,73),(2,1,1051,12,40,75),(2,1,1051,12,50,76),(2,1,1051,12,50,78),(2,1,1051,12,60,79),(2,1,1051,13,10,64),(2,1,1051,13,10,82),(2,1,1051,13,10,83),(2,1,1051,13,20,67),(2,1,1051,13,20,84),(2,1,1051,13,20,85),(2,1,1051,13,30,71),(2,1,1051,13,30,86),(2,1,1051,13,30,87),(2,1,1051,13,40,74),(2,1,1051,13,40,88),(2,1,1051,13,40,89),(2,1,1051,13,50,77),(2,1,1051,13,60,80),(2,1,1051,13,60,81),(2,1,1052,12,10,65),(2,1,1052,12,10,66),(2,1,1052,12,20,68),(2,1,1052,12,20,69),(2,1,1052,12,30,70),(2,1,1052,12,30,72),(2,1,1052,12,40,73),(2,1,1052,12,40,75),(2,1,1052,12,50,76),(2,1,1052,12,50,78),(2,1,1052,12,60,79),(2,1,1052,13,10,64),(2,1,1052,13,10,82),(2,1,1052,13,10,83),(2,1,1052,13,20,67),(2,1,1052,13,20,84),(2,1,1052,13,20,85),(2,1,1052,13,30,71),(2,1,1052,13,30,86),(2,1,1052,13,30,87),(2,1,1052,13,40,74),(2,1,1052,13,40,88),(2,1,1052,13,40,89),(2,1,1052,13,50,77),(2,1,1052,13,60,80),(2,1,1052,13,60,81),(2,1,1053,12,10,65),(2,1,1053,12,10,66),(2,1,1053,12,20,68),(2,1,1053,12,20,69),(2,1,1053,12,30,70),(2,1,1053,12,30,72),(2,1,1053,12,40,73),(2,1,1053,12,40,75),(2,1,1053,12,50,76),(2,1,1053,12,50,78),(2,1,1053,12,60,79),(2,1,1053,13,10,64),(2,1,1053,13,10,82),(2,1,1053,13,10,83),(2,1,1053,13,20,67),(2,1,1053,13,20,84),(2,1,1053,13,20,85),(2,1,1053,13,30,71),(2,1,1053,13,30,86),(2,1,1053,13,30,87),(2,1,1053,13,40,74),(2,1,1053,13,40,88),(2,1,1053,13,40,89),(2,1,1053,13,50,77),(2,1,1053,13,60,80),(2,1,1053,13,60,81),(2,1,1054,12,10,65),(2,1,1054,12,10,66),(2,1,1054,12,20,68),(2,1,1054,12,20,69),(2,1,1054,12,30,70),(2,1,1054,12,30,72),(2,1,1054,12,40,73),(2,1,1054,12,40,75),(2,1,1054,12,50,76),(2,1,1054,12,50,78),(2,1,1054,12,60,79),(2,1,1054,13,10,64),(2,1,1054,13,10,82),(2,1,1054,13,10,83),(2,1,1054,13,20,67),(2,1,1054,13,20,84),(2,1,1054,13,20,85),(2,1,1054,13,30,71),(2,1,1054,13,30,86),(2,1,1054,13,30,87),(2,1,1054,13,40,74),(2,1,1054,13,40,88),(2,1,1054,13,40,89),(2,1,1054,13,50,77),(2,1,1054,13,60,80),(2,1,1054,13,60,81),(2,1,1055,12,10,65),(2,1,1055,12,10,66),(2,1,1055,12,20,68),(2,1,1055,12,20,69),(2,1,1055,12,30,70),(2,1,1055,12,30,72),(2,1,1055,12,40,73),(2,1,1055,12,40,75),(2,1,1055,12,50,76),(2,1,1055,12,50,78),(2,1,1055,12,60,79),(2,1,1055,13,10,64),(2,1,1055,13,10,82),(2,1,1055,13,10,83),(2,1,1055,13,20,67),(2,1,1055,13,20,84),(2,1,1055,13,20,85),(2,1,1055,13,30,71),(2,1,1055,13,30,86),(2,1,1055,13,30,87),(2,1,1055,13,40,74),(2,1,1055,13,40,88),(2,1,1055,13,40,89),(2,1,1055,13,50,77),(2,1,1055,13,60,80),(2,1,1055,13,60,81),(2,1,1056,12,10,65),(2,1,1056,12,10,66),(2,1,1056,12,20,68),(2,1,1056,12,20,69),(2,1,1056,12,30,70),(2,1,1056,12,30,72),(2,1,1056,12,40,73),(2,1,1056,12,40,75),(2,1,1056,12,50,76),(2,1,1056,12,50,78),(2,1,1056,12,60,79),(2,1,1056,13,10,64),(2,1,1056,13,10,82),(2,1,1056,13,10,83),(2,1,1056,13,20,67),(2,1,1056,13,20,84),(2,1,1056,13,20,85),(2,1,1056,13,30,71),(2,1,1056,13,30,86),(2,1,1056,13,30,87),(2,1,1056,13,40,74),(2,1,1056,13,40,88),(2,1,1056,13,40,89),(2,1,1056,13,50,77),(2,1,1056,13,60,80),(2,1,1056,13,60,81),(2,1,1057,12,10,65),(2,1,1057,12,10,66),(2,1,1057,12,20,68),(2,1,1057,12,20,69),(2,1,1057,12,30,70),(2,1,1057,12,30,72),(2,1,1057,12,40,73),(2,1,1057,12,40,75),(2,1,1057,12,50,76),(2,1,1057,12,50,78),(2,1,1057,12,60,79),(2,1,1057,13,10,64),(2,1,1057,13,10,82),(2,1,1057,13,10,83),(2,1,1057,13,20,67),(2,1,1057,13,20,84),(2,1,1057,13,20,85),(2,1,1057,13,30,71),(2,1,1057,13,30,86),(2,1,1057,13,30,87),(2,1,1057,13,40,74),(2,1,1057,13,40,88),(2,1,1057,13,40,89),(2,1,1057,13,50,77),(2,1,1057,13,60,80),(2,1,1057,13,60,81),(2,1,1058,12,10,65),(2,1,1058,12,10,66),(2,1,1058,12,20,68),(2,1,1058,12,20,69),(2,1,1058,12,30,70),(2,1,1058,12,30,72),(2,1,1058,12,40,73),(2,1,1058,12,40,75),(2,1,1058,12,50,76),(2,1,1058,12,50,78),(2,1,1058,12,60,79),(2,1,1058,13,10,64),(2,1,1058,13,10,82),(2,1,1058,13,10,83),(2,1,1058,13,20,67),(2,1,1058,13,20,84),(2,1,1058,13,20,85),(2,1,1058,13,30,71),(2,1,1058,13,30,86),(2,1,1058,13,30,87),(2,1,1058,13,40,74),(2,1,1058,13,40,88),(2,1,1058,13,40,89),(2,1,1058,13,50,77),(2,1,1058,13,60,80),(2,1,1058,13,60,81),(2,1,1059,12,10,65),(2,1,1059,12,10,66),(2,1,1059,12,20,68),(2,1,1059,12,20,69),(2,1,1059,12,30,70),(2,1,1059,12,30,72),(2,1,1059,12,40,73),(2,1,1059,12,40,75),(2,1,1059,12,50,76),(2,1,1059,12,50,78),(2,1,1059,12,60,79),(2,1,1059,13,10,64),(2,1,1059,13,10,82),(2,1,1059,13,10,83),(2,1,1059,13,20,67),(2,1,1059,13,20,84),(2,1,1059,13,20,85),(2,1,1059,13,30,71),(2,1,1059,13,30,86),(2,1,1059,13,30,87),(2,1,1059,13,40,74),(2,1,1059,13,40,88),(2,1,1059,13,40,89),(2,1,1059,13,50,77),(2,1,1059,13,60,80),(2,1,1059,13,60,81),(2,1,1060,12,10,65),(2,1,1060,12,10,66),(2,1,1060,12,20,68),(2,1,1060,12,20,69),(2,1,1060,12,30,70),(2,1,1060,12,30,72),(2,1,1060,12,40,73),(2,1,1060,12,40,75),(2,1,1060,12,50,76),(2,1,1060,12,50,78),(2,1,1060,12,60,79),(2,1,1060,13,10,64),(2,1,1060,13,10,82),(2,1,1060,13,10,83),(2,1,1060,13,20,67),(2,1,1060,13,20,84),(2,1,1060,13,20,85),(2,1,1060,13,30,71),(2,1,1060,13,30,86),(2,1,1060,13,30,87),(2,1,1060,13,40,74),(2,1,1060,13,40,88),(2,1,1060,13,40,89),(2,1,1060,13,50,77),(2,1,1060,13,60,80),(2,1,1060,13,60,81),(2,1,1061,12,10,65),(2,1,1061,12,10,66),(2,1,1061,12,20,68),(2,1,1061,12,20,69),(2,1,1061,12,30,70),(2,1,1061,12,30,72),(2,1,1061,12,40,73),(2,1,1061,12,40,75),(2,1,1061,12,50,76),(2,1,1061,12,50,78),(2,1,1061,12,60,79),(2,1,1061,13,10,64),(2,1,1061,13,10,82),(2,1,1061,13,10,83),(2,1,1061,13,20,67),(2,1,1061,13,20,84),(2,1,1061,13,20,85),(2,1,1061,13,30,71),(2,1,1061,13,30,86),(2,1,1061,13,30,87),(2,1,1061,13,40,74),(2,1,1061,13,40,88),(2,1,1061,13,40,89),(2,1,1061,13,50,77),(2,1,1061,13,60,80),(2,1,1061,13,60,81),(2,1,1062,12,10,65),(2,1,1062,12,10,66),(2,1,1062,12,20,68),(2,1,1062,12,20,69),(2,1,1062,12,30,70),(2,1,1062,12,30,72),(2,1,1062,12,40,73),(2,1,1062,12,40,75),(2,1,1062,12,50,76),(2,1,1062,12,50,78),(2,1,1062,12,60,79),(2,1,1062,13,10,64),(2,1,1062,13,10,82),(2,1,1062,13,10,83),(2,1,1062,13,20,67),(2,1,1062,13,20,84),(2,1,1062,13,20,85),(2,1,1062,13,30,71),(2,1,1062,13,30,86),(2,1,1062,13,30,87),(2,1,1062,13,40,74),(2,1,1062,13,40,88),(2,1,1062,13,40,89),(2,1,1062,13,50,77),(2,1,1062,13,60,80),(2,1,1062,13,60,81),(2,1,1063,12,10,65),(2,1,1063,12,10,66),(2,1,1063,12,20,68),(2,1,1063,12,20,69),(2,1,1063,12,30,70),(2,1,1063,12,30,72),(2,1,1063,12,40,73),(2,1,1063,12,40,75),(2,1,1063,12,50,76),(2,1,1063,12,50,78),(2,1,1063,12,60,79),(2,1,1063,13,10,64),(2,1,1063,13,10,82),(2,1,1063,13,10,83),(2,1,1063,13,20,67),(2,1,1063,13,20,84),(2,1,1063,13,20,85),(2,1,1063,13,30,71),(2,1,1063,13,30,86),(2,1,1063,13,30,87),(2,1,1063,13,40,74),(2,1,1063,13,40,88),(2,1,1063,13,40,89),(2,1,1063,13,50,77),(2,1,1063,13,60,80),(2,1,1063,13,60,81),(2,1,1064,12,10,65),(2,1,1064,12,10,66),(2,1,1064,12,20,68),(2,1,1064,12,20,69),(2,1,1064,12,30,70),(2,1,1064,12,30,72),(2,1,1064,12,40,73),(2,1,1064,12,40,75),(2,1,1064,12,50,76),(2,1,1064,12,50,78),(2,1,1064,12,60,79),(2,1,1064,13,10,64),(2,1,1064,13,10,82),(2,1,1064,13,10,83),(2,1,1064,13,20,67),(2,1,1064,13,20,84),(2,1,1064,13,20,85),(2,1,1064,13,30,71),(2,1,1064,13,30,86),(2,1,1064,13,30,87),(2,1,1064,13,40,74),(2,1,1064,13,40,88),(2,1,1064,13,40,89),(2,1,1064,13,50,77),(2,1,1064,13,60,80),(2,1,1064,13,60,81),(2,1,1065,12,10,65),(2,1,1065,12,10,66),(2,1,1065,12,20,68),(2,1,1065,12,20,69),(2,1,1065,12,30,70),(2,1,1065,12,30,72),(2,1,1065,12,40,73),(2,1,1065,12,40,75),(2,1,1065,12,50,76),(2,1,1065,12,50,78),(2,1,1065,12,60,79),(2,1,1065,13,10,64),(2,1,1065,13,10,82),(2,1,1065,13,10,83),(2,1,1065,13,20,67),(2,1,1065,13,20,84),(2,1,1065,13,20,85),(2,1,1065,13,30,71),(2,1,1065,13,30,86),(2,1,1065,13,30,87),(2,1,1065,13,40,74),(2,1,1065,13,40,88),(2,1,1065,13,40,89),(2,1,1065,13,50,77),(2,1,1065,13,60,80),(2,1,1065,13,60,81),(2,1,1066,12,10,65),(2,1,1066,12,10,66),(2,1,1066,12,20,68),(2,1,1066,12,20,69),(2,1,1066,12,30,70),(2,1,1066,12,30,72),(2,1,1066,12,40,73),(2,1,1066,12,40,75),(2,1,1066,12,50,76),(2,1,1066,12,50,78),(2,1,1066,12,60,79),(2,1,1066,13,10,64),(2,1,1066,13,10,82),(2,1,1066,13,10,83),(2,1,1066,13,20,67),(2,1,1066,13,20,84),(2,1,1066,13,20,85),(2,1,1066,13,30,71),(2,1,1066,13,30,86),(2,1,1066,13,30,87),(2,1,1066,13,40,74),(2,1,1066,13,40,88),(2,1,1066,13,40,89),(2,1,1066,13,50,77),(2,1,1066,13,60,80),(2,1,1066,13,60,81),(2,1,1067,12,10,65),(2,1,1067,12,10,66),(2,1,1067,12,20,68),(2,1,1067,12,20,69),(2,1,1067,12,30,70),(2,1,1067,12,30,72),(2,1,1067,12,40,73),(2,1,1067,12,40,75),(2,1,1067,12,50,76),(2,1,1067,12,50,78),(2,1,1067,12,60,79),(2,1,1067,13,10,64),(2,1,1067,13,10,82),(2,1,1067,13,10,83),(2,1,1067,13,20,67),(2,1,1067,13,20,84),(2,1,1067,13,20,85),(2,1,1067,13,30,71),(2,1,1067,13,30,86),(2,1,1067,13,30,87),(2,1,1067,13,40,74),(2,1,1067,13,40,88),(2,1,1067,13,40,89),(2,1,1067,13,50,77),(2,1,1067,13,60,80),(2,1,1067,13,60,81),(2,1,1068,12,10,65),(2,1,1068,12,10,66),(2,1,1068,12,20,68),(2,1,1068,12,20,69),(2,1,1068,12,30,70),(2,1,1068,12,30,72),(2,1,1068,12,40,73),(2,1,1068,12,40,75),(2,1,1068,12,50,76),(2,1,1068,12,50,78),(2,1,1068,12,60,79),(2,1,1068,13,10,64),(2,1,1068,13,10,82),(2,1,1068,13,10,83),(2,1,1068,13,20,67),(2,1,1068,13,20,84),(2,1,1068,13,20,85),(2,1,1068,13,30,71),(2,1,1068,13,30,86),(2,1,1068,13,30,87),(2,1,1068,13,40,74),(2,1,1068,13,40,88),(2,1,1068,13,40,89),(2,1,1068,13,50,77),(2,1,1068,13,60,80),(2,1,1068,13,60,81),(2,1,1069,12,10,65),(2,1,1069,12,10,66),(2,1,1069,12,20,68),(2,1,1069,12,20,69),(2,1,1069,12,30,70),(2,1,1069,12,30,72),(2,1,1069,12,40,73),(2,1,1069,12,40,75),(2,1,1069,12,50,76),(2,1,1069,12,50,78),(2,1,1069,12,60,79),(2,1,1069,13,10,64),(2,1,1069,13,10,82),(2,1,1069,13,10,83),(2,1,1069,13,20,67),(2,1,1069,13,20,84),(2,1,1069,13,20,85),(2,1,1069,13,30,71),(2,1,1069,13,30,86),(2,1,1069,13,30,87),(2,1,1069,13,40,74),(2,1,1069,13,40,88),(2,1,1069,13,40,89),(2,1,1069,13,50,77),(2,1,1069,13,60,80),(2,1,1069,13,60,81),(2,1,1070,12,10,65),(2,1,1070,12,10,66),(2,1,1070,12,20,68),(2,1,1070,12,20,69),(2,1,1070,12,30,70),(2,1,1070,12,30,72),(2,1,1070,12,40,73),(2,1,1070,12,40,75),(2,1,1070,12,50,76),(2,1,1070,12,50,78),(2,1,1070,12,60,79),(2,1,1070,13,10,64),(2,1,1070,13,10,82),(2,1,1070,13,10,83),(2,1,1070,13,20,67),(2,1,1070,13,20,84),(2,1,1070,13,20,85),(2,1,1070,13,30,71),(2,1,1070,13,30,86),(2,1,1070,13,30,87),(2,1,1070,13,40,74),(2,1,1070,13,40,88),(2,1,1070,13,40,89),(2,1,1070,13,50,77),(2,1,1070,13,60,80),(2,1,1070,13,60,81),(2,1,1071,12,10,65),(2,1,1071,12,10,66),(2,1,1071,12,20,68),(2,1,1071,12,20,69),(2,1,1071,12,30,70),(2,1,1071,12,30,72),(2,1,1071,12,40,73),(2,1,1071,12,40,75),(2,1,1071,12,50,76),(2,1,1071,12,50,78),(2,1,1071,12,60,79),(2,1,1071,13,10,64),(2,1,1071,13,10,82),(2,1,1071,13,10,83),(2,1,1071,13,20,67),(2,1,1071,13,20,84),(2,1,1071,13,20,85),(2,1,1071,13,30,71),(2,1,1071,13,30,86),(2,1,1071,13,30,87),(2,1,1071,13,40,74),(2,1,1071,13,40,88),(2,1,1071,13,40,89),(2,1,1071,13,50,77),(2,1,1071,13,60,80),(2,1,1071,13,60,81),(2,1,1072,12,10,65),(2,1,1072,12,10,66),(2,1,1072,12,20,68),(2,1,1072,12,20,69),(2,1,1072,12,30,70),(2,1,1072,12,30,72),(2,1,1072,12,40,73),(2,1,1072,12,40,75),(2,1,1072,12,50,76),(2,1,1072,12,50,78),(2,1,1072,12,60,79),(2,1,1072,13,10,64),(2,1,1072,13,10,82),(2,1,1072,13,10,83),(2,1,1072,13,20,67),(2,1,1072,13,20,84),(2,1,1072,13,20,85),(2,1,1072,13,30,71),(2,1,1072,13,30,86),(2,1,1072,13,30,87),(2,1,1072,13,40,74),(2,1,1072,13,40,88),(2,1,1072,13,40,89),(2,1,1072,13,50,77),(2,1,1072,13,60,80),(2,1,1072,13,60,81),(2,1,1073,12,10,65),(2,1,1073,12,10,66),(2,1,1073,12,20,68),(2,1,1073,12,20,69),(2,1,1073,12,30,70),(2,1,1073,12,30,72),(2,1,1073,12,40,73),(2,1,1073,12,40,75),(2,1,1073,12,50,76),(2,1,1073,12,50,78),(2,1,1073,12,60,79),(2,1,1073,13,10,64),(2,1,1073,13,10,82),(2,1,1073,13,10,83),(2,1,1073,13,20,67),(2,1,1073,13,20,84),(2,1,1073,13,20,85),(2,1,1073,13,30,71),(2,1,1073,13,30,86),(2,1,1073,13,30,87),(2,1,1073,13,40,74),(2,1,1073,13,40,88),(2,1,1073,13,40,89),(2,1,1073,13,50,77),(2,1,1073,13,60,80),(2,1,1073,13,60,81),(2,1,1074,12,10,65),(2,1,1074,12,10,66),(2,1,1074,12,20,68),(2,1,1074,12,20,69),(2,1,1074,12,30,70),(2,1,1074,12,30,72),(2,1,1074,12,40,73),(2,1,1074,12,40,75),(2,1,1074,12,50,76),(2,1,1074,12,50,78),(2,1,1074,12,60,79),(2,1,1074,13,10,64),(2,1,1074,13,10,82),(2,1,1074,13,10,83),(2,1,1074,13,20,67),(2,1,1074,13,20,84),(2,1,1074,13,20,85),(2,1,1074,13,30,71),(2,1,1074,13,30,86),(2,1,1074,13,30,87),(2,1,1074,13,40,74),(2,1,1074,13,40,88),(2,1,1074,13,40,89),(2,1,1074,13,50,77),(2,1,1074,13,60,80),(2,1,1074,13,60,81),(2,1,1075,12,10,65),(2,1,1075,12,10,66),(2,1,1075,12,20,68),(2,1,1075,12,20,69),(2,1,1075,12,30,70),(2,1,1075,12,30,72),(2,1,1075,12,40,73),(2,1,1075,12,40,75),(2,1,1075,12,50,76),(2,1,1075,12,50,78),(2,1,1075,12,60,79),(2,1,1075,13,10,64),(2,1,1075,13,10,82),(2,1,1075,13,10,83),(2,1,1075,13,20,67),(2,1,1075,13,20,84),(2,1,1075,13,20,85),(2,1,1075,13,30,71),(2,1,1075,13,30,86),(2,1,1075,13,30,87),(2,1,1075,13,40,74),(2,1,1075,13,40,88),(2,1,1075,13,40,89),(2,1,1075,13,50,77),(2,1,1075,13,60,80),(2,1,1075,13,60,81),(2,1,1076,12,10,65),(2,1,1076,12,10,66),(2,1,1076,12,20,68),(2,1,1076,12,20,69),(2,1,1076,12,30,70),(2,1,1076,12,30,72),(2,1,1076,12,40,73),(2,1,1076,12,40,75),(2,1,1076,12,50,76),(2,1,1076,12,50,78),(2,1,1076,12,60,79),(2,1,1076,13,10,64),(2,1,1076,13,10,82),(2,1,1076,13,10,83),(2,1,1076,13,20,67),(2,1,1076,13,20,84),(2,1,1076,13,20,85),(2,1,1076,13,30,71),(2,1,1076,13,30,86),(2,1,1076,13,30,87),(2,1,1076,13,40,74),(2,1,1076,13,40,88),(2,1,1076,13,40,89),(2,1,1076,13,50,77),(2,1,1076,13,60,80),(2,1,1076,13,60,81),(2,1,1077,12,10,65),(2,1,1077,12,10,66),(2,1,1077,12,20,68),(2,1,1077,12,20,69),(2,1,1077,12,30,70),(2,1,1077,12,30,72),(2,1,1077,12,40,73),(2,1,1077,12,40,75),(2,1,1077,12,50,76),(2,1,1077,12,50,78),(2,1,1077,12,60,79),(2,1,1077,13,10,64),(2,1,1077,13,10,82),(2,1,1077,13,10,83),(2,1,1077,13,20,67),(2,1,1077,13,20,84),(2,1,1077,13,20,85),(2,1,1077,13,30,71),(2,1,1077,13,30,86),(2,1,1077,13,30,87),(2,1,1077,13,40,74),(2,1,1077,13,40,88),(2,1,1077,13,40,89),(2,1,1077,13,50,77),(2,1,1077,13,60,80),(2,1,1077,13,60,81),(2,1,1078,12,10,65),(2,1,1078,12,10,66),(2,1,1078,12,20,68),(2,1,1078,12,20,69),(2,1,1078,12,30,70),(2,1,1078,12,30,72),(2,1,1078,12,40,73),(2,1,1078,12,40,75),(2,1,1078,12,50,76),(2,1,1078,12,50,78),(2,1,1078,12,60,79),(2,1,1078,13,10,64),(2,1,1078,13,10,82),(2,1,1078,13,10,83),(2,1,1078,13,20,67),(2,1,1078,13,20,84),(2,1,1078,13,20,85),(2,1,1078,13,30,71),(2,1,1078,13,30,86),(2,1,1078,13,30,87),(2,1,1078,13,40,74),(2,1,1078,13,40,88),(2,1,1078,13,40,89),(2,1,1078,13,50,77),(2,1,1078,13,60,80),(2,1,1078,13,60,81),(2,1,1079,12,10,65),(2,1,1079,12,10,66),(2,1,1079,12,20,68),(2,1,1079,12,20,69),(2,1,1079,12,30,70),(2,1,1079,12,30,72),(2,1,1079,12,40,73),(2,1,1079,12,40,75),(2,1,1079,12,50,76),(2,1,1079,12,50,78),(2,1,1079,12,60,79),(2,1,1079,13,10,64),(2,1,1079,13,10,82),(2,1,1079,13,10,83),(2,1,1079,13,20,67),(2,1,1079,13,20,84),(2,1,1079,13,20,85),(2,1,1079,13,30,71),(2,1,1079,13,30,86),(2,1,1079,13,30,87),(2,1,1079,13,40,74),(2,1,1079,13,40,88),(2,1,1079,13,40,89),(2,1,1079,13,50,77),(2,1,1079,13,60,80),(2,1,1079,13,60,81),(2,1,1080,12,10,65),(2,1,1080,12,10,66),(2,1,1080,12,20,68),(2,1,1080,12,20,69),(2,1,1080,12,30,70),(2,1,1080,12,30,72),(2,1,1080,12,40,73),(2,1,1080,12,40,75),(2,1,1080,12,50,76),(2,1,1080,12,50,78),(2,1,1080,12,60,79),(2,1,1080,13,10,64),(2,1,1080,13,10,82),(2,1,1080,13,10,83),(2,1,1080,13,20,67),(2,1,1080,13,20,84),(2,1,1080,13,20,85),(2,1,1080,13,30,71),(2,1,1080,13,30,86),(2,1,1080,13,30,87),(2,1,1080,13,40,74),(2,1,1080,13,40,88),(2,1,1080,13,40,89),(2,1,1080,13,50,77),(2,1,1080,13,60,80),(2,1,1080,13,60,81),(2,1,1081,12,10,65),(2,1,1081,12,10,66),(2,1,1081,12,20,68),(2,1,1081,12,20,69),(2,1,1081,12,30,70),(2,1,1081,12,30,72),(2,1,1081,12,40,73),(2,1,1081,12,40,75),(2,1,1081,12,50,76),(2,1,1081,12,50,78),(2,1,1081,12,60,79),(2,1,1081,13,10,64),(2,1,1081,13,10,82),(2,1,1081,13,10,83),(2,1,1081,13,20,67),(2,1,1081,13,20,84),(2,1,1081,13,20,85),(2,1,1081,13,30,71),(2,1,1081,13,30,86),(2,1,1081,13,30,87),(2,1,1081,13,40,74),(2,1,1081,13,40,88),(2,1,1081,13,40,89),(2,1,1081,13,50,77),(2,1,1081,13,60,80),(2,1,1081,13,60,81),(2,1,1082,12,10,65),(2,1,1082,12,10,66),(2,1,1082,12,20,68),(2,1,1082,12,20,69),(2,1,1082,12,30,70),(2,1,1082,12,30,72),(2,1,1082,12,40,73),(2,1,1082,12,40,75),(2,1,1082,12,50,76),(2,1,1082,12,50,78),(2,1,1082,12,60,79),(2,1,1082,13,10,64),(2,1,1082,13,10,82),(2,1,1082,13,10,83),(2,1,1082,13,20,67),(2,1,1082,13,20,84),(2,1,1082,13,20,85),(2,1,1082,13,30,71),(2,1,1082,13,30,86),(2,1,1082,13,30,87),(2,1,1082,13,40,74),(2,1,1082,13,40,88),(2,1,1082,13,40,89),(2,1,1082,13,50,77),(2,1,1082,13,60,80),(2,1,1082,13,60,81),(2,1,1083,12,10,65),(2,1,1083,12,10,66),(2,1,1083,12,20,68),(2,1,1083,12,20,69),(2,1,1083,12,30,70),(2,1,1083,12,30,72),(2,1,1083,12,40,73),(2,1,1083,12,40,75),(2,1,1083,12,50,76),(2,1,1083,12,50,78),(2,1,1083,12,60,79),(2,1,1083,13,10,64),(2,1,1083,13,10,82),(2,1,1083,13,10,83),(2,1,1083,13,20,67),(2,1,1083,13,20,84),(2,1,1083,13,20,85),(2,1,1083,13,30,71),(2,1,1083,13,30,86),(2,1,1083,13,30,87),(2,1,1083,13,40,74),(2,1,1083,13,40,88),(2,1,1083,13,40,89),(2,1,1083,13,50,77),(2,1,1083,13,60,80),(2,1,1083,13,60,81),(2,1,1084,12,10,65),(2,1,1084,12,10,66),(2,1,1084,12,20,68),(2,1,1084,12,20,69),(2,1,1084,12,30,70),(2,1,1084,12,30,72),(2,1,1084,12,40,73),(2,1,1084,12,40,75),(2,1,1084,12,50,76),(2,1,1084,12,50,78),(2,1,1084,12,60,79),(2,1,1084,13,10,64),(2,1,1084,13,10,82),(2,1,1084,13,10,83),(2,1,1084,13,20,67),(2,1,1084,13,20,84),(2,1,1084,13,20,85),(2,1,1084,13,30,71),(2,1,1084,13,30,86),(2,1,1084,13,30,87),(2,1,1084,13,40,74),(2,1,1084,13,40,88),(2,1,1084,13,40,89),(2,1,1084,13,50,77),(2,1,1084,13,60,80),(2,1,1084,13,60,81),(2,1,1085,12,10,65),(2,1,1085,12,10,66),(2,1,1085,12,20,68),(2,1,1085,12,20,69),(2,1,1085,12,30,70),(2,1,1085,12,30,72),(2,1,1085,12,40,73),(2,1,1085,12,40,75),(2,1,1085,12,50,76),(2,1,1085,12,50,78),(2,1,1085,12,60,79),(2,1,1085,13,10,64),(2,1,1085,13,10,82),(2,1,1085,13,10,83),(2,1,1085,13,20,67),(2,1,1085,13,20,84),(2,1,1085,13,20,85),(2,1,1085,13,30,71),(2,1,1085,13,30,86),(2,1,1085,13,30,87),(2,1,1085,13,40,74),(2,1,1085,13,40,88),(2,1,1085,13,40,89),(2,1,1085,13,50,77),(2,1,1085,13,60,80),(2,1,1085,13,60,81),(2,1,1086,12,10,65),(2,1,1086,12,10,66),(2,1,1086,12,20,68),(2,1,1086,12,20,69),(2,1,1086,12,30,70),(2,1,1086,12,30,72),(2,1,1086,12,40,73),(2,1,1086,12,40,75),(2,1,1086,12,50,76),(2,1,1086,12,50,78),(2,1,1086,12,60,79),(2,1,1086,13,10,64),(2,1,1086,13,10,82),(2,1,1086,13,10,83),(2,1,1086,13,20,67),(2,1,1086,13,20,84),(2,1,1086,13,20,85),(2,1,1086,13,30,71),(2,1,1086,13,30,86),(2,1,1086,13,30,87),(2,1,1086,13,40,74),(2,1,1086,13,40,88),(2,1,1086,13,40,89),(2,1,1086,13,50,77),(2,1,1086,13,60,80),(2,1,1086,13,60,81),(2,1,1087,12,10,65),(2,1,1087,12,10,66),(2,1,1087,12,20,68),(2,1,1087,12,20,69),(2,1,1087,12,30,70),(2,1,1087,12,30,72),(2,1,1087,12,40,73),(2,1,1087,12,40,75),(2,1,1087,12,50,76),(2,1,1087,12,50,78),(2,1,1087,12,60,79),(2,1,1087,13,10,64),(2,1,1087,13,10,82),(2,1,1087,13,10,83),(2,1,1087,13,20,67),(2,1,1087,13,20,84),(2,1,1087,13,20,85),(2,1,1087,13,30,71),(2,1,1087,13,30,86),(2,1,1087,13,30,87),(2,1,1087,13,40,74),(2,1,1087,13,40,88),(2,1,1087,13,40,89),(2,1,1087,13,50,77),(2,1,1087,13,60,80),(2,1,1087,13,60,81),(2,1,1088,12,10,65),(2,1,1088,12,10,66),(2,1,1088,12,20,68),(2,1,1088,12,20,69),(2,1,1088,12,30,70),(2,1,1088,12,30,72),(2,1,1088,12,40,73),(2,1,1088,12,40,75),(2,1,1088,12,50,76),(2,1,1088,12,50,78),(2,1,1088,12,60,79),(2,1,1088,13,10,64),(2,1,1088,13,10,82),(2,1,1088,13,10,83),(2,1,1088,13,20,67),(2,1,1088,13,20,84),(2,1,1088,13,20,85),(2,1,1088,13,30,71),(2,1,1088,13,30,86),(2,1,1088,13,30,87),(2,1,1088,13,40,74),(2,1,1088,13,40,88),(2,1,1088,13,40,89),(2,1,1088,13,50,77),(2,1,1088,13,60,80),(2,1,1088,13,60,81),(2,1,1089,12,10,65),(2,1,1089,12,10,66),(2,1,1089,12,20,68),(2,1,1089,12,20,69),(2,1,1089,12,30,70),(2,1,1089,12,30,72),(2,1,1089,12,40,73),(2,1,1089,12,40,75),(2,1,1089,12,50,76),(2,1,1089,12,50,78),(2,1,1089,12,60,79),(2,1,1089,13,10,64),(2,1,1089,13,10,82),(2,1,1089,13,10,83),(2,1,1089,13,20,67),(2,1,1089,13,20,84),(2,1,1089,13,20,85),(2,1,1089,13,30,71),(2,1,1089,13,30,86),(2,1,1089,13,30,87),(2,1,1089,13,40,74),(2,1,1089,13,40,88),(2,1,1089,13,40,89),(2,1,1089,13,50,77),(2,1,1089,13,60,80),(2,1,1089,13,60,81),(2,1,1090,12,10,65),(2,1,1090,12,10,66),(2,1,1090,12,20,68),(2,1,1090,12,20,69),(2,1,1090,12,30,70),(2,1,1090,12,30,72),(2,1,1090,12,40,73),(2,1,1090,12,40,75),(2,1,1090,12,50,76),(2,1,1090,12,50,78),(2,1,1090,12,60,79),(2,1,1090,13,10,64),(2,1,1090,13,10,82),(2,1,1090,13,10,83),(2,1,1090,13,20,67),(2,1,1090,13,20,84),(2,1,1090,13,20,85),(2,1,1090,13,30,71),(2,1,1090,13,30,86),(2,1,1090,13,30,87),(2,1,1090,13,40,74),(2,1,1090,13,40,88),(2,1,1090,13,40,89),(2,1,1090,13,50,77),(2,1,1090,13,60,80),(2,1,1090,13,60,81),(2,1,1091,12,10,65),(2,1,1091,12,10,66),(2,1,1091,12,20,68),(2,1,1091,12,20,69),(2,1,1091,12,30,70),(2,1,1091,12,30,72),(2,1,1091,12,40,73),(2,1,1091,12,40,75),(2,1,1091,12,50,76),(2,1,1091,12,50,78),(2,1,1091,12,60,79),(2,1,1091,13,10,64),(2,1,1091,13,10,82),(2,1,1091,13,10,83),(2,1,1091,13,20,67),(2,1,1091,13,20,84),(2,1,1091,13,20,85),(2,1,1091,13,30,71),(2,1,1091,13,30,86),(2,1,1091,13,30,87),(2,1,1091,13,40,74),(2,1,1091,13,40,88),(2,1,1091,13,40,89),(2,1,1091,13,50,77),(2,1,1091,13,60,80),(2,1,1091,13,60,81),(2,1,1092,12,10,65),(2,1,1092,12,10,66),(2,1,1092,12,20,68),(2,1,1092,12,20,69),(2,1,1092,12,30,70),(2,1,1092,12,30,72),(2,1,1092,12,40,73),(2,1,1092,12,40,75),(2,1,1092,12,50,76),(2,1,1092,12,50,78),(2,1,1092,12,60,79),(2,1,1092,13,10,64),(2,1,1092,13,10,82),(2,1,1092,13,10,83),(2,1,1092,13,20,67),(2,1,1092,13,20,84),(2,1,1092,13,20,85),(2,1,1092,13,30,71),(2,1,1092,13,30,86),(2,1,1092,13,30,87),(2,1,1092,13,40,74),(2,1,1092,13,40,88),(2,1,1092,13,40,89),(2,1,1092,13,50,77),(2,1,1092,13,60,80),(2,1,1092,13,60,81),(2,1,1093,12,10,65),(2,1,1093,12,10,66),(2,1,1093,12,20,68),(2,1,1093,12,20,69),(2,1,1093,12,30,70),(2,1,1093,12,30,72),(2,1,1093,12,40,73),(2,1,1093,12,40,75),(2,1,1093,12,50,76),(2,1,1093,12,50,78),(2,1,1093,12,60,79),(2,1,1093,13,10,64),(2,1,1093,13,10,82),(2,1,1093,13,10,83),(2,1,1093,13,20,67),(2,1,1093,13,20,84),(2,1,1093,13,20,85),(2,1,1093,13,30,71),(2,1,1093,13,30,86),(2,1,1093,13,30,87),(2,1,1093,13,40,74),(2,1,1093,13,40,88),(2,1,1093,13,40,89),(2,1,1093,13,50,77),(2,1,1093,13,60,80),(2,1,1093,13,60,81),(2,1,1094,12,10,65),(2,1,1094,12,10,66),(2,1,1094,12,20,68),(2,1,1094,12,20,69),(2,1,1094,12,30,70),(2,1,1094,12,30,72),(2,1,1094,12,40,73),(2,1,1094,12,40,75),(2,1,1094,12,50,76),(2,1,1094,12,50,78),(2,1,1094,12,60,79),(2,1,1094,13,10,64),(2,1,1094,13,10,82),(2,1,1094,13,10,83),(2,1,1094,13,20,67),(2,1,1094,13,20,84),(2,1,1094,13,20,85),(2,1,1094,13,30,71),(2,1,1094,13,30,86),(2,1,1094,13,30,87),(2,1,1094,13,40,74),(2,1,1094,13,40,88),(2,1,1094,13,40,89),(2,1,1094,13,50,77),(2,1,1094,13,60,80),(2,1,1094,13,60,81),(2,1,1095,12,10,65),(2,1,1095,12,10,66),(2,1,1095,12,20,68),(2,1,1095,12,20,69),(2,1,1095,12,30,70),(2,1,1095,12,30,72),(2,1,1095,12,40,73),(2,1,1095,12,40,75),(2,1,1095,12,50,76),(2,1,1095,12,50,78),(2,1,1095,12,60,79),(2,1,1095,13,10,64),(2,1,1095,13,10,82),(2,1,1095,13,10,83),(2,1,1095,13,20,67),(2,1,1095,13,20,84),(2,1,1095,13,20,85),(2,1,1095,13,30,71),(2,1,1095,13,30,86),(2,1,1095,13,30,87),(2,1,1095,13,40,74),(2,1,1095,13,40,88),(2,1,1095,13,40,89),(2,1,1095,13,50,77),(2,1,1095,13,60,80),(2,1,1095,13,60,81),(2,1,1096,12,10,65),(2,1,1096,12,10,66),(2,1,1096,12,20,68),(2,1,1096,12,20,69),(2,1,1096,12,30,70),(2,1,1096,12,30,72),(2,1,1096,12,40,73),(2,1,1096,12,40,75),(2,1,1096,12,50,76),(2,1,1096,12,50,78),(2,1,1096,12,60,79),(2,1,1096,13,10,64),(2,1,1096,13,10,82),(2,1,1096,13,10,83),(2,1,1096,13,20,67),(2,1,1096,13,20,84),(2,1,1096,13,20,85),(2,1,1096,13,30,71),(2,1,1096,13,30,86),(2,1,1096,13,30,87),(2,1,1096,13,40,74),(2,1,1096,13,40,88),(2,1,1096,13,40,89),(2,1,1096,13,50,77),(2,1,1096,13,60,80),(2,1,1096,13,60,81),(2,1,1097,12,10,65),(2,1,1097,12,10,66),(2,1,1097,12,20,68),(2,1,1097,12,20,69),(2,1,1097,12,30,70),(2,1,1097,12,30,72),(2,1,1097,12,40,73),(2,1,1097,12,40,75),(2,1,1097,12,50,76),(2,1,1097,12,50,78),(2,1,1097,12,60,79),(2,1,1097,13,10,64),(2,1,1097,13,10,82),(2,1,1097,13,10,83),(2,1,1097,13,20,67),(2,1,1097,13,20,84),(2,1,1097,13,20,85),(2,1,1097,13,30,71),(2,1,1097,13,30,86),(2,1,1097,13,30,87),(2,1,1097,13,40,74),(2,1,1097,13,40,88),(2,1,1097,13,40,89),(2,1,1097,13,50,77),(2,1,1097,13,60,80),(2,1,1097,13,60,81),(2,1,1098,12,10,65),(2,1,1098,12,10,66),(2,1,1098,12,20,68),(2,1,1098,12,20,69),(2,1,1098,12,30,70),(2,1,1098,12,30,72),(2,1,1098,12,40,73),(2,1,1098,12,40,75),(2,1,1098,12,50,76),(2,1,1098,12,50,78),(2,1,1098,12,60,79),(2,1,1098,13,10,64),(2,1,1098,13,10,82),(2,1,1098,13,10,83),(2,1,1098,13,20,67),(2,1,1098,13,20,84),(2,1,1098,13,20,85),(2,1,1098,13,30,71),(2,1,1098,13,30,86),(2,1,1098,13,30,87),(2,1,1098,13,40,74),(2,1,1098,13,40,88),(2,1,1098,13,40,89),(2,1,1098,13,50,77),(2,1,1098,13,60,80),(2,1,1098,13,60,81),(2,1,1099,12,10,65),(2,1,1099,12,10,66),(2,1,1099,12,20,68),(2,1,1099,12,20,69),(2,1,1099,12,30,70),(2,1,1099,12,30,72),(2,1,1099,12,40,73),(2,1,1099,12,40,75),(2,1,1099,12,50,76),(2,1,1099,12,50,78),(2,1,1099,12,60,79),(2,1,1099,13,10,64),(2,1,1099,13,10,82),(2,1,1099,13,10,83),(2,1,1099,13,20,67),(2,1,1099,13,20,84),(2,1,1099,13,20,85),(2,1,1099,13,30,71),(2,1,1099,13,30,86),(2,1,1099,13,30,87),(2,1,1099,13,40,74),(2,1,1099,13,40,88),(2,1,1099,13,40,89),(2,1,1099,13,50,77),(2,1,1099,13,60,80),(2,1,1099,13,60,81),(2,1,1100,12,10,65),(2,1,1100,12,10,66),(2,1,1100,12,20,68),(2,1,1100,12,20,69),(2,1,1100,12,30,70),(2,1,1100,12,30,72),(2,1,1100,12,40,73),(2,1,1100,12,40,75),(2,1,1100,12,50,76),(2,1,1100,12,50,78),(2,1,1100,12,60,79),(2,1,1100,13,10,64),(2,1,1100,13,10,82),(2,1,1100,13,10,83),(2,1,1100,13,20,67),(2,1,1100,13,20,84),(2,1,1100,13,20,85),(2,1,1100,13,30,71),(2,1,1100,13,30,86),(2,1,1100,13,30,87),(2,1,1100,13,40,74),(2,1,1100,13,40,88),(2,1,1100,13,40,89),(2,1,1100,13,50,77),(2,1,1100,13,60,80),(2,1,1100,13,60,81),(2,1,1101,12,10,65),(2,1,1101,12,10,66),(2,1,1101,12,20,68),(2,1,1101,12,20,69),(2,1,1101,12,30,70),(2,1,1101,12,30,72),(2,1,1101,12,40,73),(2,1,1101,12,40,75),(2,1,1101,12,50,76),(2,1,1101,12,50,78),(2,1,1101,12,60,79),(2,1,1101,13,10,64),(2,1,1101,13,10,82),(2,1,1101,13,10,83),(2,1,1101,13,20,67),(2,1,1101,13,20,84),(2,1,1101,13,20,85),(2,1,1101,13,30,71),(2,1,1101,13,30,86),(2,1,1101,13,30,87),(2,1,1101,13,40,74),(2,1,1101,13,40,88),(2,1,1101,13,40,89),(2,1,1101,13,50,77),(2,1,1101,13,60,80),(2,1,1101,13,60,81),(2,1,1102,12,10,65),(2,1,1102,12,10,66),(2,1,1102,12,20,68),(2,1,1102,12,20,69),(2,1,1102,12,30,70),(2,1,1102,12,30,72),(2,1,1102,12,40,73),(2,1,1102,12,40,75),(2,1,1102,12,50,76),(2,1,1102,12,50,78),(2,1,1102,12,60,79),(2,1,1102,13,10,64),(2,1,1102,13,10,82),(2,1,1102,13,10,83),(2,1,1102,13,20,67),(2,1,1102,13,20,84),(2,1,1102,13,20,85),(2,1,1102,13,30,71),(2,1,1102,13,30,86),(2,1,1102,13,30,87),(2,1,1102,13,40,74),(2,1,1102,13,40,88),(2,1,1102,13,40,89),(2,1,1102,13,50,77),(2,1,1102,13,60,80),(2,1,1102,13,60,81),(2,1,1103,12,10,65),(2,1,1103,12,10,66),(2,1,1103,12,20,68),(2,1,1103,12,20,69),(2,1,1103,12,30,70),(2,1,1103,12,30,72),(2,1,1103,12,40,73),(2,1,1103,12,40,75),(2,1,1103,12,50,76),(2,1,1103,12,50,78),(2,1,1103,12,60,79),(2,1,1103,13,10,64),(2,1,1103,13,10,82),(2,1,1103,13,10,83),(2,1,1103,13,20,67),(2,1,1103,13,20,84),(2,1,1103,13,20,85),(2,1,1103,13,30,71),(2,1,1103,13,30,86),(2,1,1103,13,30,87),(2,1,1103,13,40,74),(2,1,1103,13,40,88),(2,1,1103,13,40,89),(2,1,1103,13,50,77),(2,1,1103,13,60,80),(2,1,1103,13,60,81),(2,1,1104,12,10,65),(2,1,1104,12,10,66),(2,1,1104,12,20,68),(2,1,1104,12,20,69),(2,1,1104,12,30,70),(2,1,1104,12,30,72),(2,1,1104,12,40,73),(2,1,1104,12,40,75),(2,1,1104,12,50,76),(2,1,1104,12,50,78),(2,1,1104,12,60,79),(2,1,1104,13,10,64),(2,1,1104,13,10,82),(2,1,1104,13,10,83),(2,1,1104,13,20,67),(2,1,1104,13,20,84),(2,1,1104,13,20,85),(2,1,1104,13,30,71),(2,1,1104,13,30,86),(2,1,1104,13,30,87),(2,1,1104,13,40,74),(2,1,1104,13,40,88),(2,1,1104,13,40,89),(2,1,1104,13,50,77),(2,1,1104,13,60,80),(2,1,1104,13,60,81),(2,1,1105,12,10,65),(2,1,1105,12,10,66),(2,1,1105,12,20,68),(2,1,1105,12,20,69),(2,1,1105,12,30,70),(2,1,1105,12,30,72),(2,1,1105,12,40,73),(2,1,1105,12,40,75),(2,1,1105,12,50,76),(2,1,1105,12,50,78),(2,1,1105,12,60,79),(2,1,1105,13,10,64),(2,1,1105,13,10,82),(2,1,1105,13,10,83),(2,1,1105,13,20,67),(2,1,1105,13,20,84),(2,1,1105,13,20,85),(2,1,1105,13,30,71),(2,1,1105,13,30,86),(2,1,1105,13,30,87),(2,1,1105,13,40,74),(2,1,1105,13,40,88),(2,1,1105,13,40,89),(2,1,1105,13,50,77),(2,1,1105,13,60,80),(2,1,1105,13,60,81),(2,1,1106,12,10,65),(2,1,1106,12,10,66),(2,1,1106,12,20,68),(2,1,1106,12,20,69),(2,1,1106,12,30,70),(2,1,1106,12,30,72),(2,1,1106,12,40,73),(2,1,1106,12,40,75),(2,1,1106,12,50,76),(2,1,1106,12,50,78),(2,1,1106,12,60,79),(2,1,1106,13,10,64),(2,1,1106,13,10,82),(2,1,1106,13,10,83),(2,1,1106,13,20,67),(2,1,1106,13,20,84),(2,1,1106,13,20,85),(2,1,1106,13,30,71),(2,1,1106,13,30,86),(2,1,1106,13,30,87),(2,1,1106,13,40,74),(2,1,1106,13,40,88),(2,1,1106,13,40,89),(2,1,1106,13,50,77),(2,1,1106,13,60,80),(2,1,1106,13,60,81),(2,1,1107,12,10,65),(2,1,1107,12,10,66),(2,1,1107,12,20,68),(2,1,1107,12,20,69),(2,1,1107,12,30,70),(2,1,1107,12,30,72),(2,1,1107,12,40,73),(2,1,1107,12,40,75),(2,1,1107,12,50,76),(2,1,1107,12,50,78),(2,1,1107,12,60,79),(2,1,1107,13,10,64),(2,1,1107,13,10,82),(2,1,1107,13,10,83),(2,1,1107,13,20,67),(2,1,1107,13,20,84),(2,1,1107,13,20,85),(2,1,1107,13,30,71),(2,1,1107,13,30,86),(2,1,1107,13,30,87),(2,1,1107,13,40,74),(2,1,1107,13,40,88),(2,1,1107,13,40,89),(2,1,1107,13,50,77),(2,1,1107,13,60,80),(2,1,1107,13,60,81),(2,1,1108,12,10,65),(2,1,1108,12,10,66),(2,1,1108,12,20,68),(2,1,1108,12,20,69),(2,1,1108,12,30,70),(2,1,1108,12,30,72),(2,1,1108,12,40,73),(2,1,1108,12,40,75),(2,1,1108,12,50,76),(2,1,1108,12,50,78),(2,1,1108,12,60,79),(2,1,1108,13,10,64),(2,1,1108,13,10,82),(2,1,1108,13,10,83),(2,1,1108,13,20,67),(2,1,1108,13,20,84),(2,1,1108,13,20,85),(2,1,1108,13,30,71),(2,1,1108,13,30,86),(2,1,1108,13,30,87),(2,1,1108,13,40,74),(2,1,1108,13,40,88),(2,1,1108,13,40,89),(2,1,1108,13,50,77),(2,1,1108,13,60,80),(2,1,1108,13,60,81),(2,1,1109,12,10,65),(2,1,1109,12,10,66),(2,1,1109,12,20,68),(2,1,1109,12,20,69),(2,1,1109,12,30,70),(2,1,1109,12,30,72),(2,1,1109,12,40,73),(2,1,1109,12,40,75),(2,1,1109,12,50,76),(2,1,1109,12,50,78),(2,1,1109,12,60,79),(2,1,1109,13,10,64),(2,1,1109,13,10,82),(2,1,1109,13,10,83),(2,1,1109,13,20,67),(2,1,1109,13,20,84),(2,1,1109,13,20,85),(2,1,1109,13,30,71),(2,1,1109,13,30,86),(2,1,1109,13,30,87),(2,1,1109,13,40,74),(2,1,1109,13,40,88),(2,1,1109,13,40,89),(2,1,1109,13,50,77),(2,1,1109,13,60,80),(2,1,1109,13,60,81),(2,1,1110,12,10,65),(2,1,1110,12,10,66),(2,1,1110,12,20,68),(2,1,1110,12,20,69),(2,1,1110,12,30,70),(2,1,1110,12,30,72),(2,1,1110,12,40,73),(2,1,1110,12,40,75),(2,1,1110,12,50,76),(2,1,1110,12,50,78),(2,1,1110,12,60,79),(2,1,1110,13,10,64),(2,1,1110,13,10,82),(2,1,1110,13,10,83),(2,1,1110,13,20,67),(2,1,1110,13,20,84),(2,1,1110,13,20,85),(2,1,1110,13,30,71),(2,1,1110,13,30,86),(2,1,1110,13,30,87),(2,1,1110,13,40,74),(2,1,1110,13,40,88),(2,1,1110,13,40,89),(2,1,1110,13,50,77),(2,1,1110,13,60,80),(2,1,1110,13,60,81),(2,1,1111,12,10,65),(2,1,1111,12,10,66),(2,1,1111,12,20,68),(2,1,1111,12,20,69),(2,1,1111,12,30,70),(2,1,1111,12,30,72),(2,1,1111,12,40,73),(2,1,1111,12,40,75),(2,1,1111,12,50,76),(2,1,1111,12,50,78),(2,1,1111,12,60,79),(2,1,1111,13,10,64),(2,1,1111,13,10,82),(2,1,1111,13,10,83),(2,1,1111,13,20,67),(2,1,1111,13,20,84),(2,1,1111,13,20,85),(2,1,1111,13,30,71),(2,1,1111,13,30,86),(2,1,1111,13,30,87),(2,1,1111,13,40,74),(2,1,1111,13,40,88),(2,1,1111,13,40,89),(2,1,1111,13,50,77),(2,1,1111,13,60,80),(2,1,1111,13,60,81),(2,1,1112,12,10,65),(2,1,1112,12,10,66),(2,1,1112,12,20,68),(2,1,1112,12,20,69),(2,1,1112,12,30,70),(2,1,1112,12,30,72),(2,1,1112,12,40,73),(2,1,1112,12,40,75),(2,1,1112,12,50,76),(2,1,1112,12,50,78),(2,1,1112,12,60,79),(2,1,1112,13,10,64),(2,1,1112,13,10,82),(2,1,1112,13,10,83),(2,1,1112,13,20,67),(2,1,1112,13,20,84),(2,1,1112,13,20,85),(2,1,1112,13,30,71),(2,1,1112,13,30,86),(2,1,1112,13,30,87),(2,1,1112,13,40,74),(2,1,1112,13,40,88),(2,1,1112,13,40,89),(2,1,1112,13,50,77),(2,1,1112,13,60,80),(2,1,1112,13,60,81),(2,1,1113,12,10,65),(2,1,1113,12,10,66),(2,1,1113,12,20,68),(2,1,1113,12,20,69),(2,1,1113,12,30,70),(2,1,1113,12,30,72),(2,1,1113,12,40,73),(2,1,1113,12,40,75),(2,1,1113,12,50,76),(2,1,1113,12,50,78),(2,1,1113,12,60,79),(2,1,1113,13,10,64),(2,1,1113,13,10,82),(2,1,1113,13,10,83),(2,1,1113,13,20,67),(2,1,1113,13,20,84),(2,1,1113,13,20,85),(2,1,1113,13,30,71),(2,1,1113,13,30,86),(2,1,1113,13,30,87),(2,1,1113,13,40,74),(2,1,1113,13,40,88),(2,1,1113,13,40,89),(2,1,1113,13,50,77),(2,1,1113,13,60,80),(2,1,1113,13,60,81),(2,1,1114,12,10,65),(2,1,1114,12,10,66),(2,1,1114,12,20,68),(2,1,1114,12,20,69),(2,1,1114,12,30,70),(2,1,1114,12,30,72),(2,1,1114,12,40,73),(2,1,1114,12,40,75),(2,1,1114,12,50,76),(2,1,1114,12,50,78),(2,1,1114,12,60,79),(2,1,1114,13,10,64),(2,1,1114,13,10,82),(2,1,1114,13,10,83),(2,1,1114,13,20,67),(2,1,1114,13,20,84),(2,1,1114,13,20,85),(2,1,1114,13,30,71),(2,1,1114,13,30,86),(2,1,1114,13,30,87),(2,1,1114,13,40,74),(2,1,1114,13,40,88),(2,1,1114,13,40,89),(2,1,1114,13,50,77),(2,1,1114,13,60,80),(2,1,1114,13,60,81),(2,1,1115,12,10,65),(2,1,1115,12,10,66),(2,1,1115,12,20,68),(2,1,1115,12,20,69),(2,1,1115,12,30,70),(2,1,1115,12,30,72),(2,1,1115,12,40,73),(2,1,1115,12,40,75),(2,1,1115,12,50,76),(2,1,1115,12,50,78),(2,1,1115,12,60,79),(2,1,1115,13,10,64),(2,1,1115,13,10,82),(2,1,1115,13,10,83),(2,1,1115,13,20,67),(2,1,1115,13,20,84),(2,1,1115,13,20,85),(2,1,1115,13,30,71),(2,1,1115,13,30,86),(2,1,1115,13,30,87),(2,1,1115,13,40,74),(2,1,1115,13,40,88),(2,1,1115,13,40,89),(2,1,1115,13,50,77),(2,1,1115,13,60,80),(2,1,1115,13,60,81),(2,1,1116,12,10,65),(2,1,1116,12,10,66),(2,1,1116,12,20,68),(2,1,1116,12,20,69),(2,1,1116,12,30,70),(2,1,1116,12,30,72),(2,1,1116,12,40,73),(2,1,1116,12,40,75),(2,1,1116,12,50,76),(2,1,1116,12,50,78),(2,1,1116,12,60,79),(2,1,1116,13,10,64),(2,1,1116,13,10,82),(2,1,1116,13,10,83),(2,1,1116,13,20,67),(2,1,1116,13,20,84),(2,1,1116,13,20,85),(2,1,1116,13,30,71),(2,1,1116,13,30,86),(2,1,1116,13,30,87),(2,1,1116,13,40,74),(2,1,1116,13,40,88),(2,1,1116,13,40,89),(2,1,1116,13,50,77),(2,1,1116,13,60,80),(2,1,1116,13,60,81),(2,1,1117,12,10,65),(2,1,1117,12,10,66),(2,1,1117,12,20,68),(2,1,1117,12,20,69),(2,1,1117,12,30,70),(2,1,1117,12,30,72),(2,1,1117,12,40,73),(2,1,1117,12,40,75),(2,1,1117,12,50,76),(2,1,1117,12,50,78),(2,1,1117,12,60,79),(2,1,1117,13,10,64),(2,1,1117,13,10,82),(2,1,1117,13,10,83),(2,1,1117,13,20,67),(2,1,1117,13,20,84),(2,1,1117,13,20,85),(2,1,1117,13,30,71),(2,1,1117,13,30,86),(2,1,1117,13,30,87),(2,1,1117,13,40,74),(2,1,1117,13,40,88),(2,1,1117,13,40,89),(2,1,1117,13,50,77),(2,1,1117,13,60,80),(2,1,1117,13,60,81),(2,1,1118,12,10,65),(2,1,1118,12,10,66),(2,1,1118,12,20,68),(2,1,1118,12,20,69),(2,1,1118,12,30,70),(2,1,1118,12,30,72),(2,1,1118,12,40,73),(2,1,1118,12,40,75),(2,1,1118,12,50,76),(2,1,1118,12,50,78),(2,1,1118,12,60,79),(2,1,1118,13,10,64),(2,1,1118,13,10,82),(2,1,1118,13,10,83),(2,1,1118,13,20,67),(2,1,1118,13,20,84),(2,1,1118,13,20,85),(2,1,1118,13,30,71),(2,1,1118,13,30,86),(2,1,1118,13,30,87),(2,1,1118,13,40,74),(2,1,1118,13,40,88),(2,1,1118,13,40,89),(2,1,1118,13,50,77),(2,1,1118,13,60,80),(2,1,1118,13,60,81),(2,1,1119,12,10,65),(2,1,1119,12,10,66),(2,1,1119,12,20,68),(2,1,1119,12,20,69),(2,1,1119,12,30,70),(2,1,1119,12,30,72),(2,1,1119,12,40,73),(2,1,1119,12,40,75),(2,1,1119,12,50,76),(2,1,1119,12,50,78),(2,1,1119,12,60,79),(2,1,1119,13,10,64),(2,1,1119,13,10,82),(2,1,1119,13,10,83),(2,1,1119,13,20,67),(2,1,1119,13,20,84),(2,1,1119,13,20,85),(2,1,1119,13,30,71),(2,1,1119,13,30,86),(2,1,1119,13,30,87),(2,1,1119,13,40,74),(2,1,1119,13,40,88),(2,1,1119,13,40,89),(2,1,1119,13,50,77),(2,1,1119,13,60,80),(2,1,1119,13,60,81),(2,1,1120,12,10,65),(2,1,1120,12,10,66),(2,1,1120,12,20,68),(2,1,1120,12,20,69),(2,1,1120,12,30,70),(2,1,1120,12,30,72),(2,1,1120,12,40,73),(2,1,1120,12,40,75),(2,1,1120,12,50,76),(2,1,1120,12,50,78),(2,1,1120,12,60,79),(2,1,1120,13,10,64),(2,1,1120,13,10,82),(2,1,1120,13,10,83),(2,1,1120,13,20,67),(2,1,1120,13,20,84),(2,1,1120,13,20,85),(2,1,1120,13,30,71),(2,1,1120,13,30,86),(2,1,1120,13,30,87),(2,1,1120,13,40,74),(2,1,1120,13,40,88),(2,1,1120,13,40,89),(2,1,1120,13,50,77),(2,1,1120,13,60,80),(2,1,1120,13,60,81),(2,1,1121,12,10,65),(2,1,1121,12,10,66),(2,1,1121,12,20,68),(2,1,1121,12,20,69),(2,1,1121,12,30,70),(2,1,1121,12,30,72),(2,1,1121,12,40,73),(2,1,1121,12,40,75),(2,1,1121,12,50,76),(2,1,1121,12,50,78),(2,1,1121,12,60,79),(2,1,1121,13,10,64),(2,1,1121,13,10,82),(2,1,1121,13,10,83),(2,1,1121,13,20,67),(2,1,1121,13,20,84),(2,1,1121,13,20,85),(2,1,1121,13,30,71),(2,1,1121,13,30,86),(2,1,1121,13,30,87),(2,1,1121,13,40,74),(2,1,1121,13,40,88),(2,1,1121,13,40,89),(2,1,1121,13,50,77),(2,1,1121,13,60,80),(2,1,1121,13,60,81),(2,1,1122,12,10,65),(2,1,1122,12,10,66),(2,1,1122,12,20,68),(2,1,1122,12,20,69),(2,1,1122,12,30,70),(2,1,1122,12,30,72),(2,1,1122,12,40,73),(2,1,1122,12,40,75),(2,1,1122,12,50,76),(2,1,1122,12,50,78),(2,1,1122,12,60,79),(2,1,1122,13,10,64),(2,1,1122,13,10,82),(2,1,1122,13,10,83),(2,1,1122,13,20,67),(2,1,1122,13,20,84),(2,1,1122,13,20,85),(2,1,1122,13,30,71),(2,1,1122,13,30,86),(2,1,1122,13,30,87),(2,1,1122,13,40,74),(2,1,1122,13,40,88),(2,1,1122,13,40,89),(2,1,1122,13,50,77),(2,1,1122,13,60,80),(2,1,1122,13,60,81),(2,1,1123,12,10,65),(2,1,1123,12,10,66),(2,1,1123,12,20,68),(2,1,1123,12,20,69),(2,1,1123,12,30,70),(2,1,1123,12,30,72),(2,1,1123,12,40,73),(2,1,1123,12,40,75),(2,1,1123,12,50,76),(2,1,1123,12,50,78),(2,1,1123,12,60,79),(2,1,1123,13,10,64),(2,1,1123,13,10,82),(2,1,1123,13,10,83),(2,1,1123,13,20,67),(2,1,1123,13,20,84),(2,1,1123,13,20,85),(2,1,1123,13,30,71),(2,1,1123,13,30,86),(2,1,1123,13,30,87),(2,1,1123,13,40,74),(2,1,1123,13,40,88),(2,1,1123,13,40,89),(2,1,1123,13,50,77),(2,1,1123,13,60,80),(2,1,1123,13,60,81),(2,1,1124,12,10,65),(2,1,1124,12,10,66),(2,1,1124,12,20,68),(2,1,1124,12,20,69),(2,1,1124,12,30,70),(2,1,1124,12,30,72),(2,1,1124,12,40,73),(2,1,1124,12,40,75),(2,1,1124,12,50,76),(2,1,1124,12,50,78),(2,1,1124,12,60,79),(2,1,1124,13,10,64),(2,1,1124,13,10,82),(2,1,1124,13,10,83),(2,1,1124,13,20,67),(2,1,1124,13,20,84),(2,1,1124,13,20,85),(2,1,1124,13,30,71),(2,1,1124,13,30,86),(2,1,1124,13,30,87),(2,1,1124,13,40,74),(2,1,1124,13,40,88),(2,1,1124,13,40,89),(2,1,1124,13,50,77),(2,1,1124,13,60,80),(2,1,1124,13,60,81),(2,1,1125,12,10,65),(2,1,1125,12,10,66),(2,1,1125,12,20,68),(2,1,1125,12,20,69),(2,1,1125,12,30,70),(2,1,1125,12,30,72),(2,1,1125,12,40,73),(2,1,1125,12,40,75),(2,1,1125,12,50,76),(2,1,1125,12,50,78),(2,1,1125,12,60,79),(2,1,1125,13,10,64),(2,1,1125,13,10,82),(2,1,1125,13,10,83),(2,1,1125,13,20,67),(2,1,1125,13,20,84),(2,1,1125,13,20,85),(2,1,1125,13,30,71),(2,1,1125,13,30,86),(2,1,1125,13,30,87),(2,1,1125,13,40,74),(2,1,1125,13,40,88),(2,1,1125,13,40,89),(2,1,1125,13,50,77),(2,1,1125,13,60,80),(2,1,1125,13,60,81),(2,1,1126,12,10,65),(2,1,1126,12,10,66),(2,1,1126,12,20,68),(2,1,1126,12,20,69),(2,1,1126,12,30,70),(2,1,1126,12,30,72),(2,1,1126,12,40,73),(2,1,1126,12,40,75),(2,1,1126,12,50,76),(2,1,1126,12,50,78),(2,1,1126,12,60,79),(2,1,1126,13,10,64),(2,1,1126,13,10,82),(2,1,1126,13,10,83),(2,1,1126,13,20,67),(2,1,1126,13,20,84),(2,1,1126,13,20,85),(2,1,1126,13,30,71),(2,1,1126,13,30,86),(2,1,1126,13,30,87),(2,1,1126,13,40,74),(2,1,1126,13,40,88),(2,1,1126,13,40,89),(2,1,1126,13,50,77),(2,1,1126,13,60,80),(2,1,1126,13,60,81),(2,1,1127,12,10,65),(2,1,1127,12,10,66),(2,1,1127,12,20,68),(2,1,1127,12,20,69),(2,1,1127,12,30,70),(2,1,1127,12,30,72),(2,1,1127,12,40,73),(2,1,1127,12,40,75),(2,1,1127,12,50,76),(2,1,1127,12,50,78),(2,1,1127,12,60,79),(2,1,1127,13,10,64),(2,1,1127,13,10,82),(2,1,1127,13,10,83),(2,1,1127,13,20,67),(2,1,1127,13,20,84),(2,1,1127,13,20,85),(2,1,1127,13,30,71),(2,1,1127,13,30,86),(2,1,1127,13,30,87),(2,1,1127,13,40,74),(2,1,1127,13,40,88),(2,1,1127,13,40,89),(2,1,1127,13,50,77),(2,1,1127,13,60,80),(2,1,1127,13,60,81),(2,1,1128,12,10,65),(2,1,1128,12,10,66),(2,1,1128,12,20,68),(2,1,1128,12,20,69),(2,1,1128,12,30,70),(2,1,1128,12,30,72),(2,1,1128,12,40,73),(2,1,1128,12,40,75),(2,1,1128,12,50,76),(2,1,1128,12,50,78),(2,1,1128,12,60,79),(2,1,1128,13,10,64),(2,1,1128,13,10,82),(2,1,1128,13,10,83),(2,1,1128,13,20,67),(2,1,1128,13,20,84),(2,1,1128,13,20,85),(2,1,1128,13,30,71),(2,1,1128,13,30,86),(2,1,1128,13,30,87),(2,1,1128,13,40,74),(2,1,1128,13,40,88),(2,1,1128,13,40,89),(2,1,1128,13,50,77),(2,1,1128,13,60,80),(2,1,1128,13,60,81),(2,1,1129,12,10,65),(2,1,1129,12,10,66),(2,1,1129,12,20,68),(2,1,1129,12,20,69),(2,1,1129,12,30,70),(2,1,1129,12,30,72),(2,1,1129,12,40,73),(2,1,1129,12,40,75),(2,1,1129,12,50,76),(2,1,1129,12,50,78),(2,1,1129,12,60,79),(2,1,1129,13,10,64),(2,1,1129,13,10,82),(2,1,1129,13,10,83),(2,1,1129,13,20,67),(2,1,1129,13,20,84),(2,1,1129,13,20,85),(2,1,1129,13,30,71),(2,1,1129,13,30,86),(2,1,1129,13,30,87),(2,1,1129,13,40,74),(2,1,1129,13,40,88),(2,1,1129,13,40,89),(2,1,1129,13,50,77),(2,1,1129,13,60,80),(2,1,1129,13,60,81),(2,1,1130,12,10,65),(2,1,1130,12,10,66),(2,1,1130,12,20,68),(2,1,1130,12,20,69),(2,1,1130,12,30,70),(2,1,1130,12,30,72),(2,1,1130,12,40,73),(2,1,1130,12,40,75),(2,1,1130,12,50,76),(2,1,1130,12,50,78),(2,1,1130,12,60,79),(2,1,1130,13,10,64),(2,1,1130,13,10,82),(2,1,1130,13,10,83),(2,1,1130,13,20,67),(2,1,1130,13,20,84),(2,1,1130,13,20,85),(2,1,1130,13,30,71),(2,1,1130,13,30,86),(2,1,1130,13,30,87),(2,1,1130,13,40,74),(2,1,1130,13,40,88),(2,1,1130,13,40,89),(2,1,1130,13,50,77),(2,1,1130,13,60,80),(2,1,1130,13,60,81),(2,1,1131,12,10,65),(2,1,1131,12,10,66),(2,1,1131,12,20,68),(2,1,1131,12,20,69),(2,1,1131,12,30,70),(2,1,1131,12,30,72),(2,1,1131,12,40,73),(2,1,1131,12,40,75),(2,1,1131,12,50,76),(2,1,1131,12,50,78),(2,1,1131,12,60,79),(2,1,1131,13,10,64),(2,1,1131,13,10,82),(2,1,1131,13,10,83),(2,1,1131,13,20,67),(2,1,1131,13,20,84),(2,1,1131,13,20,85),(2,1,1131,13,30,71),(2,1,1131,13,30,86),(2,1,1131,13,30,87),(2,1,1131,13,40,74),(2,1,1131,13,40,88),(2,1,1131,13,40,89),(2,1,1131,13,50,77),(2,1,1131,13,60,80),(2,1,1131,13,60,81),(2,1,1132,12,10,65),(2,1,1132,12,10,66),(2,1,1132,12,20,68),(2,1,1132,12,20,69),(2,1,1132,12,30,70),(2,1,1132,12,30,72),(2,1,1132,12,40,73),(2,1,1132,12,40,75),(2,1,1132,12,50,76),(2,1,1132,12,50,78),(2,1,1132,12,60,79),(2,1,1132,13,10,64),(2,1,1132,13,10,82),(2,1,1132,13,10,83),(2,1,1132,13,20,67),(2,1,1132,13,20,84),(2,1,1132,13,20,85),(2,1,1132,13,30,71),(2,1,1132,13,30,86),(2,1,1132,13,30,87),(2,1,1132,13,40,74),(2,1,1132,13,40,88),(2,1,1132,13,40,89),(2,1,1132,13,50,77),(2,1,1132,13,60,80),(2,1,1132,13,60,81),(2,1,1133,12,10,65),(2,1,1133,12,10,66),(2,1,1133,12,20,68),(2,1,1133,12,20,69),(2,1,1133,12,30,70),(2,1,1133,12,30,72),(2,1,1133,12,40,73),(2,1,1133,12,40,75),(2,1,1133,12,50,76),(2,1,1133,12,50,78),(2,1,1133,12,60,79),(2,1,1133,13,10,64),(2,1,1133,13,10,82),(2,1,1133,13,10,83),(2,1,1133,13,20,67),(2,1,1133,13,20,84),(2,1,1133,13,20,85),(2,1,1133,13,30,71),(2,1,1133,13,30,86),(2,1,1133,13,30,87),(2,1,1133,13,40,74),(2,1,1133,13,40,88),(2,1,1133,13,40,89),(2,1,1133,13,50,77),(2,1,1133,13,60,80),(2,1,1133,13,60,81),(2,1,1134,12,10,65),(2,1,1134,12,10,66),(2,1,1134,12,20,68),(2,1,1134,12,20,69),(2,1,1134,12,30,70),(2,1,1134,12,30,72),(2,1,1134,12,40,73),(2,1,1134,12,40,75),(2,1,1134,12,50,76),(2,1,1134,12,50,78),(2,1,1134,12,60,79),(2,1,1134,13,10,64),(2,1,1134,13,10,82),(2,1,1134,13,10,83),(2,1,1134,13,20,67),(2,1,1134,13,20,84),(2,1,1134,13,20,85),(2,1,1134,13,30,71),(2,1,1134,13,30,86),(2,1,1134,13,30,87),(2,1,1134,13,40,74),(2,1,1134,13,40,88),(2,1,1134,13,40,89),(2,1,1134,13,50,77),(2,1,1134,13,60,80),(2,1,1134,13,60,81),(2,1,1135,12,10,65),(2,1,1135,12,10,66),(2,1,1135,12,20,68),(2,1,1135,12,20,69),(2,1,1135,12,30,70),(2,1,1135,12,30,72),(2,1,1135,12,40,73),(2,1,1135,12,40,75),(2,1,1135,12,50,76),(2,1,1135,12,50,78),(2,1,1135,12,60,79),(2,1,1135,13,10,64),(2,1,1135,13,10,82),(2,1,1135,13,10,83),(2,1,1135,13,20,67),(2,1,1135,13,20,84),(2,1,1135,13,20,85),(2,1,1135,13,30,71),(2,1,1135,13,30,86),(2,1,1135,13,30,87),(2,1,1135,13,40,74),(2,1,1135,13,40,88),(2,1,1135,13,40,89),(2,1,1135,13,50,77),(2,1,1135,13,60,80),(2,1,1135,13,60,81),(2,1,1136,12,10,65),(2,1,1136,12,10,66),(2,1,1136,12,20,68),(2,1,1136,12,20,69),(2,1,1136,12,30,70),(2,1,1136,12,30,72),(2,1,1136,12,40,73),(2,1,1136,12,40,75),(2,1,1136,12,50,76),(2,1,1136,12,50,78),(2,1,1136,12,60,79),(2,1,1136,13,10,64),(2,1,1136,13,10,82),(2,1,1136,13,10,83),(2,1,1136,13,20,67),(2,1,1136,13,20,84),(2,1,1136,13,20,85),(2,1,1136,13,30,71),(2,1,1136,13,30,86),(2,1,1136,13,30,87),(2,1,1136,13,40,74),(2,1,1136,13,40,88),(2,1,1136,13,40,89),(2,1,1136,13,50,77),(2,1,1136,13,60,80),(2,1,1136,13,60,81),(2,1,1137,12,10,65),(2,1,1137,12,10,66),(2,1,1137,12,20,68),(2,1,1137,12,20,69),(2,1,1137,12,30,70),(2,1,1137,12,30,72),(2,1,1137,12,40,73),(2,1,1137,12,40,75),(2,1,1137,12,50,76),(2,1,1137,12,50,78),(2,1,1137,12,60,79),(2,1,1137,13,10,64),(2,1,1137,13,10,82),(2,1,1137,13,10,83),(2,1,1137,13,20,67),(2,1,1137,13,20,84),(2,1,1137,13,20,85),(2,1,1137,13,30,71),(2,1,1137,13,30,86),(2,1,1137,13,30,87),(2,1,1137,13,40,74),(2,1,1137,13,40,88),(2,1,1137,13,40,89),(2,1,1137,13,50,77),(2,1,1137,13,60,80),(2,1,1137,13,60,81),(2,1,1138,12,10,65),(2,1,1138,12,10,66),(2,1,1138,12,20,68),(2,1,1138,12,20,69),(2,1,1138,12,30,70),(2,1,1138,12,30,72),(2,1,1138,12,40,73),(2,1,1138,12,40,75),(2,1,1138,12,50,76),(2,1,1138,12,50,78),(2,1,1138,12,60,79),(2,1,1138,13,10,64),(2,1,1138,13,10,82),(2,1,1138,13,10,83),(2,1,1138,13,20,67),(2,1,1138,13,20,84),(2,1,1138,13,20,85),(2,1,1138,13,30,71),(2,1,1138,13,30,86),(2,1,1138,13,30,87),(2,1,1138,13,40,74),(2,1,1138,13,40,88),(2,1,1138,13,40,89),(2,1,1138,13,50,77),(2,1,1138,13,60,80),(2,1,1138,13,60,81),(2,1,1139,12,10,65),(2,1,1139,12,10,66),(2,1,1139,12,20,68),(2,1,1139,12,20,69),(2,1,1139,12,30,70),(2,1,1139,12,30,72),(2,1,1139,12,40,73),(2,1,1139,12,40,75),(2,1,1139,12,50,76),(2,1,1139,12,50,78),(2,1,1139,12,60,79),(2,1,1139,13,10,64),(2,1,1139,13,10,82),(2,1,1139,13,10,83),(2,1,1139,13,20,67),(2,1,1139,13,20,84),(2,1,1139,13,20,85),(2,1,1139,13,30,71),(2,1,1139,13,30,86),(2,1,1139,13,30,87),(2,1,1139,13,40,74),(2,1,1139,13,40,88),(2,1,1139,13,40,89),(2,1,1139,13,50,77),(2,1,1139,13,60,80),(2,1,1139,13,60,81),(2,1,1140,12,10,65),(2,1,1140,12,10,66),(2,1,1140,12,20,68),(2,1,1140,12,20,69),(2,1,1140,12,30,70),(2,1,1140,12,30,72),(2,1,1140,12,40,73),(2,1,1140,12,40,75),(2,1,1140,12,50,76),(2,1,1140,12,50,78),(2,1,1140,12,60,79),(2,1,1140,13,10,64),(2,1,1140,13,10,82),(2,1,1140,13,10,83),(2,1,1140,13,20,67),(2,1,1140,13,20,84),(2,1,1140,13,20,85),(2,1,1140,13,30,71),(2,1,1140,13,30,86),(2,1,1140,13,30,87),(2,1,1140,13,40,74),(2,1,1140,13,40,88),(2,1,1140,13,40,89),(2,1,1140,13,50,77),(2,1,1140,13,60,80),(2,1,1140,13,60,81),(2,1,1141,12,10,65),(2,1,1141,12,10,66),(2,1,1141,12,20,68),(2,1,1141,12,20,69),(2,1,1141,12,30,70),(2,1,1141,12,30,72),(2,1,1141,12,40,73),(2,1,1141,12,40,75),(2,1,1141,12,50,76),(2,1,1141,12,50,78),(2,1,1141,12,60,79),(2,1,1141,13,10,64),(2,1,1141,13,10,82),(2,1,1141,13,10,83),(2,1,1141,13,20,67),(2,1,1141,13,20,84),(2,1,1141,13,20,85),(2,1,1141,13,30,71),(2,1,1141,13,30,86),(2,1,1141,13,30,87),(2,1,1141,13,40,74),(2,1,1141,13,40,88),(2,1,1141,13,40,89),(2,1,1141,13,50,77),(2,1,1141,13,60,80),(2,1,1141,13,60,81),(2,1,1142,12,10,65),(2,1,1142,12,10,66),(2,1,1142,12,20,68),(2,1,1142,12,20,69),(2,1,1142,12,30,70),(2,1,1142,12,30,72),(2,1,1142,12,40,73),(2,1,1142,12,40,75),(2,1,1142,12,50,76),(2,1,1142,12,50,78),(2,1,1142,12,60,79),(2,1,1142,13,10,64),(2,1,1142,13,10,82),(2,1,1142,13,10,83),(2,1,1142,13,20,67),(2,1,1142,13,20,84),(2,1,1142,13,20,85),(2,1,1142,13,30,71),(2,1,1142,13,30,86),(2,1,1142,13,30,87),(2,1,1142,13,40,74),(2,1,1142,13,40,88),(2,1,1142,13,40,89),(2,1,1142,13,50,77),(2,1,1142,13,60,80),(2,1,1142,13,60,81),(2,1,1145,13,10,101),(2,1,1146,13,10,101),(2,1,1147,13,10,101),(2,1,1148,13,10,101),(2,1,1149,13,10,101),(2,1,1150,13,10,101),(2,1,1151,13,10,101),(2,1,1152,13,10,101),(2,1,1153,13,10,101),(2,1,1154,13,10,101),(2,1,1155,13,10,101),(2,1,1156,13,10,101),(2,1,1157,13,10,101),(2,1,1158,13,10,101),(2,1,1159,13,10,101),(2,1,1160,13,10,101),(2,1,1161,13,10,101),(2,1,1162,13,10,101),(2,1,1163,13,10,101),(2,1,1164,13,10,101),(2,1,1165,13,10,101),(2,1,1166,13,10,101),(2,1,1167,13,10,101),(2,1,1168,13,10,101),(2,1,1169,13,10,101),(2,1,1170,13,10,101),(2,1,1171,13,10,101),(2,1,1172,13,10,101),(2,1,1173,13,10,101),(2,1,1174,13,10,101),(2,1,1175,13,10,101),(2,1,1176,13,10,101),(2,1,1177,13,10,101),(2,1,1178,13,10,101),(2,1,1179,13,10,101),(2,1,1180,13,10,101),(2,1,1181,13,10,101),(2,1,1182,13,10,101),(2,1,1183,13,10,101),(2,1,1184,13,10,101),(2,1,1185,13,10,101),(2,1,1186,13,10,101),(2,1,1187,13,40,74),(2,1,1188,13,40,74),(2,1,1189,13,10,82),(2,1,1189,13,10,101),(2,1,1189,13,30,87),(2,1,1189,13,50,77),(2,1,1190,13,10,82),(2,1,1190,13,10,101),(2,1,1190,13,30,87),(2,1,1190,13,50,77);
/*!40000 ALTER TABLE `ArticleIndex` ENABLE KEYS */;
UNLOCK TABLES;

--
-- Dumping data for table `ArticlePublish`
--

LOCK TABLES `ArticlePublish` WRITE;
/*!40000 ALTER TABLE `ArticlePublish` DISABLE KEYS */;
/*!40000 ALTER TABLE `ArticlePublish` ENABLE KEYS */;
UNLOCK TABLES;

--
-- Dumping data for table `ArticleRendition`
--

LOCK TABLES `ArticleRendition` WRITE;
/*!40000 ALTER TABLE `ArticleRendition` DISABLE KEYS */;
INSERT INTO `ArticleRendition` (`image_id`, `rendition_id`, `articleNumber`, `imageSpecs`) VALUES (65,'thumb',71,'426_222_768_450'),(33,'square',83,'181_85_416_320'),(97,'articlebig',83,NULL);
/*!40000 ALTER TABLE `ArticleRendition` ENABLE KEYS */;
UNLOCK TABLES;

--
-- Dumping data for table `ArticleTopics`
--

LOCK TABLES `ArticleTopics` WRITE;
/*!40000 ALTER TABLE `ArticleTopics` DISABLE KEYS */;
/*!40000 ALTER TABLE `ArticleTopics` ENABLE KEYS */;
UNLOCK TABLES;

--
-- Dumping data for table `ArticleTypeMetadata`
--

LOCK TABLES `ArticleTypeMetadata` WRITE;
/*!40000 ALTER TABLE `ArticleTypeMetadata` DISABLE KEYS */;
INSERT INTO `ArticleTypeMetadata` (`type_name`, `field_name`, `field_weight`, `is_hidden`, `comments_enabled`, `fk_phrase_id`, `field_type`, `field_type_param`, `is_content_field`, `max_size`) VALUES ('news','NULL',NULL,0,1,NULL,NULL,NULL,0,NULL),('news','deck',2,0,0,NULL,'body','editor_size=250',0,NULL),('news','full_text',3,0,0,NULL,'body','editor_size=750',1,NULL),('news','highlight',1,0,0,NULL,'switch',NULL,0,NULL),('page','NULL',NULL,0,0,NULL,NULL,NULL,0,NULL),('page','full_text',1,0,0,NULL,'body','editor_size=750',1,NULL),('link','NULL',NULL,0,0,NULL,NULL,NULL,0,NULL),('link','url',1,0,0,NULL,'text',NULL,0,NULL);
/*!40000 ALTER TABLE `ArticleTypeMetadata` ENABLE KEYS */;
UNLOCK TABLES;

--
-- Dumping data for table `Articles`
--

LOCK TABLES `Articles` WRITE;
/*!40000 ALTER TABLE `Articles` DISABLE KEYS */;
INSERT INTO `Articles` (`IdPublication`, `NrIssue`, `NrSection`, `Number`, `IdLanguage`, `Name`, `Type`, `IdUser`, `fk_default_author_id`, `OnFrontPage`, `OnSection`, `Published`, `PublishDate`, `UploadDate`, `Keywords`, `Public`, `IsIndexed`, `LockUser`, `LockTime`, `ShortName`, `ArticleOrder`, `comments_enabled`, `comments_locked`, `time_updated`, `object_id`) VALUES (2,13,10,64,1,'European Council candidates set to be named','news',15,12,'Y','N','Y','2012-01-29 02:14:36','2010-12-23 15:48:13','','Y','Y',1,'2012-03-15 10:44:25','64',1,1,0,'2012-03-15 09:44:25',78),(2,12,10,65,1,'The truth behind the European housing market','news',15,12,'N','N','Y','2010-12-24 12:14:36','2010-12-24 12:10:11','','Y','Y',0,'0000-00-00 00:00:00','65',2,1,0,'2012-03-01 16:08:33',99),(2,12,10,66,1,'Mayoral race looks to the future','news',15,12,'N','N','Y','2010-12-24 12:18:16','2010-12-24 12:15:07','','Y','Y',0,'0000-00-00 00:00:00','66',1,1,0,'2012-03-01 16:08:23',106),(2,13,20,67,1,'Private aviation companies take flight','news',15,12,'N','N','Y','2010-12-24 12:36:15','2010-12-24 12:19:37','','Y','Y',0,'0000-00-00 00:00:00','67',1,1,0,'2012-03-07 15:32:46',97),(2,12,20,68,1,'Advertisers target online demographic','news',15,12,'N','N','Y','2010-12-27 10:40:02','2010-12-24 17:30:07','','Y','Y',0,'0000-00-00 00:00:00','68',2,1,0,'2012-03-01 16:08:58',85),(2,12,20,69,1,'Car industry resurgence boosts economy','news',15,12,'N','N','Y','2010-12-24 17:38:36','2010-12-24 17:36:30','','Y','Y',0,'0000-00-00 00:00:00','69',1,1,0,'2012-03-01 16:08:49',107),(2,12,30,70,1,' 5 alternatives to Delicious','news',15,12,'N','N','Y','2010-12-24 18:35:37','2010-12-24 18:14:32','','Y','Y',0,'0000-00-00 00:00:00','70',72,1,0,'2011-07-12 06:46:34',104),(2,13,30,71,1,'Commercial space flight becomes a reality','news',15,12,'N','N','Y','2010-12-24 18:35:37','2010-12-24 18:21:56','','N','Y',0,'0000-00-00 00:00:00','71',1,1,0,'2012-03-07 14:55:32',103),(2,12,30,72,1,'10 amazing geolocation apps','news',15,12,'N','N','Y','2010-12-24 18:35:37','2010-12-24 18:27:57','','Y','Y',0,'0000-00-00 00:00:00','72',1,1,0,'2012-03-01 16:09:13',82),(2,12,40,73,1,'Hayfever remedy a breath of fresh air','news',15,12,'N','N','Y','2010-12-24 18:48:23','2010-12-24 18:37:02','','Y','Y',0,'0000-00-00 00:00:00','73',75,1,0,'2011-07-12 06:46:53',105),(2,13,40,74,1,'Sightseeing is good for the heart','news',15,12,'N','N','Y','2010-12-24 18:48:23','2010-12-24 18:42:51','','N','Y',33,'2012-03-05 19:16:01','74',1,1,0,'2012-03-05 19:16:01',102),(2,12,40,75,1,'Healthy options for your sweet tooth ','news',15,12,'N','N','Y','2010-12-25 20:55:38','2010-12-25 20:54:04','','Y','Y',0,'0000-00-00 00:00:00','75',1,1,0,'2011-07-12 06:46:45',98),(2,12,50,76,1,'Berlin Film Festival unveils 2011 line-up','news',15,12,'N','N','Y','2010-12-25 21:02:14','2010-12-25 20:56:00','','Y','Y',0,'0000-00-00 00:00:00','76',78,1,0,'2011-07-12 06:47:17',89),(2,13,50,77,1,'New Cannes winner a taste of paradise','news',15,12,'N','Y','Y','2010-12-25 21:02:14','2010-12-25 20:57:57','','Y','Y',0,'0000-00-00 00:00:00','77',90,1,0,'2012-03-01 16:06:21',95),(2,12,50,78,1,'Hidden cultural delights of the Adriatic','news',15,12,'N','N','Y','2010-12-25 21:02:14','2010-12-25 21:00:30','','Y','Y',0,'0000-00-00 00:00:00','78',1,1,0,'2011-07-12 06:47:06',101),(2,12,60,79,1,'Grand Slam winner sets new record','news',15,12,'N','N','Y','2010-12-25 21:07:37','2010-12-25 21:02:34','','Y','Y',0,'0000-00-00 00:00:00','79',81,1,0,'2011-07-12 06:47:29',100),(2,13,60,80,1,'Lionel Messi: the Argentinean who makes children dream all over the world','news',15,12,'N','N','Y','2010-12-25 21:07:37','2010-12-25 21:04:20','','Y','Y',0,'0000-00-00 00:00:00','80',91,1,0,'2012-03-01 16:07:49',87),(2,13,60,81,1,'Italian football reaches new world audience','news',15,12,'N','N','Y','2010-12-25 21:07:37','2010-12-25 21:06:16','','Y','Y',48,'2012-03-09 08:02:23','81',92,1,0,'2012-03-09 08:03:58',88),(2,13,10,82,1,'Food export duties set to rise','news',15,12,'N','N','Y','2010-12-27 08:34:58','2010-12-25 21:08:43','','Y','Y',32,'2012-03-05 08:27:08','82',4,1,0,'2012-03-05 08:27:08',80),(2,13,10,83,1,'Wintry conditions sweep across China','news',15,12,'N','Y','Y','2010-12-27 08:34:58','2010-12-25 21:10:26','','Y','Y',1,'2012-03-15 10:32:11','83',3,1,0,'2012-03-15 09:32:11',79),(2,13,20,84,1,'Where to locate your internet start-up','news',15,12,'N','N','Y','2010-12-27 09:47:21','2010-12-27 08:35:57','','Y','Y',0,'0000-00-00 00:00:00','84',86,1,0,'2012-03-01 16:01:53',81),(2,13,20,85,1,'Tax and trade bureau considers alcohol labeling','news',15,12,'N','Y','Y','2010-12-27 10:16:21','2010-12-27 09:45:32','','Y','Y',0,'0000-00-00 00:00:00','85',2,1,0,'2012-03-01 16:27:41',96),(2,13,30,86,1,'Online security risks exposed','news',15,12,'N','N','Y','2010-12-27 10:53:10','2010-12-27 09:47:42','','Y','Y',0,'0000-00-00 00:00:00','86',88,1,0,'2012-03-01 16:04:11',84),(2,13,30,87,1,'New horizons for the browser','news',15,12,'N','N','Y','2010-12-27 09:53:10','2010-12-27 09:50:55','','Y','Y',0,'0000-00-00 00:00:00','87',2,1,0,'2012-03-01 16:02:19',86),(2,13,40,88,1,'Luxury health breaks on offer','news',15,12,'N','N','Y','2010-12-27 10:59:43','2010-12-27 09:53:34','','Y','Y',0,'0000-00-00 00:00:00','88',90,1,0,'2012-03-01 16:05:54',83),(2,13,40,89,1,'City life may be beneficial say doctors','news',15,12,'N','N','Y','2010-12-27 09:59:43','2010-12-27 09:56:53','','Y','Y',0,'0000-00-00 00:00:00','89',2,1,0,'2012-03-01 16:04:38',90),(2,1,15,90,1,'Sourcefabric','link',15,12,'N','N','Y','2010-12-28 10:20:07','2010-12-28 10:19:04','','Y','Y',0,'0000-00-00 00:00:00','90',1,1,0,'2011-01-24 07:53:04',0),(2,1,15,91,1,'Newscoop','link',15,12,'N','N','Y','2010-12-28 10:21:42','2010-12-28 10:20:35','','Y','Y',0,'0000-00-00 00:00:00','91',2,1,0,'2011-01-24 07:53:04',0),(2,1,15,92,1,'Airtime','link',15,12,'N','N','Y','2010-12-28 10:21:42','2010-12-28 10:21:14','','Y','Y',0,'0000-00-00 00:00:00','92',3,1,0,'2011-01-24 07:49:44',0),(2,1,15,93,1,'Sourcefabric Services','link',15,12,'N','N','Y','2010-12-28 10:28:34','2010-12-28 10:22:58','','Y','Y',0,'0000-00-00 00:00:00','93',4,1,0,'2011-01-27 14:19:55',0),(2,1,15,94,1,'Join Sourcefabric','link',15,12,'N','N','Y','2010-12-28 10:28:34','2010-12-28 10:27:48','','Y','Y',0,'0000-00-00 00:00:00','94',5,1,0,'2011-01-24 07:53:04',0),(2,1,5,95,1,'About us','page',15,12,'N','N','Y','2010-12-28 10:34:13','2010-12-28 10:29:51','','Y','Y',0,'0000-00-00 00:00:00','95',98,1,0,'2011-07-07 08:40:35',91),(2,1,5,96,1,'Contact','page',15,12,'N','N','Y','2010-12-28 10:34:13','2010-12-28 10:31:36','','Y','Y',0,'0000-00-00 00:00:00','96',3,1,0,'2011-07-07 08:40:11',93),(2,1,5,97,1,'Marketing','page',15,12,'N','N','Y','2010-12-28 10:34:13','2010-12-28 10:32:37','','Y','Y',0,'0000-00-00 00:00:00','97',2,1,0,'2011-07-07 08:40:07',94),(2,1,5,98,1,'Credits','page',15,12,'N','N','Y','2010-12-28 10:34:13','2010-12-28 10:33:38','','Y','Y',0,'0000-00-00 00:00:00','98',1,1,0,'2011-07-07 08:39:44',92),(2,13,10,101,1,'News on general theory of relativity','news',31,NULL,'N','N','Y','2012-01-09 19:01:21','2012-02-09 18:55:21','','Y','Y',0,'0000-00-00 00:00:00','101',2,1,0,'2012-03-01 15:41:50',0);
/*!40000 ALTER TABLE `Articles` ENABLE KEYS */;
UNLOCK TABLES;

--
-- Dumping data for table `Attachments`
--

LOCK TABLES `Attachments` WRITE;
/*!40000 ALTER TABLE `Attachments` DISABLE KEYS */;
INSERT INTO `Attachments` (`id`, `fk_language_id`, `file_name`, `extension`, `mime_type`, `content_disposition`, `http_charset`, `size_in_bytes`, `fk_description_id`, `fk_user_id`, `last_modified`, `time_created`, `Source`, `Status`) VALUES (7,NULL,'sourcefabric_jingle.oga','oga','application/ogg','attachment',NULL,149501,12,1,'2011-07-12 06:49:39','2011-07-12 06:48:58','local','approved'),(8,NULL,'sourcefabric-jingle.mp3','mp3','audio/mpeg','attachment',NULL,128522,13,1,'2011-07-12 06:49:39','2011-07-12 06:48:58','local','approved'),(9,NULL,'sourcefabric-video.flv','flv','video/x-flv','attachment',NULL,485348,14,1,'2011-07-12 06:49:39','2011-07-12 06:48:58','local','approved'),(10,NULL,'sourcefabric-video.ogv','ogv','application/ogg','attachment',NULL,318290,15,1,'2011-07-12 06:49:39','2011-07-12 06:48:58','local','approved');
/*!40000 ALTER TABLE `Attachments` ENABLE KEYS */;
UNLOCK TABLES;

--
-- Dumping data for table `AuthorAliases`
--

LOCK TABLES `AuthorAliases` WRITE;
/*!40000 ALTER TABLE `AuthorAliases` DISABLE KEYS */;
/*!40000 ALTER TABLE `AuthorAliases` ENABLE KEYS */;
UNLOCK TABLES;

--
-- Dumping data for table `AuthorAssignedTypes`
--

LOCK TABLES `AuthorAssignedTypes` WRITE;
/*!40000 ALTER TABLE `AuthorAssignedTypes` DISABLE KEYS */;
INSERT INTO `AuthorAssignedTypes` (`fk_author_id`, `fk_type_id`) VALUES (0,1),(2,1),(3,1),(3,3),(7,1),(7,2),(7,3),(9,1),(9,3),(11,1),(13,1),(18,3);
/*!40000 ALTER TABLE `AuthorAssignedTypes` ENABLE KEYS */;
UNLOCK TABLES;

--
-- Dumping data for table `AuthorBiographies`
--

LOCK TABLES `AuthorBiographies` WRITE;
/*!40000 ALTER TABLE `AuthorBiographies` DISABLE KEYS */;
INSERT INTO `AuthorBiographies` (`fk_author_id`, `fk_language_id`, `biography`, `first_name`, `last_name`) VALUES (11,1,'Lorem ipsum quis sonet eloquentiam ei eum. Ad sea laoreet admodum fuisset, at graece impetus nec. Exerci aeterno ex sea, an eum rebum debet graecis. Quem legendos rationibus nec ex, duis explicari definitiones et mei. Sed accumsan adversarium at.','Amerigo','Vespucci'),(13,1,'Offendit lobortis te quo, et cum tation scribentur. His amet doctus percipit cu. Nam ut sale omnis elitr. Ut aeterno offendit vix, ei vim fugit deleniti, per an dolore principes definitionem. Mei te forensibus mnesarchum, no pri menandri pertinacia.','Frank N.','Stein'),(18,1,'Eum semper persius graecis an, eos causae qualisque an, no sit congue eleifend. Eruditi impedit postulant ad vim, mel id congue iracundia, iracundia evertitur mel in. His ipsum accusata splendide te, ea eum paulo suscipit.','Haralampius','Bah'),(2,1,'Sed eripuit bonorum dolores at. Aeque utinam regione ne pro, an mel utinam veritus deserunt. Et ubique habemus probatus mei, an eruditi assueverit disputando mea. Sea option maiestatis at, est possit labitur abhorreant id, probo oblique molestiae has no. Alia aeterno posidonium per ei, sea habeo idque commune ad.','James Q.','Reporter'),(7,1,'Ne eripuit signiferumque usu, cum accusam honestatis deterruisset et, nec ut quando laboramus. Nec id odio facilisi persecuti. Nec adipisci sensibus ne. Cu nam tibique eligendi.','Jane','Stockwriter'),(3,1,'Vim tale evertitur no, ex vel laudem equidem. At per numquam euismod iracundia. Verear vivendo intellegam vel eu, ut nec delectus corrumpit, mei in mundi deleniti. Vix ut falli aliquam atomorum, ne mea perpetua patrioque.','Sarah','Staffwriter'),(9,1,'Nec ne euismod utroque. Mei audire officiis constituam ex, ad per ornatus oportere. Quot congue ponderum at qui. Vis ne solet constituto, mea labores corrumpit constituam eu. Inermis gubergren in quo, per evertitur accommodare no, paulo comprehensam eu duo.','Test','Persona');
/*!40000 ALTER TABLE `AuthorBiographies` ENABLE KEYS */;
UNLOCK TABLES;

--
-- Dumping data for table `AuthorTypes`
--

LOCK TABLES `AuthorTypes` WRITE;
/*!40000 ALTER TABLE `AuthorTypes` DISABLE KEYS */;
INSERT INTO `AuthorTypes` (`id`, `type`) VALUES (1,'Author'),(2,'Writer'),(3,'Photographer'),(4,'Editor'),(5,'Columnist');
/*!40000 ALTER TABLE `AuthorTypes` ENABLE KEYS */;
UNLOCK TABLES;

--
-- Dumping data for table `Authors`
--

LOCK TABLES `Authors` WRITE;
/*!40000 ALTER TABLE `Authors` DISABLE KEYS */;
INSERT INTO `Authors` (`id`, `first_name`, `last_name`, `email`, `type`, `skype`, `jabber`, `aim`, `biography`, `image`) VALUES (2,'James Q.','Reporter','',NULL,'','','',NULL,56),(3,'Sarah','Staffwriter','',NULL,'','','',NULL,59),(7,'Jane','Stockwriter','',NULL,'','','',NULL,57),(9,'Test','Persona','',NULL,'','','',NULL,60),(11,'Amerigo','Vespucci','amerigo.vespucci@thejournal.com',NULL,'','','',NULL,53),(13,'Frank N.','Stein','',NULL,'','','',NULL,54),(18,'Haralampius','Bah','haralampius@gmail.com',NULL,'hara_lamp','','',NULL,96);
/*!40000 ALTER TABLE `Authors` ENABLE KEYS */;
UNLOCK TABLES;

--
-- Dumping data for table `AutoId`
--

LOCK TABLES `AutoId` WRITE;
/*!40000 ALTER TABLE `AutoId` DISABLE KEYS */;
INSERT INTO `AutoId` (`ArticleId`, `LogTStamp`, `TopicId`, `translation_phrase_id`) VALUES (101,'2012-02-09 19:01:22',97,15);
/*!40000 ALTER TABLE `AutoId` ENABLE KEYS */;
UNLOCK TABLES;

--
-- Dumping data for table `Cache`
--

LOCK TABLES `Cache` WRITE;
/*!40000 ALTER TABLE `Cache` DISABLE KEYS */;
/*!40000 ALTER TABLE `Cache` ENABLE KEYS */;
UNLOCK TABLES;

--
-- Dumping data for table `Classes`
--

LOCK TABLES `Classes` WRITE;
/*!40000 ALTER TABLE `Classes` DISABLE KEYS */;
/*!40000 ALTER TABLE `Classes` ENABLE KEYS */;
UNLOCK TABLES;

--
-- Dumping data for table `Countries`
--

LOCK TABLES `Countries` WRITE;
/*!40000 ALTER TABLE `Countries` DISABLE KEYS */;
INSERT INTO `Countries` (`Code`, `IdLanguage`, `Name`) VALUES ('AR',1,'Argentina'),('AG',1,'Antigua and Barbuda'),('AQ',1,'Antarctica'),('AI',1,'Anguilla'),('AO',1,'Angola'),('AD',1,'Andorra'),('AS',1,'American Samoa'),('DZ',1,'Algeria'),('AL',1,'Albania'),('AF',1,'Afghanistan'),('AM',1,'Armenia'),('AW',1,'Aruba'),('AU',1,'Australia'),('AT',1,'Austria'),('AZ',1,'Azerbaijan'),('BS',1,'Bahamas'),('BH',1,'Bahrain'),('BD',1,'Bangladesh'),('BB',1,'Barbados'),('BY',1,'Belarus'),('BE',1,'Belgium'),('BZ',1,'Belize'),('BJ',1,'Benin'),('BM',1,'Bermuda'),('BT',1,'Bhutan'),('BO',1,'Bolivia'),('BA',1,'Bosnia and Herzegovina'),('BW',1,'Botswana'),('BV',1,'Bouvet Island'),('BR',1,'Brazil'),('IO',1,'British Indian Ocean Territory'),('BN',1,'Brunei Darussalam'),('BG',1,'Bulgaria'),('BF',1,'Burkina Faso'),('BI',1,'Burundi'),('KH',1,'Cambodia'),('CM',1,'Cameroon'),('CA',1,'Canada'),('CV',1,'Cape Verde'),('KY',1,'Cayman Islands'),('CF',1,'Central African Republic'),('TD',1,'Chad'),('CL',1,'Chile'),('CN',1,'China'),('CX',1,'Christmas Island'),('CC',1,'Cocos (Keeling) Islands'),('CO',1,'Colombia'),('KM',1,'Comoros'),('CG',1,'Congo'),('CD',1,'Congo, The Democratic Republic Of The'),('CK',1,'Cook Islands'),('CR',1,'Costa Rica'),('CI',1,'Cte d\'Ivoire'),('HR',1,'Croatia'),('CU',1,'Cuba'),('CY',1,'Cyprus'),('CZ',1,'Czech Republic'),('DK',1,'Denmark'),('DJ',1,'Djibouti'),('DM',1,'Dominica'),('DO',1,'Dominican Republic'),('TP',1,'Timor-Leste'),('EC',1,'Ecuador'),('EG',1,'Egypt'),('SV',1,'El Salvador'),('GQ',1,'Equatorial Guinea'),('ER',1,'Eritrea'),('EE',1,'Estonia'),('ET',1,'Ethiopia'),('FK',1,'Falkland Islands (Malvinas)'),('FO',1,'Faroe Islands'),('FJ',1,'Fiji'),('FI',1,'Finland'),('FR',1,'France'),('FX',1,'France, Metropolitan'),('GF',1,'French Guiana'),('PF',1,'French Polynesia'),('TF',1,'French Southern Territories'),('GA',1,'Gabon'),('GM',1,'Gambia'),('GE',1,'Georgia'),('DE',1,'Germany'),('GH',1,'Ghana'),('GI',1,'Gibraltar'),('GR',1,'Greece'),('GL',1,'Greenland'),('GD',1,'Grenada'),('GP',1,'Guadeloupe'),('GU',1,'Guam'),('GT',1,'Guatemala'),('GN',1,'Guinea'),('GW',1,'Guinea-bissau'),('GY',1,'Guyana'),('HT',1,'Haiti'),('HM',1,'Heard Island and Mcdonald Islands'),('VA',1,'Holy See (Vatican City State)'),('HN',1,'Honduras'),('HK',1,'Hong Kong'),('HU',1,'Hungary'),('IS',1,'Iceland'),('IN',1,'India'),('ID',1,'Indonesia'),('IR',1,'Iran, Islamic Republic of'),('IQ',1,'Iraq'),('IE',1,'Ireland'),('IL',1,'Israel'),('IT',1,'Italy'),('JM',1,'Jamaica'),('JP',1,'Japan'),('JO',1,'Jordan'),('KZ',1,'Kazakstan'),('KE',1,'Kenya'),('KI',1,'Kiribati'),('KP',1,'Korea, Democratic Peoples Republic of'),('KR',1,'Korea, Republic of'),('KW',1,'Kuwait'),('KG',1,'Kyrgyzstan'),('LA',1,'Lao People\'s Democratic Republic'),('LV',1,'Latvia'),('LB',1,'Lebanon'),('LS',1,'Lesotho'),('LR',1,'Liberia'),('LY',1,'Libyan Arab Jamahiriya'),('LI',1,'Liechtenstein'),('LT',1,'Lithuania'),('LU',1,'Luxembourg'),('MO',1,'Macau'),('MK',1,'Macedonia, The Former Yugoslav Republic of'),('MG',1,'Madagascar'),('MW',1,'Malawi'),('MY',1,'Malaysia'),('MV',1,'Maldives'),('ML',1,'Mali'),('MT',1,'Malta'),('MH',1,'Marshall Islands'),('MQ',1,'Martinique'),('MR',1,'Mauritania'),('MU',1,'Mauritius'),('YT',1,'Mayotte'),('MX',1,'Mexico'),('FM',1,'Micronesia, Federated States of'),('MD',1,'Moldova, Republic of'),('MC',1,'Monaco'),('MN',1,'Mongolia'),('MS',1,'Montserrat'),('MA',1,'Morocco'),('MZ',1,'Mozambique'),('MM',1,'Myanmar'),('NA',1,'Namibia'),('NR',1,'Nauru'),('NP',1,'Nepal'),('NL',1,'Netherlands'),('AN',1,'Netherlands Antilles'),('NC',1,'New Caledonia'),('NZ',1,'New Zealand'),('NI',1,'Nicaragua'),('NE',1,'Niger'),('NG',1,'Nigeria'),('NU',1,'Niue'),('NF',1,'Norfolk Island'),('MP',1,'Northern Mariana Islands'),('NO',1,'Norway'),('OM',1,'Oman'),('PK',1,'Pakistan'),('PW',1,'Palau'),('PS',1,'Palestinian Territory, Occupied'),('PA',1,'Panama'),('PG',1,'Papua New Guinea'),('PY',1,'Paraguay'),('PE',1,'Peru'),('PH',1,'Philippines'),('PN',1,'Pitcairn'),('PL',1,'Poland'),('PT',1,'Portugal'),('PR',1,'Puerto Rico'),('QA',1,'Qatar'),('RE',1,'Runion'),('RO',1,'Romania'),('RU',1,'Russian Federation'),('RW',1,'Rwanda'),('SH',1,'Saint Helena'),('KN',1,'Saint Kitts and Nevis'),('LC',1,'Saint Lucia'),('PM',1,'Saint Pierre and Miquelon'),('VC',1,'Saint Vincent and The Grenadines'),('WS',1,'Samoa'),('SM',1,'San Marino'),('ST',1,'Sao Tome and Principe'),('SA',1,'Saudi Arabia'),('SN',1,'Senegal'),('SX',1,'Serbia'),('MB',1,'Montenegro'),('SC',1,'Seychelles'),('SL',1,'Sierra Leone'),('SG',1,'Singapore'),('SK',1,'Slovakia'),('SI',1,'Slovenia'),('SB',1,'Solomon Islands'),('SO',1,'Somalia'),('ZA',1,'South Africa'),('GS',1,'South Georgia and The South Sandwich Islands'),('ES',1,'Spain'),('LK',1,'Sri Lanka'),('SD',1,'Sudan'),('SR',1,'Suriname'),('SJ',1,'Svalbard and Jan Mayen'),('SZ',1,'Swaziland'),('SE',1,'Sweden'),('CH',1,'Switzerland'),('SY',1,'Syrian Arab Republic'),('TW',1,'Taiwan, Province Of China'),('TJ',1,'Tajikistan'),('TZ',1,'Tanzania, United Republic of'),('TH',1,'Thailand'),('TG',1,'Togo'),('TK',1,'Tokelau'),('TO',1,'Tonga'),('TT',1,'Trinidad and Tobago'),('TN',1,'Tunisia'),('TR',1,'Turkey'),('TM',1,'Turkmenistan'),('TC',1,'Turks and Caicos Islands'),('TV',1,'Tuvalu'),('UG',1,'Uganda'),('UA',1,'Ukraine'),('AE',1,'United Arab Emirates'),('GB',1,'United Kingdom'),('US',1,'United States'),('UM',1,'United States Minor Outlying Islands'),('UY',1,'Uruguay'),('UZ',1,'Uzbekistan'),('VU',1,'Vanuatu'),('VE',1,'Venezuela'),('VN',1,'Vietnam'),('VG',1,'Virgin Islands, British'),('VI',1,'Virgin Islands, U.S.'),('WF',1,'Wallis And Futuna'),('EH',1,'Western Sahara'),('YE',1,'Yemen'),('ZM',1,'Zambia'),('ZW',1,'Zimbabwe'),('AX',1,'land Islands');
/*!40000 ALTER TABLE `Countries` ENABLE KEYS */;
UNLOCK TABLES;

--
-- Dumping data for table `Dictionary`
--

LOCK TABLES `Dictionary` WRITE;
/*!40000 ALTER TABLE `Dictionary` DISABLE KEYS */;
/*!40000 ALTER TABLE `Dictionary` ENABLE KEYS */;
UNLOCK TABLES;

--
-- Dumping data for table `EnumerationElements`
--

LOCK TABLES `EnumerationElements` WRITE;
/*!40000 ALTER TABLE `EnumerationElements` DISABLE KEYS */;
/*!40000 ALTER TABLE `EnumerationElements` ENABLE KEYS */;
UNLOCK TABLES;

--
-- Dumping data for table `Enumerations`
--

LOCK TABLES `Enumerations` WRITE;
/*!40000 ALTER TABLE `Enumerations` DISABLE KEYS */;
/*!40000 ALTER TABLE `Enumerations` ENABLE KEYS */;
UNLOCK TABLES;

--
-- Dumping data for table `Errors`
--

LOCK TABLES `Errors` WRITE;
/*!40000 ALTER TABLE `Errors` DISABLE KEYS */;
INSERT INTO `Errors` (`Number`, `IdLanguage`, `Message`) VALUES (4000,1,'Internal error.'),(4001,1,'Username not specified.'),(4002,1,'Invalid username.'),(4003,1,'Password not specified.'),(4004,1,'Invalid password.'),(2000,1,'Internal error'),(2001,1,'Username is not specified. Please fill out login name field.'),(2002,1,'You are not a reader.'),(2003,1,'Publication not specified.'),(2004,1,'There are other subscriptions not payed.'),(2005,1,'Time unit not specified.'),(3000,1,'Internal error.'),(3001,1,'Username already exists.'),(3002,1,'Name is not specified. Please fill out name field.'),(3003,1,'Username is not specified. Please fill out login name field.'),(3004,1,'Password is not specified. Please fill out password field.'),(3005,1,'EMail is not specified. Please fill out EMail field.'),(3006,1,'EMail address already exists. Please try to login with your old account.'),(3007,1,'Invalid user identifier'),(3008,1,'No country specified. Please select a country.'),(3009,1,'Password (again) is not specified. Please fill out password (again) field.'),(3010,1,'Passwords do not match. Please fill out the same password to both password fields.'),(3011,1,'Password is too simple. Please choose a better password (at least 6 characters).'),(5009,1,'The code you entered is not the same with the one shown in the image.'),(5008,1,'Please enter the code shown in the image.'),(5007,1,'EMail field is empty. You must fill in your EMail address.'),(5006,1,'The comment was rejected by the spam filters.'),(5005,1,'You are banned from submitting comments.'),(5004,1,'Comments are not enabled for this publication/article.'),(5003,1,'The article was not selected. You must view an article in order to post comments.'),(5002,1,'The comment content was empty.'),(5001,1,'You must be a registered user in order to submit a comment. Please subscribe or log in if you already have a subscription.'),(5000,1,'There was an internal error when submitting the comment.');
/*!40000 ALTER TABLE `Errors` ENABLE KEYS */;
UNLOCK TABLES;

--
-- Dumping data for table `Events`
--

LOCK TABLES `Events` WRITE;
/*!40000 ALTER TABLE `Events` DISABLE KEYS */;
INSERT INTO `Events` (`Id`, `Name`, `Notify`, `IdLanguage`) VALUES (1,'Add Publication','N',1),(2,'Delete Publication','N',1),(11,'Add Issue','N',1),(12,'Delete Issue','N',1),(13,'Change Issue Template','N',1),(14,'Change issue status','N',1),(15,'Add Issue Translation','N',1),(21,'Add Section','N',1),(22,'Delete section','N',1),(31,'Add Article','Y',1),(32,'Delete article','N',1),(33,'Change article field','N',1),(34,'Change article properties','N',1),(35,'Change article status','Y',1),(41,'Add Image','Y',1),(42,'Delete image','N',1),(43,'Change image properties','N',1),(51,'Add User','N',1),(52,'Delete User','N',1),(53,'Changes Own Password','N',1),(54,'Change User Password','N',1),(55,'Change User Permissions','N',1),(56,'Change user information','N',1),(61,'Add article type','N',1),(62,'Delete article type','N',1),(71,'Add article type field','N',1),(72,'Delete article type field','N',1),(81,'Add dictionary class','N',1),(82,'Delete dictionary class','N',1),(91,'Add dictionary keyword','N',1),(92,'Delete dictionary keyword','N',1),(101,'Add language','N',1),(102,'Delete language','N',1),(103,'Modify language','N',1),(112,'Delete templates','N',1),(111,'Add templates','N',1),(121,'Add user type','N',1),(122,'Delete user type','N',1),(123,'Change user type','N',1),(3,'Change publication information','N',1),(36,'Change article template','N',1),(57,'Add IP Group','N',1),(58,'Delete IP Group','N',1),(131,'Add country','N',1),(132,'Add country translation','N',1),(133,'Change country name','N',1),(134,'Delete country','N',1),(4,'Add default subscription time','N',1),(5,'Delete default subscription time','N',1),(6,'Change default subscription time','N',1),(113,'Edit template','N',1),(114,'Create template','N',1),(115,'Duplicate template','N',1),(141,'Add topic','N',1),(142,'Delete topic','N',1),(143,'Update topic','N',1),(144,'Add topic to article','N',1),(145,'Delete topic from article','N',1),(151,'Add alias','N',1),(152,'Delete alias','N',1),(153,'Update alias','N',1),(154,'Duplicate section','N',1),(155,'Duplicate article','N',1),(161,'Sync campsite and phorum users','N',1),(171,'Change system preferences','N',1),(116,'Rename Template','N',1),(117,'Move Template','N',1),(37,'Edit article content','N',1),(38,'Add file to article','N',1),(39,'Delete file from article','N',1),(172,'Add Author','N',1),(173,'Edit Author','N',1),(174,'Delete Author','N',1),(175,'Add author type','N',1),(176,'Delete author type','N',1);
/*!40000 ALTER TABLE `Events` ENABLE KEYS */;
UNLOCK TABLES;

--
-- Dumping data for table `FailedLoginAttempts`
--

LOCK TABLES `FailedLoginAttempts` WRITE;
/*!40000 ALTER TABLE `FailedLoginAttempts` DISABLE KEYS */;
/*!40000 ALTER TABLE `FailedLoginAttempts` ENABLE KEYS */;
UNLOCK TABLES;

--
-- Dumping data for table `Images`
--

LOCK TABLES `Images` WRITE;
/*!40000 ALTER TABLE `Images` DISABLE KEYS */;
INSERT INTO `Images` (`Id`, `Description`, `Photographer`, `Place`, `Caption`, `Date`, `ContentType`, `Location`, `URL`, `ThumbnailFileName`, `ImageFileName`, `UploadedByUser`, `LastModified`, `TimeCreated`, `Source`, `Status`, `width`, `height`) VALUES
(3,'Lorem ipsum','Source Fabric','','','2010-12-24','image/jpeg','local','','cms-thumb-000000003.jpg','cms-image-000000003.jpg',15,'2012-03-01 16:14:43','2010-12-24 11:12:54','local','approved',667,1000),
(4,'Lorem ipsum','Source Fabric','','','2010-12-24','image/jpeg','local','','cms-thumb-000000004.jpg','cms-image-000000004.jpg',15,'2012-03-01 16:14:43','2010-12-24 11:13:48','local','approved',1000,667),
(7,'Airplain / Jet','Source Fabric','','','2010-12-24','image/jpeg','local','','cms-thumb-000000007.jpg','cms-image-000000007.jpg',15,'2012-03-01 16:14:43','2010-12-24 11:21:26','local','approved',667,1000),
(8,'Airplain / Jet','Source Fabric','','','2010-12-24','image/jpeg','local','','cms-thumb-000000008.jpg','cms-image-000000008.jpg',15,'2012-03-01 16:14:43','2010-12-24 11:22:15','local','approved',1000,667),
(9,'Legs & co','Source Fabric','','','2010-12-24','image/jpeg','local','','cms-thumb-000000009.jpg','cms-image-000000009.jpg',15,'2012-03-01 16:14:43','2010-12-24 16:32:42','local','approved',1000,667),
(10,'Dolor sit Amet','Source Fabric','','','2010-12-24','image/jpeg','local','','cms-thumb-000000010.jpg','cms-image-000000010.jpg',15,'2012-03-01 16:14:36','2010-12-24 16:38:21','local','approved',1000,667),
(11,'Quo Vadis','Source Fabric','','','2010-12-24','image/jpeg','local','','cms-thumb-000000011.jpg','cms-image-000000011.jpg',15,'2012-03-01 16:14:36','2010-12-24 17:16:31','local','approved',667,1000),
(12,'Quo Vadis','Source Fabric','','','2010-12-24','image/jpeg','local','','cms-thumb-000000012.jpg','cms-image-000000012.jpg',15,'2012-02-21 10:48:07','2010-12-24 17:18:50','local','approved',1000,667),
(13,'Vegetables, anyone?','Source Fabric','','','2010-12-24','image/jpeg','local','','cms-thumb-000000013.jpg','cms-image-000000013.jpg',15,'2012-03-01 16:14:36','2010-12-24 17:24:44','local','approved',667,1000),
(14,'Vegetables, anyone?','Source Fabric','','','2010-12-24','image/jpeg','local','','cms-thumb-000000014.jpg','cms-image-000000014.jpg',15,'2012-03-01 16:14:36','2010-12-24 17:26:08','local','approved',1000,667),
(15,'Wild Wood','Source Fabric','','','2010-12-24','image/jpeg','local','','cms-thumb-000000015.jpg','cms-image-000000015.jpg',15,'2012-03-01 16:14:36','2010-12-24 17:30:33','local','approved',667,1000),
(16,'Wild Wood','Source Fabric','','','2010-12-24','image/jpeg','local','','cms-thumb-000000016.jpg','cms-image-000000016.jpg',15,'2012-02-21 07:58:00','2010-12-24 17:33:05','local','approved',1000,667),
(17,'Vim soluta iracundia','Source Fabric','','','2010-12-24','image/jpeg','local','','cms-thumb-000000017.jpg','cms-image-000000017.jpg',15,'2012-03-01 16:14:36','2010-12-24 17:40:04','local','approved',667,1000),
(18,'Vim soluta iracundia','Source Fabric','','','2010-12-24','image/jpeg','local','','cms-thumb-000000018.jpg','cms-image-000000018.jpg',15,'2012-02-21 10:08:02','2010-12-24 17:42:01','local','approved',1000,667),
(19,'Tourists Lorem Ipsum','Source Fabric','','','2010-12-24','image/jpeg','local','','cms-thumb-000000019.jpg','cms-image-000000019.jpg',15,'2012-03-01 16:14:32','2010-12-24 17:45:11','local','approved',667,1000),
(20,'Tourists Lorem Ipsum','Source Fabric','','','2010-12-24','image/jpeg','local','','cms-thumb-000000020.jpg','cms-image-000000020.jpg',15,'2012-02-21 10:08:01','2010-12-24 17:46:38','local','approved',1000,667),
(21,'Cut amet liberum','Source Fabric','','','2010-12-25','image/jpeg','local','','cms-thumb-000000021.jpg','cms-image-000000021.jpg',15,'2012-02-21 10:08:02','2010-12-25 19:55:23','local','approved',400,600),
(22,'Vis dicit reprehendunt','Source Fabric','','','2010-12-25','image/jpeg','local','','cms-thumb-000000022.jpg','cms-image-000000022.jpg',15,'2012-03-01 16:14:32','2010-12-25 19:57:21','local','approved',400,600),
(23,'Vis dicit reprehendunt','Source Fabric','','','2010-12-25','image/jpeg','local','','cms-thumb-000000023.jpg','cms-image-000000023.jpg',15,'2012-02-21 11:37:50','2010-12-25 19:57:39','local','approved',600,400),
(24,'Nec ne justo','Source Fabric','','','2010-12-25','image/jpeg','local','','cms-thumb-000000024.jpg','cms-image-000000024.jpg',15,'2012-03-01 16:14:32','2010-12-25 19:59:10','local','approved',400,600),
(25,'Nec ne justo','Source Fabric','','','2010-12-25','image/jpeg','local','','cms-thumb-000000025.jpg','cms-image-000000025.jpg',15,'2012-02-21 07:55:45','2010-12-25 19:59:28','local','approved',600,400),
(26,'Salutatus scripserit','Source Fabric','','','2010-12-25','image/jpeg','local','','cms-thumb-000000026.jpg','cms-image-000000026.jpg',15,'2012-02-21 07:55:45','2010-12-25 20:02:03','local','approved',600,400),
(27,'Vis eu melius... sam u nju upada','Source Fabric','','','2010-12-25','image/jpeg','local','','cms-thumb-000000027.jpg','cms-image-000000027.jpg',15,'2012-03-01 16:14:21','2010-12-25 20:03:39','local','approved',400,600),
(28,'Vis eu melius... sam u nju upada','Source Fabric','','','2010-12-25','image/jpeg','local','','cms-thumb-000000028.jpg','cms-image-000000028.jpg',15,'2012-03-01 16:14:21','2010-12-25 20:04:00','local','approved',600,400),
(29,'Spring is coming','Source Fabric','','','2010-12-25','image/jpeg','local','','cms-thumb-000000029.jpg','cms-image-000000029.jpg',15,'2012-03-01 16:14:21','2010-12-25 20:05:35','local','approved',400,600),
(30,'Spring is coming','Source Fabric','','','2010-12-25','image/jpeg','local','','cms-thumb-000000030.jpg','cms-image-000000030.jpg',15,'2012-02-21 07:55:46','2010-12-25 20:05:55','local','approved',600,400),
(31,'Romus vic nomus','Source Fabric','','','2010-12-25','image/jpeg','local','','cms-thumb-000000031.jpg','cms-image-000000031.jpg',15,'2012-03-01 16:14:21','2010-12-25 20:07:23','local','approved',400,600),
(32,'At legimus maiorum','Source Fabric','','','2010-12-25','image/jpeg','local','','cms-thumb-000000032.jpg','cms-image-000000032.jpg',15,'2012-02-21 07:46:12','2010-12-25 20:10:06','local','approved',600,400),
(33,' An ius nemore pericula','Source Fabric','','','2010-12-25','image/jpeg','local','','cms-thumb-000000033.jpg','cms-image-000000033.jpg',15,'2012-02-21 07:46:12','2010-12-25 20:11:53','local','approved',600,400),
(34,'Lorem ipsum dolor sit amet','Source Fabric','','','2010-12-27','image/jpeg','local','','cms-thumb-000000034.jpg','cms-image-000000034.jpg',15,'2012-03-01 16:14:16','2010-12-27 08:43:09','local','approved',400,600),
(35,'Lorem ipsum dolor sit amet','Source Fabric','','','2010-12-27','image/jpeg','local','','cms-thumb-000000035.jpg','cms-image-000000035.jpg',15,'2012-02-21 10:12:28','2010-12-27 08:44:03','local','approved',600,400),
(36,'Image 36','Source Fabric','','','2010-12-27','image/jpeg','local','','cms-thumb-000000036.jpg','cms-image-000000036.jpg',15,'2012-02-21 10:12:28','2010-12-27 08:47:01','local','approved',600,400),
(37,'Quo id offendit','Source Fabric','','','2010-12-27','image/jpeg','local','','cms-thumb-000000037.jpg','cms-image-000000037.jpg',15,'2012-03-01 16:14:16','2010-12-27 08:49:40','local','approved',400,600),
(38,' An ius nemore pericula','Source Fabric','','','2010-12-27','image/jpeg','local','','cms-thumb-000000038.jpg','cms-image-000000038.jpg',15,'2012-02-21 09:35:10','2010-12-27 08:50:22','local','approved',600,400),
(39,'Kavala','Source Fabric','','','2010-12-27','image/jpeg','local','','cms-thumb-000000039.jpg','cms-image-000000039.jpg',15,'2012-03-01 16:14:16','2010-12-27 08:52:06','local','approved',400,600),
(40,'Kavala','Source Fabric','','','2010-12-27','image/jpeg','local','','cms-thumb-000000040.jpg','cms-image-000000040.jpg',15,'2012-02-22 11:28:06','2010-12-27 08:52:40','local','approved',600,400),
(41,'Qui sectum','Source Fabric','','','2010-12-27','image/jpeg','local','','cms-thumb-000000041.jpg','cms-image-000000041.jpg',15,'2012-03-01 16:14:16','2010-12-27 08:55:14','local','approved',400,600),
(42,'Qui sectum','Source Fabric','','','2010-12-27','image/jpeg','local','','cms-thumb-000000042.jpg','cms-image-000000042.jpg',15,'2012-02-21 07:46:59','2010-12-27 08:56:03','local','approved',600,400),
(43,'Maleta','Source Fabric','','','2010-12-27','image/jpeg','local','','cms-thumb-000000043.jpg','cms-image-000000043.jpg',15,'2012-03-01 16:14:07','2010-12-27 08:58:12','local','approved',426,640),
(44,'Malta','Source Fabric','','','2010-12-27','image/jpeg','local','','cms-thumb-000000044.jpg','cms-image-000000044.jpg',15,'2012-02-21 07:55:38','2010-12-27 08:59:15','local','approved',600,400),
(45,'Romische','Source Fabric','','','2010-12-27','image/jpeg','local','','cms-thumb-000000045.jpg','cms-image-000000045.jpg',15,'2012-03-01 16:14:07','2010-12-27 17:12:17','local','approved',667,1000),
(46,'Romische','Source Fabric','','','2010-12-27','image/jpeg','local','','cms-thumb-000000046.jpg','cms-image-000000046.jpg',15,'2012-03-01 16:14:07','2010-12-27 17:13:26','local','approved',1000,667),
(47,'Tara rafting','Source Fabric','','','2010-12-28','image/jpeg','local','','cms-thumb-000000047.jpg','cms-image-000000047.jpg',15,'2012-03-01 16:14:07','2010-12-28 12:09:40','local','approved',1024,768),
(48,'Tara Rafting','Source Fabric','','','2010-12-28','image/jpeg','local','','cms-thumb-000000048.jpg','cms-image-000000048.jpg',15,'2012-02-21 10:47:54','2010-12-28 13:02:31','local','approved',450,338),
(49,'Grenoble','Source Fabric','','','2010-12-28','image/jpeg','local','','cms-thumb-000000049.jpg','cms-image-000000049.jpg',15,'2012-02-21 10:47:54','2010-12-28 13:04:29','local','approved',450,300),
(50,'Home Cooking','Source Fabric','','','2010-12-28','image/jpeg','local','','cms-thumb-000000050.jpg','cms-image-000000050.jpg',15,'2012-03-01 16:13:42','2010-12-28 13:07:59','local','approved',450,300),
(51,'Old Guys','Source Fabric','','','2010-12-28','image/jpeg','local','','cms-thumb-000000051.jpg','cms-image-000000051.jpg',15,'2012-02-21 10:47:54','2010-12-28 13:11:36','local','approved',450,310),
(52,'','','','','2011-01-21','image/png','local','','cms-thumb-000000052.png','cms-image-000000052.png',0,'2012-03-01 16:13:42','2011-01-21 19:23:10','local','approved',110,130),
(53,'','','','','2011-01-21','image/jpeg','local','','cms-thumb-000000053.jpg','cms-image-000000053.jpg',0,'2012-03-01 16:13:42','2011-01-21 19:55:46','local','approved',267,400),
(54,'','','','','2011-01-21','image/jpeg','local','','cms-thumb-000000054.jpg','cms-image-000000054.jpg',0,'2012-03-01 16:13:42','2011-01-21 19:56:29','local','approved',292,400),
(55,'','','','','2011-01-21','image/jpeg','local','','cms-thumb-000000055.jpg','cms-image-000000055.jpg',0,'2012-03-01 16:13:42','2011-01-21 19:57:24','local','approved',267,400),
(56,'','','','','2011-01-21','image/jpeg','local','','cms-thumb-000000056.jpg','cms-image-000000056.jpg',0,'2012-03-01 16:13:42','2011-01-21 19:57:55','local','approved',311,400),
(57,'','','','','2011-01-21','image/jpeg','local','','cms-thumb-000000057.jpg','cms-image-000000057.jpg',0,'2012-03-01 16:13:42','2011-01-21 19:58:30','local','approved',326,400),
(58,'','','','','2011-01-21','image/jpeg','local','','cms-thumb-000000058.jpg','cms-image-000000058.jpg',0,'2012-03-01 16:10:43','2011-01-21 19:59:09','local','approved',267,400),
(59,'','','','','2011-01-21','image/jpeg','local','','cms-thumb-000000059.jpg','cms-image-000000059.jpg',0,'2012-03-01 16:10:43','2011-01-21 19:59:45','local','approved',307,400),
(60,'','','','','2011-01-21','image/jpeg','local','','cms-thumb-000000060.jpg','cms-image-000000060.jpg',0,'2012-03-01 16:10:43','2011-01-21 20:00:25','local','approved',322,400),
(61,'','','','','2011-01-21','image/jpeg','local','','cms-thumb-000000061.jpg','cms-image-000000061.jpg',0,'2012-03-01 16:10:43','2011-01-21 20:00:52','local','approved',267,400),
(62,'Grand slam','Adam Thomas','','','2011-01-27','image/jpeg','local','','cms-thumb-000000062.jpg','cms-image-000000062.jpg',25,'2012-03-01 13:35:33','2011-01-27 12:24:27','local','approved',676,841),
(63,'Grand Slam','Adam Thomas','','','2011-01-27','image/jpeg','local','','cms-thumb-000000063.jpg','cms-image-000000063.jpg',25,'2012-02-21 10:07:17','2011-01-27 12:27:06','local','approved',1000,666),
(64,'Moonwalk','Adam Thomas','','','2011-01-27','image/jpeg','local','','cms-thumb-000000064.jpg','cms-image-000000064.jpg',25,'2012-03-01 13:35:33','2011-01-27 15:36:52','local','approved',600,900),
(65,'Moonwalk','Adam Thomas','','','2011-01-27','image/jpeg','local','','cms-thumb-000000065.jpg','cms-image-000000065.jpg',25,'2012-02-21 07:58:00','2011-01-27 15:37:08','local','approved',900,600),
(66,'New York','Adam Thomas','','','2011-01-27','image/jpeg','local','','cms-thumb-000000066.jpg','cms-image-000000066.jpg',25,'2012-03-01 13:35:33','2011-01-27 16:45:57','local','approved',666,1000),
(67,'New York','Adam Thomas','','','2011-01-27','image/jpeg','local','','cms-thumb-000000067.jpg','cms-image-000000067.jpg',25,'2012-02-21 07:46:12','2011-01-27 16:46:14','local','approved',750,500),
(68,'Atos I','Administrator','','','2011-07-06','image/jpeg','local','','cms-thumb-000000068.jpg','cms-image-000000068.jpg',1,'2012-03-01 12:54:32','2011-07-06 15:43:40','local','approved',800,534),
(69,'Atos II','Administrator','','','2011-07-06','image/jpeg','local','','cms-thumb-000000069.jpg','cms-image-000000069.jpg',1,'2012-03-01 12:54:32','2011-07-06 15:44:08','local','approved',800,534),
(70,'Atos III','Administrator','','','2011-07-06','image/jpeg','local','','cms-thumb-000000070.jpg','cms-image-000000070.jpg',1,'2012-03-01 12:54:32','2011-07-06 15:44:34','local','approved',800,534),
(71,'Atos IV','Administrator','','','2011-07-06','image/jpeg','local','','cms-thumb-000000071.jpg','cms-image-000000071.jpg',1,'2012-03-01 12:54:32','2011-07-06 15:45:04','local','approved',800,534),
(72,'Atos V','Administrator','','','2011-07-06','image/jpeg','local','','cms-thumb-000000072.jpg','cms-image-000000072.jpg',1,'2012-03-01 12:54:32','2011-07-06 15:45:33','local','approved',800,534),
(73,'Atos VI','Administrator','','','2011-07-06','image/jpeg','local','','cms-thumb-000000073.jpg','cms-image-000000073.jpg',1,'2012-03-01 12:54:32','2011-07-06 15:46:04','local','approved',800,534),
(74,'Atos VII','Administrator','','','2011-07-06','image/jpeg','local','','cms-thumb-000000074.jpg','cms-image-000000074.jpg',1,'2012-03-01 12:54:32','2011-07-06 15:46:40','local','approved',800,534),
(75,'Dusty street','Administrator','','','2011-07-06','image/jpeg','local','','cms-thumb-000000075.jpg','cms-image-000000075.jpg',1,'2012-02-21 10:12:28','2011-07-06 16:01:50','local','approved',800,534),
(76,'Kitty Cat','Administrator','','','2011-07-06','image/jpeg','local','','cms-thumb-000000076.jpg','cms-image-000000076.jpg',1,'2012-02-21 07:55:46','2011-07-06 16:03:57','local','approved',800,534),
(77,'Image 77','Administrator','','','2011-07-06','image/jpeg','local','','cms-thumb-000000077.jpg','cms-image-000000077.jpg',1,'2012-02-21 10:22:22','2011-07-06 16:21:04','local','approved',800,534),
(78,'Image 78','Administrator','','','2011-07-06','image/jpeg','local','','cms-thumb-000000078.jpg','cms-image-000000078.jpg',1,'2012-02-21 07:58:00','2011-07-06 16:22:48','local','approved',800,534),
(79,'Image 79','Administrator','','','2011-07-06','image/jpeg','local','','cms-thumb-000000079.jpg','cms-image-000000079.jpg',1,'2012-02-21 09:35:10','2011-07-06 16:23:36','local','approved',800,534),
(80,'Berlin Zoo - elephant','Administrator','','','2011-07-07','image/jpeg','local','','cms-thumb-000000080.jpg','cms-image-000000080.jpg',1,'2012-02-20 14:46:06','2011-07-07 05:26:14','local','approved',640,428),
(81,'Berlin Zoo - monkey','Administrator','','','2011-07-07','image/jpeg','local','','cms-thumb-000000081.jpg','cms-image-000000081.jpg',1,'2012-02-20 14:46:06','2011-07-07 05:26:50','local','approved',428,640),
(82,'Berlin Zoo - panda','Administrator','','','2011-07-07','image/jpeg','local','','cms-thumb-000000082.jpg','cms-image-000000082.jpg',1,'2012-02-20 14:46:06','2011-07-07 05:27:28','local','approved',640,428),
(83,'Berlin Zoo - penguins','Administrator','','','2011-07-07','image/jpeg','local','','cms-thumb-000000083.jpg','cms-image-000000083.jpg',1,'2012-02-20 14:46:06','2011-07-07 05:27:58','local','approved',640,428),
(84,'Berlin Zoo - hippo','Administrator','','','2011-07-07','image/jpeg','local','','cms-thumb-000000084.jpg','cms-image-000000084.jpg',1,'2012-02-20 14:46:06','2011-07-07 05:28:42','local','approved',640,428),
(85,'Berlin Zoo - pink flamingo','Administrator','','','2011-07-07','image/jpeg','local','','cms-thumb-000000085.jpg','cms-image-000000085.jpg',1,'2012-02-20 14:46:06','2011-07-07 05:29:13','local','approved',428,640),
(86,'Berlin Zoo - bear','Administrator','','','2011-07-07','image/jpeg','local','','cms-thumb-000000086.jpg','cms-image-000000086.jpg',1,'2012-02-20 14:46:06','2011-07-07 05:29:42','local','approved',640,428),
(87,'Berlin Zoo - okapi','Administrator','','','2011-07-07','image/jpeg','local','','cms-thumb-000000087.jpg','cms-image-000000087.jpg',1,'2012-02-20 14:46:06','2011-07-07 05:30:16','local','approved',640,428),
(88,'Berlin Zoo - dragon','Administrator','','','2011-07-07','image/jpeg','local','','cms-thumb-000000088.jpg','cms-image-000000088.jpg',1,'2012-02-20 14:46:06','2011-07-07 05:30:45','local','approved',428,640),
(89,'Accra kids','Ljuba Rankovic','','','2012-02-09','image/jpeg','local','','cms-thumb-000000089.jpg','cms-image-000000089.jpg',31,'2012-02-21 06:47:48','2012-02-09 16:49:02','local','approved',800,533),
(90,'Roman head','Ljuba Rankovic','','','2012-02-09','image/jpeg','local','','cms-thumb-000000090.jpg','cms-image-000000090.jpg',31,'2012-02-20 14:46:06','2012-02-09 17:07:47','local','approved',1024,768),
(91,'Six-seater and small people','Ljuba Rankovic','','','2012-02-09','image/jpeg','local','','cms-thumb-000000091.jpg','cms-image-000000091.jpg',31,'2012-02-21 06:47:48','2012-02-09 18:59:49','local','approved',2592,1552),
(92,'Roman head','Ivan Drpa','Italy','','2012-02-21','image/jpeg','local','','cms-thumb-000000092.jpg','cms-image-000000092.jpg',31,'2012-02-21 06:52:16','2012-02-21 06:51:31','local','approved',1024,768),
(95,'Label','','','','2012-02-21','image/jpeg','local','','cms-thumb-000000095.jpg','cms-image-000000095.jpg',32,'2012-02-21 09:17:23','2012-02-21 09:17:03','local','approved',200,150),
(96,'','','','','2012-03-01','image/jpeg','local','','cms-thumb-000000096.jpg','cms-image-000000096.jpg',0,'2012-03-01 12:56:45','2012-03-01 05:36:47','local','approved',923,620),
(97,'Snowy evening at the Old Town Square, Praha 1','Haralampius Bah','Prague','','2012-03-01','image/jpeg','local','','cms-thumb-000000097.jpg','cms-image-000000097.jpg',31,'2012-03-01 15:45:12','2012-03-01 15:44:40','local','approved',2592,1552);
/*!40000 ALTER TABLE `Images` ENABLE KEYS */;
UNLOCK TABLES;

--
-- Dumping data for table `IssuePublish`
--

LOCK TABLES `IssuePublish` WRITE;
/*!40000 ALTER TABLE `IssuePublish` DISABLE KEYS */;
/*!40000 ALTER TABLE `IssuePublish` ENABLE KEYS */;
UNLOCK TABLES;

--
-- Dumping data for table `Issues`
--

LOCK TABLES `Issues` WRITE;
/*!40000 ALTER TABLE `Issues` DISABLE KEYS */;
INSERT INTO `Issues` (`id`, `IdPublication`, `Number`, `IdLanguage`, `Name`, `PublicationDate`, `Published`, `IssueTplId`, `SectionTplId`, `ArticleTplId`, `ShortName`) VALUES (1,2,1,1,'Static','2010-12-20 10:13:42','Y',0,0,1247,'static'),(2,2,12,1,'December 2010','2010-12-22 09:35:36','Y',1248,1249,1247,'dec2010'),(3,2,13,1,'January 2011','2011-01-01 08:35:16','Y',1248,1249,1247,'jan2011');
/*!40000 ALTER TABLE `Issues` ENABLE KEYS */;
UNLOCK TABLES;

--
-- Dumping data for table `KeywordClasses`
--

LOCK TABLES `KeywordClasses` WRITE;
/*!40000 ALTER TABLE `KeywordClasses` DISABLE KEYS */;
/*!40000 ALTER TABLE `KeywordClasses` ENABLE KEYS */;
UNLOCK TABLES;

--
-- Dumping data for table `KeywordIndex`
--

LOCK TABLES `KeywordIndex` WRITE;
/*!40000 ALTER TABLE `KeywordIndex` DISABLE KEYS */;
INSERT INTO `KeywordIndex` (`Keyword`, `Id`) VALUES ('time',1),('person',2),('year',3),('of',4),('the',5),('Cowardice',6),('Source',7),('Fabric',8),('Lorem',9),('ipsum',10),('sed',11),('detraxit',12),('signiferumque',13),('at',14),('Ex',15),('nonummy',16),('lucilius',17),('sit',18),('vide',19),('ludus',20),('per',21),('congue',22),('incorrupte',23),('quo',24),('Has',25),('modo',26),('volumus',27),('similique',28),('Vitae',29),('officiis',30),('nam',31),('blandit',32),('verterem',33),('vel',34),('veri',35),('rebum',36),('nec',37),('et',38),('Mei',39),('an',40),('laudem',41),('vocibus',42),('denique',43),('doming',44),('audiam',45),('vis',46),('cu',47),('Oblique',48),('gloriatur',49),('id',50),('his',51),('Posse',52),('salutandi',53),('complectitur',54),('sea',55),('ne',56),('eu',57),('prompta',58),('civibus',59),('volutpat',60),('Ut',61),('pri',62),('nulla',63),('ridens',64),('scribentur',65),('mea',66),('consetetur',67),('reformidans',68),('Pro',69),('ad',70),('regione',71),('reprehendunt',72),('paulo',73),('voluptaria',74),('sadipscing',75),('usu',76),('dolorem',77),('tibique',78),('oportere',79),('Prima',80),('tincidunt',81),('liberavisse',82),('Te',83),('numquam',84),('fuisset',85),('assentior',86),('fierent',87),('dissentiunt',88),('possit',89),('petentium',90),('expetendis',91),('tantas',92),('partiendo',93),('eos',94),('wisi',95),('error',96),('in',97),('vix',98),('elit',99),('facer',100),('primis',101),('quot',102),('laboramus',103),('no',104),('omnis',105),('saepe',106),('Scripta',107),('sensibus',108),('erat',109),('disputationi',110),('duo',111),('sanctus',112),('efficiendi',113),('voluptatibus',114),('dolorum',115),('phaedrum',116),('eam',117),('sapientem',118),('mnesarchum',119),('Ea',120),('tractatos',121),('suavitate',122),('veniam',123),('option',124),('cum',125),('enim',126),('iudico',127),('ei',128),('liber',129),('cetero',130),('vocent',131),('Eum',132),('tota',133),('aeque',134),('dolore',135),('consectetuer',136),('vero',137),('utamur',138),('commodo',139),('theophrastus',140),('mel',141),('platonem',142),('constituto',143),('persequeris',144),('ullamcorper',145),('est',146),('Qui',147),('interesset',148),('efficiantur',149),('vulputate',150),('minim',151),('suscipit',152),('mandamus',153),('mazim',154),('accusata',155),('deleniti',156),('mucius',157),('discere',158),('amet',159),('alterum',160),('dico',161),('deseruisse',162),('dicta',163),('putant',164),('melius',165),('Net',166),('Neutrality',167),('Heats',168),('Up',169),('as',170),('Early',171),('issue',172),('US',173),('elections',174),('Cibo',175),('nostro',176),('alia',177),('decore',178),('electram',179),('adhuc',180),('corpora',181),('vim',182),('eripuit',183),('quas',184),('iuvaret',185),('maiestatis',186),('velit',187),('necessitatibus',188),('essent',189),('quando',190),('facilisi',191),('odio',192),('inani',193),('comprehensam',194),('eros',195),('kasd',196),('aperiri',197),('mundi',198),('possim',199),('conceptam',200),('nonumy',201),('Pericula',202),('graeci',203),('intellegat',204),('rationibus',205),('agam',206),('scriptorem',207),('legendos',208),('principes',209),('urbanitas',210),('moderatius',211),('temporibus',212),('Corrumpit',213),('delicatissimi',214),('modus',215),('praesent',216),('atqui',217),('feugiat',218),('vivendo',219),('patrioque',220),('euripidis',221),('assum',222),('iusto',223),('voluptua',224),('minimum',225),('nominati',226),('tempor',227),('mentitum',228),('definitiones',229),('tritani',230),('elaboraret',231),('soluta',232),('solum',233),('labore',234),('appellantur',235),('Ius',236),('doctus',237),('suscipiantur',238),('Budget',239),('battles',240),('loom',241),('investors',242),('getting',243),('nervous',244),('nbsp',245),('brute',246),('dicit',247),('probatus',248),('dicunt',249),('pertinacia',250),('convenire',251),('placerat',252),('invenire',253),('torquatos',254),('Justo',255),('ocurreret',256),('augue',257),('causae',258),('pertinax',259),('vidisse',260),('qualisque',261),('sale',262),('omnesque',263),('tollit',264),('laoreet',265),('Viris',266),('aliquam',267),('nominavi',268),('viderer',269),('harum',270),('latine',271),('labitur',272),('evertitur',273),('forensibus',274),('consulatu',275),('argumentum',276),('everti',277),('definiebas',278),('ullum',279),('Fugit',280),('assueverit',281),('senserit',282),('contentiones',283),('splendide',284),('constituam',285),('intellegebat',286),('dictas',287),('appareat',288),('altera',289),('gubergren',290),('lobortis',291),('magna',292),('dolores',293),('molestie',294),('Open',295),('business',296),('models',297),('for',298),('news',299),('organizations',300),('inimicus',301),('deterruisset',302),('ignota',303),('sint',304),('menandri',305),('propriae',306),('erroribus',307),('dissentiet',308),('Labores',309),('adipiscing',310),('Timeam',311),('adversarium',312),('sumo',313),('perpetua',314),('Erant',315),('percipitur',316),('facilis',317),('consequat',318),('postulant',319),('Semper',320),('Markets',321),('mixed',322),('trading',323),('invidunt',324),('malorum',325),('graeco',326),('Saperet',327),('sententiae',328),('accusam',329),('etiam',330),('Nobis',331),('illud',332),('facete',333),('Fabellas',334),('voluptatum',335),('consequuntur',336),('mollis',337),('errem',338),('elitr',339),('audire',340),('prodesset',341),('insolens',342),('illum',343),('exerci',344),('noluisse',345),('eruditi',346),('aliquyam',347),('clita',348),('referrentur',349),('Tale',350),('nihil',351),('quis',352),('simul',353),('conclusionemque',354),('aliquid',355),('abhorreant',356),('diceret',357),('Mutat',358),('sonet',359),('singulis',360),('populo',361),('molestiae',362),('dicant',363),('virtute',364),('quod',365),('graece',366),('vituperata',367),('vidit',368),('Nibh',369),('interpretaris',370),('porro',371),('verear',372),('Export-oriented',373),('Export',374),('oriented',375),('local',376),('businesses',377),('fight',378),('new',379),('tariffs',380),('affert',381),('ancillae',382),('hendrerit',383),('quaestio',384),('fastidii',385),('munere',386),('eligendi',387),('iriure',388),('imperdiet',389),('scaevola',390),('Alienum',391),('commune',392),('ferri',393),('luptatum',394),('putent',395),('omnium',396),('dignissim',397),('epicuri',398),('accommodare',399),('Five',400),('alternatives',401),('to',402),('Delicious',403),('utinam',404),('veritus',405),('impedit',406),('oratio',407),('Vivendum',408),('euismod',409),('debitis',410),('Ubique',411),('maiorum',412),('partem',413),('quem',414),('Android',415),('vs',416),('iOS',417),('Blackberry',418),('All',419),('above',420),('noster',421),('periculis',422),('detracto',423),('postea',424),('scripserit',425),('reprimique',426),('puto',427),('animal',428),('nostrum',429),('takimata',430),('Suas',431),('maluisset',432),('omnes',433),('apeirian',434),('equidem',435),('ponderum',436),('definitionem',437),('repudiandae',438),('instructior',439),('fabulas',440),('ornatus',441),('meliore',442),('hinc',443),('mediocrem',444),('intellegam',445),('consul',446),('quaeque',447),('aliquando',448),('inciderint',449),('quaerendum',450),('neat',451),('iPad',452),('apps',453),('aliquip',454),('persius',455),('aperiam',456),('aeterno',457),('salutatus',458),('eius',459),('probo',460),('appetere',461),('honestatis',462),('iracundia',463),('dolor',464),('natum',465),('habeo',466),('nostrud',467),('Impetus',468),('dissentias',469),('meis',470),('Summo',471),('recteque',472),('alii',473),('diet',474),('trends',475),('2011',476),('eirmod',477),('cotidieque',478),('How',479),('get',480),('shape',481),('upcoming',482),('marathon',483),('Main',484),('benefits',485),('practicing',486),('Kama',487),('Sutra',488),('docendi',489),('nemore',490),('reque',491),('eloquentiam',492),('quodsi',493),('choro',494),('oporteat',495),('philosophia',496),('Homero',497),('repudiare',498),('graecis',499),('explicari',500),('democritum',501),('copiosae',502),('legimus',503),('antiopam',504),('delectus',505),('Movet',506),('nusquam',507),('mediocritatem',508),('inermis',509),('Berlin',510),('Film',511),('Festival',512),('unveils',513),('line-up',514),('line',515),('unum',516),('albucius',517),('atomorum',518),('expetenda',519),('persecuti',520),('omittam',521),('accumsan',522),('nisl',523),('eleifend',524),('facilisis',525),('soleat',526),('Mrs',527),('trendy',528),('blog',529),('follow',530),('perfecto',531),('Childrens',532),('theater',533),('troupe',534),('perform',535),('Lech',536),('Pozna',537),('wins',538),('against',539),('Manchester',540),('City',541),('Lionel',542),('Messi',543),('Argentinean',544),('who',545),('makes',546),('children',547),('dream',548),('over',549),('world',550),('Russia',551),('Cup',552),('2018',553),('Even',554),('without',555),('Putin',556),('Russian',557),('bid',558),('secures',559),('Premier',560),('opposes',561),('proposed',562),('highway',563),('taxes',564),('Its',565),('robbery',566),('he',567),('says',568),('What',569),('you',570),('didn\'t',571),('didn',572),('hear',573),('about',574),('Iraq',575),('bonorum',576),('epicurei',577),('Tech',578),('outsourcing',579),('does',580),('it',581),('and',582),('where',583),('feugait',584),('accusamus',585),('delicata',586),('deserunt',587),('Financial',588),('contagion',589),('Europe',590),('Who\'s',591),('exposed',592),('concludaturque',593),('iudicabit',594),('debet',595),('stet',596),('diam',597),('dicat',598),('zzril',599),('esse',600),('Twitter',601),('101',602),('tips',603),('tricks',604),('recusabo',605),('offendit',606),('percipit',607),('Chrome',608),('browser',609),('its',610),('top',611),('add-ons',612),('add',613),('ons',614),('legere',615),('delenit',616),('quidam',617),('Anti-aging',618),('Anti',619),('aging',620),('food',621),('Are',622),('candidate',623),('develop',624),('heart',625),('condition',626),('Sourcefabric',627),('http',628),('www',629),('org',630),('Campsite',631),('Campcaster',632),('SoFab',633),('on',634),('Facebook',635),('com',636),('Spread',637),('en',638),('home',639),('contribute',640),('Promote',641),('htm',642),('tpl',643),('584',644),('tpid',645),('vituperatoribus',646),('tation',647),('idque',648),('omittantur',649),('neglegentur',650),('novum',651),('Contact',652),('nullam',653),('integre',654),('Marketing',655),('Adipisci',656),('duis',657),('Credits',658),('map',659),('test',660),('Douglas',661),('Arellanes',662),('dsfsdfsdf',663),('Airtime',664),('Newscoop',665),('Join',666),('community',667),('joinus',668),('Services',669),('We\'re',670),('We',671),('re',672),('always',673),('happy',674),('from',675),('can',676),('via',677),('email',678),('contact@sourcefabric',679),('Postal',680),('Address',681),('Salv',682),('aacute',683),('torsk',684),('110',685),('Praha',686),('Czech',687),('Republic',688),('phone',689),('420',690),('222',691),('362',692),('540',693),('Toronto',694),('office',695),('Centre',696),('Social',697),('Innovation',698),('720',699),('Bathurst',700),('St',701),('Suite',702),('203',703),('Ontario',704),('M5S',705),('2R4',706),('Canada',707),('Prinzessinnenstra',708),('szlig',709),('Aufgang',710),('10969',711),('Germany',712),('44044999',713),('If',714),('need',715),('technical',716),('support',717),('please',718),('visit',719),('our',720),('Help',721),('pages',722),('also',723),('frequent',724),('forums',725),('very',726),('regular',727),('basis',728),('post',729),('there',730),('will',731),('quick',732),('answer',733),('or',734),('these',735),('online',736),('networks',737),('FriendFeed',738),('identi',739),('ca',740),('Koornk',741),('Tumblr',742),('YouTube',743),('Vimeo',744),('amazing',745),('geolocation',746),('Persona',747),('Frank',748),('Stein',749),('truth',750),('behind',751),('European',752),('housing',753),('market',754),('Jane',755),('Stockwriter',756),('Car',757),('industry',758),('resurgence',759),('boosts',760),('economy',761),('Advertising',762),('agencies',763),('target',764),('demographic',765),('Sarah',766),('Staffwriter',767),('Healthy',768),('options',769),('your',770),('sweet',771),('tooth',772),('Hayfever',773),('remedy',774),('breath',775),('fresh',776),('air',777),('James',778),('Reporter',779),('Hidden',780),('cultural',781),('delights',782),('Adriatic',783),('Amerigo',784),('Vespucci',785),('Council',786),('President',787),('set',788),('be',789),('named',790),('candidates',791),('leaders',792),('met',793),('round',794),('secret',795),('talks',796),('Brussels',797),('last',798),('night',799),('confirm',800),('two',801),('final',802),('nominations',803),('insiders',804),('agree',805),('is',806),('likely',807),('Italian',808),('Greek',809),('put',810),('vote',811),('Wintry',812),('conditions',813),('sweep',814),('across',815),('China',816),('duties',817),('rise',818),('Private',819),('aviation',820),('companies',821),('take',822),('flight',823),('Tax',824),('trade',825),('bureau',826),('considers',827),('alcohol',828),('labeling',829),('locate',830),('internet',831),('start-up',832),('start',833),('horizons',834),('security',835),('risks',836),('Sightseeing',837),('good',838),('life',839),('may',840),('beneficial',841),('say',842),('doctors',843),('Luxury',844),('health',845),('breaks',846),('offer',847),('Cannes',848),('winner',849),('taste',850),('paradise',851),('football',852),('reaches',853),('audience',854),('Grand',855),('Slam',856),('sets',857),('record',858),('nominated',859),('ballot',860),('Advertisers',861),('Commercial',862),('space',863),('becomes',864),('reality',865),('forecasts',866),('better',867),('than',868),('expected',869),('Mayoral',870),('race',871),('looks',872),('future',873),('Councilin',874),('plu',875),('plia',876),('olda',877),('nula',878),('lo',879),('ekoo',880),('interjekcio',881),('a',882),('Iom',883),('inkluzive',884),('dividostreko',885),('sh',886),('subtraho',887),('praantahiera',888),('bio',889),('fo',890),('San',891),('go',892),('povi',893),('triliono',894),('kunmetita',895),('anstata',896),('supersigno',897),('mallongigita',898),('kz',899),('Tiel',900),('ofon',901),('iometo',902),('dio',903),('vir',904),('alikvante',905),('montrovorto',906),('prirespondi',907),('sis',908),('tiam',909),('reen',910),('frazparto',911),('jh',912),('Pov',913),('mi',914),('pobo',915),('infra',916),('alternativo',917),('nenio',918),('geedzo',919),('alimaniere',920),('sor',921),('um',922),('Tek',923),('dekoj',924),('komplika',925),('kernovorto',926),('dekuma',927),('disskribado',928),('je',929),('end',930),('Vendo',931),('posttagmezo',932),('esk',933),('ki',934),('nedifina',935),('personalo',936),('unt',937),('Sen',938),('tiele',939),('aligi',940),('resti',941),('Diesa',942),('alikaze',943),('enz',944),('cii',945),('gardi',946),('duobla',947),('vi',948),('ajna',949),('ceceo',950),('nelimigita',951),('oid',952),('Oho',953),('negi',954),('antaparto',955),('alternativdemando',956),('si',957),('adjektivo',958),('multiplikite',959),('bv',960),('ism',961),('ind',962),('prepozitivo',963),('antaelemento',964),('ano',965),('orda',966),('nekutima',967),('mil',968),('fi',969),('patro',970),('solstariva',971),('Tia',972),('zepto',973),('rolvorteto',974),('du',975),('Ar',976),('frota',977),('sepen',978),('dikfingro',979),('Des',980),('vavo',981),('senforte',982),('ed',983),('Mano',984),('halt\'',985),('halt',986),('onklo',987),('sur',988),('nv',989),('aliu',990),('transigi',991),('ian',992),('amen',993),('multe',994),('kompreneble',995),('ena',996),('er',997),('Nul',998),('tiuj',999),('fora',1000),('nano',1001),('jo',1002),('Kuo',1003),('op',1004),('posta',1005),('Kazablanko',1006),('subpropozicio',1007),('mal',1008),('sori',1009),('otek',1010),('finitivo',1011),('okulvitroj',1012),('egalo',1013),('latina',1014),('ge',1015),('Pra',1016),('ho',1017),('filo',1018),('troa',1019),('mf',1020),('apud',1021),('aliel',1022),('fin',1023),('fratineto',1024),('sekstiliono',1025),('devus',1026),('video',1027),('kelka',1028),('mia',1029),('sia',1030),('mili',1031),('fini',1032),('Sin',1033),('usono',1034),('kunmetao',1035),('ik',1036),('tiea',1037),('gibi',1038),('sob',1039),('brosi',1040),('substantiva',1041),('Jam',1042),('unun',1043),('participo',1044),('Nea',1045),('mo',1046),('ioma',1047),('identiga',1048),('edzo',1049),('ekde',1050),('frikativo',1051),('milo',1052),('tohuo',1053),('iufoje',1054),('tc',1055),('tet',1056),('krom',1057),('prezoinda',1058),('tempopunkto',1059),('hago',1060),('dank\'',1061),('dank',1062),('esperantigita',1063),('ok',1064),('kie',1065),('helpverbo',1066),('ko',1067),('mis',1068),('poa',1069),('ci',1070),('dura',1071),('eo',1072),('komparado',1073),('Pli',1074),('persa',1075),('deziri',1076),('ju',1077),('falsa',1078),('ekesti',1079),('definitive',1080),('jes',1081),('aj',1082),('Tro',1083),('iu',1084),('hodiaa',1085),('infinitivo',1086),('eca',1087),('malpli',1088),('Ke',1089),('ato',1090),('armo',1091),('postpriskribo',1092),('Mem',1093),('al',1094),('miriametro',1095),('spite',1096),('vortfarado',1097),('iel',1098),('Oj',1099),('ruli',1100),('okej',1101),('vatto',1102),('Jota',1103),('tiama',1104),('tagnokto',1105),('nu',1106),('ili',1107),('Nei',1108),('kian',1109),('nenia',1110),('reciprokeco',1111),('ajn',1112),('vo',1113),('Hot',1114),('jena',1115),('respondeci',1116),('uj',1117),('Fri',1118),('longa',1119),('senobjekta',1120),('postmorga',1121),('deci',1122),('ina',1123),('el',1124),('ve',1125),('dato',1126),('hekto',1127),('speco',1128),('anstatai',1129),('sat',1130),('ses',1131),('mono',1132),('literaturo',1133),('dume',1134),('fundamenta',1135),('siatempe',1136),('fontoj',1137),('Kab\'o',1138),('Kab',1139),('difina',1140),('lalonge',1141),('a',1142),('article',1143),('Politics',1144),('libris',1145),('me',1146),('nm',1147),('Dicam',1148),('orati',1149),('t',1150),('Pr',1151),('n',1152),('cmprehensm',1153),('expetend',1154),('ctidieque',1155),('corpor',1156),('autem',1157),('nemre',1158),('fficiis',1159),('decre',1160),('libervisse',1161),('mderatius',1162),('snctus',1163),('slet',1164),('malis',1165),('Falli',1166),('slet',1167),('n',1168),('Utinm',1169),('adolescens',1170),('em',1171),('intellegm',1172),('cmmune',1173),('definitines',1174),('nominvi',1175),('pulo',1176),('ccusmus',1177),('posidnium',1178),('porr',1179),('tacimtes',1180),('utroque',1181),('habemus',1182),('case',1183),('general',1184),('theory',1185),('relativity',1186),('Vladimir',1187),('Stefanovi',1188),('Haralampius',1189),('Bah',1190);
/*!40000 ALTER TABLE `KeywordIndex` ENABLE KEYS */;
UNLOCK TABLES;

--
-- Dumping data for table `Languages`
--

LOCK TABLES `Languages` WRITE;
/*!40000 ALTER TABLE `Languages` DISABLE KEYS */;
INSERT INTO `Languages` (`Id`, `Name`, `CodePage`, `OrigName`, `Code`, `Month1`, `Month2`, `Month3`, `Month4`, `Month5`, `Month6`, `Month7`, `Month8`, `Month9`, `Month10`, `Month11`, `Month12`, `WDay1`, `WDay2`, `WDay3`, `WDay4`, `WDay5`, `WDay6`, `WDay7`, `ShortMonth1`, `ShortMonth2`, `ShortMonth3`, `ShortMonth4`, `ShortMonth5`, `ShortMonth6`, `ShortMonth7`, `ShortMonth8`, `ShortMonth9`, `ShortMonth10`, `ShortMonth11`, `ShortMonth12`, `ShortWDay1`, `ShortWDay2`, `ShortWDay3`, `ShortWDay4`, `ShortWDay5`, `ShortWDay6`, `ShortWDay7`) VALUES (1,'English','ISO_8859-1','English','en','January','February','March','April','May','June','July','August','September','October','November','December','Sunday','Monday','Tuesday','Wednesday','Thursday','Friday','Saturday','Jan','Feb','Mar','Apr','May','Jun','Jul','Aug','Sep','Oct','Nov','Dec','Su','Mo','Tu','We','Th','Fr','Sa'),(5,'German','ISO_8859-1','Deutsch','de','Januar','Februar','Mrz','April','Mai','Juni','Juli','August','September','Oktober','November','Dezember','Sonntag','Montag','Dienstag','Mittwoch','Donnerstag','Freitag','Samstag','Jan','Feb','Mr','Apr','Mai','Jun','Jul','Aug','Sep','Okt','Nov','Dez','So','Mo','Di','Mi','Do','Fr','Sa'),(9,'Portuguese','ISO_8859-1','Portugus','pt','Janeiro','Fevereiro','Maro','Abril','Maio','Junho','Julho','Agosto','Setembro','Outubro','Novembro','Dezembro','Domingo','Segunda-feira','Tera-feira','Quarta-feira','Quinta-feira','Sexta-feira','Sbado','','','','','','','','','','','','','','','','','','',''),(12,'French','ISO_8859-1','Franais','fr','Janvier','Fvrier','Mars','Avril','Mai','Juin','Juli','Aot','Septembre','Octobre','Novembre','Dcembre','Dimanche','Lundi','Mardi','Mercredi','Jeudi','Vendredi','Samedi','','','','','','','','','','','','','','','','','','',''),(13,'Spanish','ISO_8859-1','Espaol','es','Enero','Febrero','Marzo','Abril','Mayo','Junio','Julio','Agosto','Septiembre','Octubre','Noviembre','Diciembre','Domingo','Lunes','Martes','Mircoles','Jueves','Viernes','Sbado','Ene','Feb','Mar','Abr','May','Jun','Jul','Ago','Sep','Oct','Nov','Dic','Do','Lu','Ma','Mi','Ju','Vi','Sa'),(2,'Romanian','ISO_8859-2','Romn','ro','Ianuarie','Februarie','Martie','Aprilie','Mai','Iunie','Iulie','August','Septembrie','Octombrie','Noiembrie','Decembrie','Duminic','Luni','Mari','Miercuri','Joi','Vineri','Smbt','','','','','','','','','','','','','','','','','','',''),(7,'Croatian','ISO_8859-2','Hrvatski','hr','Sijeanj','Veljaa','Oujak','Travanj','Svibanj','Lipanj','Srpanj','Kolovoz','Rujan','Listopad','Studeni','Prosinac','Nedjelja','Ponedjeljak','Utorak','Srijeda','etvrtak','Petak','Subota','','','','','','','','','','','','','','','','','','',''),(8,'Czech','ISO_8859-2','esk','cz','Leden','nor','Bezen','Duben','Kvten','erven','ervenec','Srpen','Z','jen','Listopad','Prosinec','Nedle','Pondl','ter','Steda','tvrtek','Ptek','Sobota','','','','','','','','','','','','','','','','','','',''),(11,'Serbo-Croatian','ISO_8859-2','Srpskohrvatski','sh','januar','februar','mart','april','maj','jun','jul','avgust','septembar','oktobar','novembar','decembar','nedelja','ponedeljak','utorak','sreda','etvrtak','petak','subota','','','','','','','','','','','','','','','','','','',''),(10,'Serbian (Cyrillic)','ISO_8859-5',' ()','sr','','','','','','','','','','','','','','','','','','','','','','','','','','','','','','','','','','','','','',''),(15,'Russian','ISO_8859-5','','ru','','','','','','','','','','','','','','','','','','','','','','','','','','','','','','','','','','','','','',''),(18,'Swedish','','Svenska','sv','januari','februari','mars','april','maj','juni','juli','augusti','september','oktober','november','december','sndag','mndag','tisdag','onsdag','torsdag','fredag','lrdag','','','','','','','','','','','','','','','','','','',''),(16,'Chinese (Simplified)','UTF-8','','zh','','','','','','','','','','','','','','','','','','','','','','','','','','','','','','','','','','','','','',''),(17,'Arabic','UTF-8','','ar',' ','','','','','','','','',' ',' ',' ','','','','','','','','','','','','','','','','','','','','','','','','','',''),(19,'Korean','','','kr','1','2','3','4','5','6','7','8','9','10','11','12','','','','','','','','','','','','','','','','','','','','','','','','','',''),(20,'Dutch','','Nederlands','nl','januari','februari','maart','april','mei','juni','juli','augustus','september','oktober','november','december','zondag','maandag','dinsdag','woensdag','donderdag','vrijdag','zaterdag','','','','','','','','','','','','','','','','','','',''),(22,'Belarus','','','by','','','i','i','','','i','','','i','','','','','','','','i','','','','','','','','','','','','','','','','','','','',''),(23,'Georgian','','','ge','','','','','','','','','','','','','','','','','','','','','','','','','','','','','','','','','','','','','',''),(24,'Chinese (Traditional)','','','zh_TW','','','','','','','','','','','','','','','','','','','','','','','','','','','','','','','','','','','','','',''),(25,'Polish','','Polski','pl','Stycze','Luty','Marzec','Kwiecie','Maj','Czerwiec','Lipiec','Sierpie','Wrzesie','Padziernik','Listopad','Grudzie','Niedziela:','Poniedziaek','Wtorek:','roda','Czwartek','Pitek','Sobota','Sty:','Lt:','Mar:','Kw:','Ma:','Cz:','Lip:','Sier:','Wrz:','Pa:','Lis:','Gru:','Nd:','Pon:','Wt:','r:','Czw:','Pt:','Sob:'),(26,'Greek','','','el','','','','','','','','','','','','','','','','','','','','','','','','','','','','','','','','','','','','','',':');
/*!40000 ALTER TABLE `Languages` ENABLE KEYS */;
UNLOCK TABLES;

--
-- Dumping data for table `LocationContents`
--

LOCK TABLES `LocationContents` WRITE;
/*!40000 ALTER TABLE `LocationContents` DISABLE KEYS */;
INSERT INTO `LocationContents` (`id`, `poi_name`, `poi_link`, `poi_perex`, `poi_content_type`, `poi_content`, `poi_text`, `IdUser`, `time_updated`) VALUES (1,'Washington','','',1,'','',15,'2012-02-09 11:20:48'),(2,'San Francisco','','',1,'','',15,'2012-02-09 11:20:48'),(3,'Palo Alto','','',1,'','',15,'2012-02-09 11:20:48'),(4,'Vilnius','','',1,'','',15,'2012-02-09 11:20:48'),(5,'Minsk','','',1,'','',15,'2012-02-09 11:20:48'),(6,'Prague','','',1,'','',15,'2012-02-09 11:20:48'),(7,'Dakar','','',1,'','',15,'2012-02-09 11:20:48'),(8,'Baghdad','','',1,'','',15,'2012-02-09 11:20:48'),(9,'Lahore','','',1,'','',15,'2012-02-09 11:20:48'),(10,'Roma','','',1,'','',15,'2012-02-09 11:20:48'),(11,'Point no. 2','','',1,'','',15,'2012-02-09 11:20:48'),(12,'Buenos Aires','','',1,'','',15,'2012-02-09 11:20:48'),(13,'Barcelona','','',1,'','',15,'2012-02-09 11:20:48'),(14,'Moscow','','',1,'','',15,'2012-02-09 11:20:48'),(15,'Mlaga','','',1,'','',15,'2012-02-09 11:20:48'),(16,'Athens','','',1,'','',15,'2012-02-09 11:20:48'),(17,'New York','','',1,'','',15,'2012-02-09 11:20:48'),(18,'Dublin','','',1,'','',15,'2012-02-09 11:20:48'),(19,'Berlin','','',1,'','',15,'2012-02-09 11:20:48'),(21,'Toronto','','',1,'','',15,'2012-02-09 11:20:48'),(22,'Johannesburg','','',1,'','',15,'2012-02-09 11:20:48'),(23,'Novi Pazar','','',1,'','',15,'2012-02-09 11:20:48'),(24,'Point no. 3','','',1,'','',10,'2012-02-09 11:20:48'),(25,'BATUMI','','',1,'','',10,'2012-02-09 11:20:48'),(26,'Point no. 4','','',1,'','',10,'2012-02-09 11:20:48'),(27,'Point no. 5','','',1,'','',10,'2012-02-09 11:20:48'),(28,'Point no. 6','','',1,'','',10,'2012-02-09 11:20:48'),(29,'Point no. 7','','',1,'','',10,'2012-02-09 11:20:48');
/*!40000 ALTER TABLE `LocationContents` ENABLE KEYS */;
UNLOCK TABLES;

--
-- Dumping data for table `Locations`
--

LOCK TABLES `Locations` WRITE;
/*!40000 ALTER TABLE `Locations` DISABLE KEYS */;
INSERT INTO `Locations` VALUES (1,'\0\0\0\0\0\0\0\F5g?RDD@h\D0\D0?\C1T\C0','point',0,'\0\0\0\0\0\0\0\F5g?RDD@h\D0\D0?\C1T\C0',0,15,'2011-01-04 18:11:52');
INSERT INTO `Locations` VALUES (25,'\0\0\0\0\0\0\0,g~\91E@l[\94\D9 \834@','point',0,'\0\0\0\0\0\0\0,g~\91E@l[\94\D9 \834@',0,15,'2011-01-04 18:52:37');
INSERT INTO `Locations` VALUES (3,'\0\0\0\0\0\0\0:X\FF\E70\E3B@t\D2\FB\C6^\C0','point',0,'\0\0\0\0\0\0\0:X\FF\E70\E3B@t\D2\FB\C6^\C0',0,15,'2011-01-04 18:13:03');
INSERT INTO `Locations` VALUES (4,'\0\0\0\0\0\0\0\D4`\Z\86\8F\B8B@\"\AB[=\'\89^\C0','point',0,'\0\0\0\0\0\0\0\D4`\Z\86\8F\B8B@\"\AB[=\'\89^\C0',0,15,'2011-01-04 18:13:38');
INSERT INTO `Locations` VALUES (5,'\0\0\0\0\0\0\0\DBe6XK@\BAk	\F9\A0G9@','point',0,'\0\0\0\0\0\0\0\DBe6XK@\BAk	\F9\A0G9@',0,15,'2011-01-04 18:14:42');
INSERT INTO `Locations` VALUES (6,'\0\0\0\0\0\0\033333\F3J@\FDH\91;@','point',0,'\0\0\0\0\0\0\033333\F3J@\FDH\91;@',0,15,'2011-01-04 18:15:17');
INSERT INTO `Locations` VALUES (7,'\0\0\0\0\0\0\0\B3^\E5DI@\EE\CE\DAm\D7,@','point',0,'\0\0\0\0\0\0\0\B3^\E5DI@\EE\CE\DAm\D7,@',0,15,'2011-01-04 18:16:19');
INSERT INTO `Locations` VALUES (8,'\0\0\0\0\0\0\0lxz\A5,c-@6v\89\EA\ADq1\C0','point',0,'\0\0\0\0\0\0\0lxz\A5,c-@6v\89\EA\ADq1\C0',0,15,'2011-01-04 18:17:11');
INSERT INTO `Locations` VALUES (9,'\0\0\0\0\0\0\0\FA\D5 \98\AB@@l\CF,	P3F@','point',0,'\0\0\0\0\0\0\0\FA\D5 \98\AB@@l\CF,	P3F@',0,15,'2011-01-04 18:18:30');
INSERT INTO `Locations` VALUES (10,'\0\0\0\0\0\0\0\F5-s\BA\8C?@%\FD\95R@','point',0,'\0\0\0\0\0\0\0\F5-s\BA\8C?@%\FD\95R@',0,15,'2011-01-04 18:18:30');
INSERT INTO `Locations` VALUES (11,'\0\0\0\0\0\0\0\87Q\85\EAX\F8D@\E3\A5\BD\DD\F9(@','point',0,'\0\0\0\0\0\0\0\87Q\85\EAX\F8D@\E3\A5\BD\DD\F9(@',0,15,'2011-01-04 18:19:36');
INSERT INTO `Locations` VALUES (12,'\0\0\0\0\0\0\0\AEqa\F8D@\A5\BD=\F4(@','point',0,'\0\0\0\0\0\0\0\AEqa\F8D@\A5\BD=\F4(@',0,15,'2011-01-04 18:19:36');
INSERT INTO `Locations` VALUES (13,'\0\0\0\0\0\0\0m\C5\FE\B2{NA\C0\F8\88\98I0M\C0','point',0,'\0\0\0\0\0\0\0m\C5\FE\B2{NA\C0\F8\88\98I0M\C0',0,15,'2011-01-04 18:20:36');
INSERT INTO `Locations` VALUES (14,'\0\0\0\0\0\0\0\84\81\E7\DED@\DA \93\8C\9CE@','point',0,'\0\0\0\0\0\0\0\84\81\E7\DED@\DA \93\8C\9CE@',0,15,'2011-01-04 18:20:36');
INSERT INTO `Locations` VALUES (15,'\0\0\0\0\0\0\0\B5\BEH\E0K@\E6\\\8A\AB\CA\CEB@','point',0,'\0\0\0\0\0\0\0\B5\BEH\E0K@\E6\\\8A\AB\CA\CEB@',0,15,'2011-01-04 18:21:38');
INSERT INTO `Locations` VALUES (16,'\0\0\0\0\0\0\0&6\F2D@\9D\A5\BD\C1\F7(@','point',0,'\0\0\0\0\0\0\0&6\F2D@\9D\A5\BD\C1\F7(@',0,15,'2011-01-04 18:22:34');
INSERT INTO `Locations` VALUES (17,'\0\0\0\0\0\0\0O\D9\CB[B@M\CC\E4\9B\F1\B1\C0','point',0,'\0\0\0\0\0\0\0O\D9\CB[B@M\CC\E4\9B\F1\B1\C0',0,15,'2011-01-04 18:23:21');
INSERT INTO `Locations` VALUES (18,'\0\0\0\0\0\0\0\9A\9E^\FDB@\BA\BD\A41Z\B77@','point',0,'\0\0\0\0\0\0\0\9A\9E^\FDB@\BA\BD\A41Z\B77@',0,15,'2011-01-04 18:24:46');
INSERT INTO `Locations` VALUES (19,'\0\0\0\0\0\0\0\C8A	3m[D@u\B0\FE\CFa\80R\C0','point',0,'\0\0\0\0\0\0\0\C8A	3m[D@u\B0\FE\CFa\80R\C0',0,15,'2011-01-04 18:25:38');
INSERT INTO `Locations` VALUES (20,'\0\0\0\0\0\0\0UD\DD\ACJ@\E1E_A\9A\C0','point',0,'\0\0\0\0\0\0\0UD\DD\ACJ@\E1E_A\9A\C0',0,15,'2011-01-04 18:27:00');
INSERT INTO `Locations` VALUES (21,'\0\0\0\0\0\0\0s\80`\8ECJ@\C3\r\F8\FC0\D2*@','point',0,'\0\0\0\0\0\0\0s\80`\8ECJ@\C3\r\F8\FC0\D2*@',0,15,'2011-01-04 18:29:22');
INSERT INTO `Locations` VALUES (23,'\0\0\0\0\0\0\0!\CDX4\9D\D9E@\CAT\C1\A8\A4\DAS\C0','point',0,'\0\0\0\0\0\0\0!\CDX4\9D\D9E@\CAT\C1\A8\A4\DAS\C0',0,15,'2011-01-04 18:46:55');
INSERT INTO `Locations` VALUES (24,'\0\0\0\0\0\0\0@\F6z\F7\C73:\C0\DE\EFU+<@','point',0,'\0\0\0\0\0\0\0@\F6z\F7\C73:\C0\DE\EFU+<@',0,15,'2011-01-04 18:51:31');
INSERT INTO `Locations` VALUES (26,'\0\0\0\0\0\0\0\926?\85\92E@\85\F3\8A\884@','point',0,'\0\0\0\0\0\0\0\926?\85\92E@\85\F3\8A\884@',0,10,'2011-01-07 21:28:35');
INSERT INTO `Locations` VALUES (27,'\0\0\0\0\0\0\0g\B8\9F\D2D@\CCE|\'f\D1D@','point',0,'\0\0\0\0\0\0\0g\B8\9F\D2D@\CCE|\'f\D1D@',0,10,'2011-01-11 09:15:10');
INSERT INTO `Locations` VALUES (28,'\0\0\0\0\0\0\0p\E7\FC\ED~\CFD@XF|\'\96\CED@','point',0,'\0\0\0\0\0\0\0p\E7\FC\ED~\CFD@XF|\'\96\CED@',0,10,'2011-01-11 20:30:31');
INSERT INTO `Locations` VALUES (29,'\0\0\0\0\0\0\0\A0\DC\A6;\CFD@\E7D|\'\CB\D5D@','point',0,'\0\0\0\0\0\0\0\A0\DC\A6;\CFD@\E7D|\'\CB\D5D@',0,10,'2011-01-11 20:30:31');
INSERT INTO `Locations` VALUES (30,'\0\0\0\0\0\0\0\B8J\85\AB\8D\D4D@}D|\'\D9\D6D@','point',0,'\0\0\0\0\0\0\0\B8J\85\AB\8D\D4D@}D|\'\D9\D6D@',0,10,'2011-01-11 20:30:31');
INSERT INTO `Locations` VALUES (31,'\0\0\0\0\0\0\0\D4?3s\FF\D5D@\A9E|\'X\D0D@','point',0,'\0\0\0\0\0\0\0\D4?3s\FF\D5D@\A9E|\'X\D0D@',0,10,'2011-01-11 20:30:31');
INSERT INTO `Locations` VALUES (32,'\0\0\0\0\0\0\0\rv\FBu\D6D@G|\A7\FB\CAD@','point',0,'\0\0\0\0\0\0\0\rv\FBu\D6D@G|\A7\FB\CAD@',0,10,'2011-01-11 20:30:31');
INSERT INTO `Locations` VALUES (33,'\0\0\0\0\0\0\0R9\EF\93Y\D0D@\EEF|\A7\ED\C9D@','point',0,'\0\0\0\0\0\0\0R9\EF\93Y\D0D@\EEF|\A7\ED\C9D@',0,10,'2011-01-11 20:30:31');
/*!40000 ALTER TABLE `Locations` ENABLE KEYS */;
UNLOCK TABLES;

--
-- Dumping data for table `Log`
--

LOCK TABLES `Log` WRITE;
/*!40000 ALTER TABLE `Log` DISABLE KEYS */;
/*!40000 ALTER TABLE `Log` ENABLE KEYS */;
UNLOCK TABLES;

--
-- Dumping data for table `MapLocationLanguages`
--

LOCK TABLES `MapLocationLanguages` WRITE;
/*!40000 ALTER TABLE `MapLocationLanguages` DISABLE KEYS */;
INSERT INTO `MapLocationLanguages` (`id`, `fk_maplocation_id`, `fk_language_id`, `fk_content_id`, `poi_display`) VALUES (1,1,1,1,1),(44,44,1,19,1),(43,43,1,6,1),(42,42,1,23,1),(5,5,1,2,1),(6,6,1,3,1),(7,7,1,4,1),(8,8,1,5,1),(9,9,1,6,1),(10,10,1,7,1),(11,11,1,8,1),(12,12,1,9,1),(13,13,1,10,1),(14,14,1,11,1),(15,15,1,12,1),(16,16,1,13,1),(17,17,1,14,1),(18,18,1,10,1),(19,19,1,15,1),(20,20,1,16,1),(21,21,1,17,1),(22,22,1,16,1),(23,23,1,18,1),(24,24,1,12,1),(25,25,1,2,1),(26,26,1,13,1),(27,27,1,4,1),(28,28,1,19,1),(29,29,1,19,1),(30,30,1,19,1),(32,32,1,19,1),(33,33,1,6,1),(34,34,1,21,1),(35,35,1,8,1),(36,36,1,14,1),(37,37,1,6,1),(38,38,1,4,1),(39,39,1,10,1),(40,40,1,19,1),(41,41,1,22,1),(45,45,1,21,1),(48,48,1,25,1),(47,47,1,24,1),(49,49,1,11,1),(50,50,1,24,1),(51,51,1,26,1),(52,52,1,27,1),(53,53,1,28,1),(54,54,1,29,1);
/*!40000 ALTER TABLE `MapLocationLanguages` ENABLE KEYS */;
UNLOCK TABLES;

--
-- Dumping data for table `MapLocationMultimedia`
--

LOCK TABLES `MapLocationMultimedia` WRITE;
/*!40000 ALTER TABLE `MapLocationMultimedia` DISABLE KEYS */;
/*!40000 ALTER TABLE `MapLocationMultimedia` ENABLE KEYS */;
UNLOCK TABLES;

--
-- Dumping data for table `MapLocations`
--

LOCK TABLES `MapLocations` WRITE;
/*!40000 ALTER TABLE `MapLocations` DISABLE KEYS */;
INSERT INTO `MapLocations` (`id`, `fk_map_id`, `fk_location_id`, `poi_style`, `rank`) VALUES (1,7,1,'marker-gold.png',1),(44,32,21,'marker-gold.png',2),(43,32,7,'marker-gold.png',1),(42,7,25,'marker-gold.png',2),(5,8,3,'marker-gold.png',1),(6,8,4,'marker-gold.png',2),(7,9,5,'marker-gold.png',1),(8,9,6,'marker-gold.png',2),(9,10,7,'marker-gold.png',1),(10,11,8,'marker-gold.png',1),(11,12,9,'marker-gold.png',1),(12,12,10,'marker-gold.png',2),(13,13,11,'marker-gold.png',1),(14,13,12,'marker-gold.png',2),(15,14,13,'marker-gold.png',1),(16,14,14,'marker-gold.png',2),(17,15,15,'marker-gold.png',1),(18,16,16,'marker-gold.png',1),(19,17,17,'marker-gold.png',1),(20,18,18,'marker-gold.png',1),(21,19,19,'marker-gold.png',1),(22,20,18,'marker-gold.png',1),(23,21,20,'marker-gold.png',1),(24,22,13,'marker-gold.png',1),(25,23,3,'marker-gold.png',1),(26,23,14,'marker-gold.png',2),(27,24,5,'marker-gold.png',1),(28,24,21,'marker-gold.png',2),(29,24,21,'marker-gold.png',3),(30,25,21,'marker-gold.png',1),(32,27,21,'marker-gold.png',1),(33,27,7,'marker-gold.png',2),(34,27,23,'marker-gold.png',3),(35,28,9,'marker-gold.png',1),(36,29,15,'marker-gold.png',1),(37,30,7,'marker-gold.png',1),(38,30,5,'marker-gold.png',2),(39,31,16,'marker-gold.png',1),(40,6,21,'marker-gold.png',1),(41,6,24,'marker-gold.png',2),(45,32,23,'marker-gold.png',3),(48,33,27,'marker-gold.png',1),(47,7,26,'marker-gold.png',3),(49,33,28,'marker-gold.png',2),(50,33,29,'marker-gold.png',3),(51,33,30,'marker-gold.png',4),(52,33,31,'marker-gold.png',5),(53,33,32,'marker-gold.png',6),(54,33,33,'marker-gold.png',7);
/*!40000 ALTER TABLE `MapLocations` ENABLE KEYS */;
UNLOCK TABLES;

--
-- Dumping data for table `Maps`
--

LOCK TABLES `Maps` WRITE;
/*!40000 ALTER TABLE `Maps` DISABLE KEYS */;
INSERT INTO `Maps` (`id`, `fk_article_number`, `MapRank`, `MapUsage`, `MapCenterLongitude`, `MapCenterLatitude`, `MapDisplayResolution`, `MapProvider`, `MapWidth`, `MapHeight`, `MapName`, `IdUser`, `time_updated`) VALUES (1,0,1,1,3.8552853441716,43.609432397529,14,'googlev3',600,400,'',15,'2011-01-04 18:45:40'),(2,0,1,1,14.424133,50.089926,4,'googlev3',600,400,'',15,'2011-01-04 18:47:09'),(3,0,1,1,14.424133,50.089926,4,'googlev3',600,400,'',15,'2011-01-04 18:47:52'),(4,0,1,1,14.424133,50.089926,4,'googlev3',600,400,'',15,'2011-01-04 18:49:21'),(5,0,1,1,14.424133,50.089926,4,'googlev3',600,400,'',15,'2011-01-04 18:50:21'),(6,84,1,1,13.415622410442,52.517432377805,13,'googlev3',600,400,'',15,'2011-01-05 09:45:50'),(7,71,1,1,20.515494045592,43.137958861599,15,'googlev3',300,250,'Novi Pazar',15,'2011-01-07 21:29:29'),(8,87,1,1,-122.36311506851,37.639936020501,10,'googlev3',600,400,'',15,'2011-01-05 09:47:35'),(9,86,1,1,26.026870312469,54.29994442878,7,'googlev3',600,400,'',15,'2011-01-05 09:48:06'),(10,74,1,1,14.424991306886,50.087062397168,14,'googlev3',600,400,'',15,'2011-01-05 09:48:40'),(11,89,1,1,-17.43170038086,14.713956831491,12,'googlev3',600,400,'',15,'2011-01-05 09:49:17'),(12,88,1,1,44.380280634777,33.318779095785,10,'googlev3',600,400,'',15,'2011-01-05 09:50:16'),(13,77,1,1,12.597883154293,41.913648650315,9,'googlev3',600,400,'',15,'2011-01-05 09:50:46'),(14,80,1,1,-58.267366718754,-34.52268263657,7,'googlev3',600,400,'',15,'2011-01-05 09:51:19'),(15,81,1,1,37.693150942379,55.74758261857,11,'googlev3',600,400,'',15,'2011-01-05 09:51:45'),(16,66,1,1,12.509078678793,41.892770335285,11,'googlev3',600,400,'',15,'2011-01-05 09:52:22'),(17,65,1,1,-3.7096618994424,37.04228540346,7,'googlev3',600,400,'',15,'2011-01-05 09:52:50'),(18,69,1,1,23.756045439452,37.93613837819,10,'googlev3',600,400,'',15,'2011-01-05 09:53:33'),(19,68,1,1,-73.956531523439,40.753032829764,12,'googlev3',600,400,'',15,'2011-01-05 09:54:10'),(20,72,1,1,23.757418730467,37.93613837819,11,'googlev3',600,400,'',15,'2011-01-05 09:54:42'),(21,70,1,1,-6.2476206030277,53.340915385529,12,'googlev3',600,400,'',15,'2011-01-05 09:55:09'),(22,75,1,1,-57.531282734409,-34.404928027949,7,'googlev3',600,400,'',15,'2011-01-05 09:55:39'),(23,73,1,1,-122.42731642339,37.805317219066,12,'googlev3',600,400,'',15,'2011-01-05 09:56:09'),(24,78,1,1,13.451728730466,52.521027700376,12,'googlev3',600,400,'',15,'2011-01-05 09:56:52'),(25,76,1,1,13.422202973631,52.524369999999,13,'googlev3',600,400,'',15,'2011-01-05 09:57:16'),(26,79,1,1,-9.13333,38.71667,9,'mapquest',600,400,'',15,'2011-01-27 12:25:26'),(27,0,1,1,14.424133,50.089926,4,'googlev3',600,400,'',15,'2011-01-04 19:31:05'),(28,0,1,1,46.576172968662,35.586701408921,6,'googlev3',600,400,'',15,'2011-01-07 21:22:33'),(29,82,1,1,37.62242645508,55.748548785167,12,'googlev3',600,400,'',15,'2011-01-05 09:42:14'),(30,67,1,1,20.444640812259,52.8137189435,5,'googlev3',600,400,'',15,'2011-01-05 09:43:05'),(31,85,1,1,12.487848211683,41.891194004652,15,'googlev3',600,400,'',15,'2011-01-05 09:45:06'),(32,64,1,1,14.424133,50.089926,4,'googlev3',600,400,'',15,'2011-01-04 19:31:51'),(33,83,1,1,41.63593,41.64159,11,'mapquest',300,250,'Iraq map',10,'2011-01-11 09:15:10');
/*!40000 ALTER TABLE `Maps` ENABLE KEYS */;
UNLOCK TABLES;

--
-- Dumping data for table `Multimedia`
--

LOCK TABLES `Multimedia` WRITE;
/*!40000 ALTER TABLE `Multimedia` DISABLE KEYS */;
/*!40000 ALTER TABLE `Multimedia` ENABLE KEYS */;
UNLOCK TABLES;

--
-- Dumping data for table `ObjectTypes`
--

LOCK TABLES `ObjectTypes` WRITE;
/*!40000 ALTER TABLE `ObjectTypes` DISABLE KEYS */;
INSERT INTO `ObjectTypes` (`id`, `name`) VALUES (1,'article');
/*!40000 ALTER TABLE `ObjectTypes` ENABLE KEYS */;
UNLOCK TABLES;

--
-- Dumping data for table `Plugins`
--

LOCK TABLES `Plugins` WRITE;
/*!40000 ALTER TABLE `Plugins` DISABLE KEYS */;
INSERT INTO `Plugins` (`Name`, `Version`, `Enabled`) VALUES ('blog','0.3.0',1),('poll','0.3.1',1),('recaptcha','0.1.0',1),('debate','0.0.1',1),('soundcloud','0.1.0',1);
/*!40000 ALTER TABLE `Plugins` ENABLE KEYS */;
UNLOCK TABLES;

--
-- Dumping data for table `Publications`
--

LOCK TABLES `Publications` WRITE;
/*!40000 ALTER TABLE `Publications` DISABLE KEYS */;
INSERT INTO `Publications` (`Id`, `Name`, `IdDefaultLanguage`, `TimeUnit`, `UnitCost`, `UnitCostAllLang`, `Currency`, `TrialTime`, `PaidTime`, `IdDefaultAlias`, `IdURLType`, `fk_forum_id`, `comments_enabled`, `comments_article_default_enabled`, `comments_subscribers_moderated`, `comments_public_moderated`, `comments_public_enabled`, `comments_captcha_enabled`, `comments_spam_blocking_enabled`, `comments_moderator_to`, `comments_moderator_from`, `url_error_tpl_id`, `seo`) VALUES (2,'The New Custodian',1,'D',0.00,0.00,'',30,30,4,2,2,1,1,0,1,1,1,0,'','',1338,'a:1:{s:4:\"name\";s:2:\"on\";}');
/*!40000 ALTER TABLE `Publications` ENABLE KEYS */;
UNLOCK TABLES;

--
-- Dumping data for table `RequestObjects`
--

LOCK TABLES `RequestObjects` WRITE;
/*!40000 ALTER TABLE `RequestObjects` DISABLE KEYS */;
INSERT INTO `RequestObjects` (`object_id`, `object_type_id`, `request_count`, `last_update_time`) VALUES (21,1,17,'2010-12-17 14:46:10'),(20,1,18,'2010-12-17 14:46:10'),(44,1,13,'2010-12-17 14:46:10'),(3,1,24,'2010-12-17 14:46:10'),(39,1,16,'2010-12-17 14:46:10'),(1,1,27,'2010-12-17 14:46:10'),(31,1,31,'2010-12-17 14:46:09'),(46,1,24,'2010-12-17 14:46:09'),(5,1,21,'2010-12-17 14:46:09'),(6,1,15,'2010-12-17 14:46:09'),(33,1,22,'2010-12-17 14:46:09'),(48,1,29,'2010-12-17 14:46:09'),(49,1,23,'2010-12-17 14:46:10'),(50,1,28,'2010-12-17 14:46:10'),(8,1,12,'2010-12-17 14:46:10'),(4,1,14,'2010-12-17 14:46:10'),(14,1,12,'2010-12-17 14:46:10'),(7,1,14,'2010-12-17 14:46:10'),(28,1,12,'2010-10-06 10:42:01'),(36,1,6,'2010-10-12 14:59:39'),(45,1,13,'2010-10-06 10:58:26'),(32,1,15,'2010-10-06 10:42:06'),(51,1,19,'2010-10-06 10:42:36'),(10,1,9,'2010-10-06 10:40:17'),(25,1,6,'2010-10-06 10:43:21'),(54,1,1,'2010-10-06 10:05:52'),(16,1,13,'2010-10-06 10:57:35'),(17,1,10,'2010-10-06 10:40:40'),(18,1,10,'2010-10-06 10:40:41'),(35,1,5,'2010-10-12 14:59:39'),(38,1,5,'2010-10-12 14:59:39'),(2,1,21,'2010-10-06 10:43:45'),(30,1,5,'2010-10-06 10:43:45'),(12,1,10,'2010-10-06 10:58:05'),(47,1,3,'2010-10-06 10:39:20'),(52,1,4,'2010-10-06 10:58:05'),(53,1,0,'2010-10-06 10:05:53'),(40,1,4,'2010-10-06 10:23:16'),(24,1,8,'2010-10-06 10:40:40'),(15,1,4,'2010-10-06 10:33:59'),(13,1,4,'2010-10-06 10:33:59'),(23,1,5,'2010-10-06 10:25:57'),(9,1,8,'2010-10-06 10:58:05'),(41,1,4,'2010-10-06 10:43:21'),(19,1,8,'2010-10-06 10:40:41'),(29,1,9,'2010-10-06 10:42:01'),(42,1,4,'2010-10-06 10:58:05'),(26,1,5,'2010-10-06 10:43:21'),(27,1,5,'2010-10-06 10:43:21'),(37,1,0,'2010-10-12 14:59:39'),(77,1,0,'2010-10-12 14:59:39'),(59,1,0,'2010-10-12 14:59:40'),(60,1,0,'2010-10-12 14:59:40'),(61,1,0,'2010-10-12 14:59:40'),(78,1,165,'2012-03-14 14:08:39'),(79,1,53,'2012-03-15 09:33:41'),(80,1,67,'2012-03-12 11:35:18'),(81,1,48,'2012-03-11 23:03:13'),(82,1,41,'2012-03-08 21:34:31'),(83,1,53,'2012-03-08 21:34:32'),(84,1,49,'2012-03-08 21:34:03'),(85,1,63,'2012-03-08 21:33:29'),(86,1,39,'2012-03-08 21:34:02'),(87,1,29,'2012-03-14 09:56:33'),(88,1,33,'2012-03-13 14:36:50'),(89,1,38,'2012-03-12 15:07:18'),(90,1,41,'2012-03-09 02:59:01'),(91,1,45,'2012-03-12 11:36:14'),(92,1,34,'2012-03-08 21:34:08'),(93,1,34,'2012-03-10 11:16:54'),(94,1,36,'2012-03-08 21:34:08'),(95,1,51,'2012-03-12 16:23:54'),(96,1,37,'2012-03-08 21:33:41'),(97,1,28,'2012-03-08 21:33:38'),(98,1,27,'2012-03-11 03:53:10'),(99,1,25,'2012-03-08 21:33:38'),(100,1,21,'2012-03-08 21:33:38'),(101,1,39,'2012-03-12 11:34:16'),(102,1,7,'2011-01-28 02:04:57'),(103,1,14,'2011-07-08 09:16:04'),(104,1,17,'2012-03-08 21:33:38'),(105,1,21,'2012-03-08 21:33:36'),(106,1,28,'2012-03-08 21:33:37'),(107,1,22,'2012-03-08 21:33:32');
/*!40000 ALTER TABLE `RequestObjects` ENABLE KEYS */;
UNLOCK TABLES;

--
-- Dumping data for table `RequestStats`
--

LOCK TABLES `RequestStats` WRITE;
/*!40000 ALTER TABLE `RequestStats` DISABLE KEYS */;
INSERT INTO `RequestStats` (`object_id`, `date`, `hour`, `request_count`) VALUES (21,'2010-10-06',11,3),(20,'2010-10-06',11,3),(44,'2010-10-06',11,4),(3,'2010-10-06',11,4),(39,'2010-10-06',11,3),(1,'2010-10-06',11,4),(14,'2010-10-06',11,2),(31,'2010-10-06',11,6),(46,'2010-10-06',11,4),(5,'2010-10-06',11,3),(6,'2010-10-06',11,1),(33,'2010-10-06',11,2),(48,'2010-10-06',11,2),(49,'2010-10-06',11,2),(50,'2010-10-06',11,2),(8,'2010-10-06',11,1),(4,'2010-10-06',11,1),(7,'2010-10-06',11,1),(2,'2010-10-06',11,1),(32,'2010-10-06',11,2),(45,'2010-10-06',11,2),(51,'2010-10-06',11,1),(10,'2010-10-06',11,1),(32,'2010-10-06',12,14),(33,'2010-10-06',12,18),(48,'2010-10-06',12,25),(49,'2010-10-06',12,19),(50,'2010-10-06',12,24),(51,'2010-10-06',12,19),(36,'2010-10-06',12,5),(1,'2010-10-06',12,21),(20,'2010-10-06',12,13),(16,'2010-10-06',12,13),(10,'2010-10-06',12,8),(46,'2010-10-06',12,18),(5,'2010-10-06',12,16),(31,'2010-10-06',12,23),(45,'2010-10-06',12,11),(17,'2010-10-06',12,10),(18,'2010-10-06',12,10),(2,'2010-10-06',12,20),(47,'2010-10-06',12,3),(35,'2010-10-06',12,4),(38,'2010-10-06',12,4),(54,'2010-10-06',12,1),(44,'2010-10-06',12,7),(52,'2010-10-06',12,4),(39,'2010-10-06',12,11),(28,'2010-10-06',12,12),(6,'2010-10-06',12,12),(8,'2010-10-06',12,9),(4,'2010-10-06',12,11),(14,'2010-10-06',12,8),(7,'2010-10-06',12,11),(21,'2010-10-06',12,12),(3,'2010-10-06',12,18),(24,'2010-10-06',12,8),(25,'2010-10-06',12,6),(40,'2010-10-06',12,5),(15,'2010-10-06',12,4),(13,'2010-10-06',12,4),(23,'2010-10-06',12,5),(19,'2010-10-06',12,8),(29,'2010-10-06',12,9),(12,'2010-10-06',12,10),(41,'2010-10-06',12,5),(9,'2010-10-06',12,8),(42,'2010-10-06',12,4),(30,'2010-10-06',12,5),(26,'2010-10-06',12,5),(27,'2010-10-06',12,5),(38,'2010-10-12',16,1),(36,'2010-10-12',16,1),(35,'2010-10-12',16,1),(31,'2010-12-17',14,1),(46,'2010-12-17',14,1),(5,'2010-12-17',14,1),(6,'2010-12-17',14,1),(33,'2010-12-17',14,1),(48,'2010-12-17',14,1),(49,'2010-12-17',14,1),(50,'2010-12-17',14,1),(8,'2010-12-17',14,1),(4,'2010-12-17',14,1),(14,'2010-12-17',14,1),(7,'2010-12-17',14,1),(21,'2010-12-17',14,1),(20,'2010-12-17',14,1),(44,'2010-12-17',14,1),(3,'2010-12-17',14,1),(39,'2010-12-17',14,1),(1,'2010-12-17',14,1),(31,'2010-12-17',15,1),(46,'2010-12-17',15,1),(5,'2010-12-17',15,1),(6,'2010-12-17',15,1),(33,'2010-12-17',15,1),(48,'2010-12-17',15,1),(49,'2010-12-17',15,1),(50,'2010-12-17',15,1),(8,'2010-12-17',15,1),(4,'2010-12-17',15,1),(14,'2010-12-17',15,1),(7,'2010-12-17',15,1),(21,'2010-12-17',15,1),(20,'2010-12-17',15,1),(44,'2010-12-17',15,1),(3,'2010-12-17',15,1),(39,'2010-12-17',15,1),(1,'2010-12-17',15,1),(78,'2010-12-27',19,1),(79,'2010-12-27',21,1),(78,'2010-12-27',21,1),(80,'2010-12-27',21,1),(81,'2010-12-27',21,1),(82,'2010-12-27',21,1),(83,'2010-12-27',21,1),(84,'2010-12-27',21,1),(85,'2010-12-27',21,1),(86,'2010-12-27',21,1),(87,'2010-12-27',21,1),(88,'2010-12-27',21,1),(89,'2010-12-27',21,1),(85,'2010-12-28',10,2),(90,'2010-12-28',10,1),(91,'2010-12-28',10,1),(92,'2010-12-28',11,1),(83,'2010-12-28',11,1),(93,'2010-12-28',11,1),(94,'2010-12-28',11,1),(82,'2010-12-28',13,1),(93,'2010-12-28',13,1),(92,'2010-12-28',13,1),(83,'2010-12-28',14,1),(94,'2010-12-28',14,1),(92,'2010-12-28',20,1),(84,'2010-12-28',22,1),(82,'2010-12-28',22,1),(83,'2010-12-28',22,1),(85,'2010-12-28',22,1),(81,'2010-12-28',23,1),(80,'2010-12-28',23,1),(92,'2010-12-28',23,1),(93,'2010-12-29',2,1),(81,'2010-12-29',2,1),(80,'2010-12-29',2,1),(83,'2010-12-29',2,1),(85,'2010-12-29',2,1),(82,'2010-12-29',2,1),(91,'2010-12-29',2,1),(94,'2010-12-29',2,1),(84,'2010-12-29',2,1),(93,'2010-12-29',5,1),(91,'2010-12-29',5,1),(94,'2010-12-29',6,1),(95,'2010-12-29',18,1),(94,'2010-12-29',18,1),(80,'2010-12-29',18,1),(90,'2010-12-29',18,1),(90,'2010-12-29',19,1),(81,'2010-12-29',22,1),(80,'2010-12-29',22,1),(82,'2010-12-29',22,1),(84,'2010-12-29',22,1),(85,'2010-12-29',22,1),(96,'2010-12-29',22,1),(88,'2010-12-29',22,1),(95,'2010-12-29',22,1),(83,'2010-12-30',4,1),(84,'2010-12-30',4,1),(78,'2010-12-30',8,1),(78,'2010-12-30',10,1),(83,'2010-12-30',10,1),(85,'2010-12-30',10,1),(81,'2010-12-30',11,1),(97,'2010-12-30',11,1),(98,'2010-12-30',11,1),(91,'2010-12-30',11,1),(90,'2010-12-30',11,1),(80,'2010-12-30',11,1),(81,'2010-12-30',12,1),(83,'2010-12-30',12,1),(82,'2010-12-30',12,1),(78,'2010-12-30',12,1),(78,'2010-12-30',13,1),(84,'2010-12-30',13,1),(86,'2010-12-30',13,1),(95,'2010-12-30',13,1),(89,'2010-12-30',13,1),(87,'2010-12-30',13,1),(99,'2010-12-30',13,1),(80,'2010-12-30',13,1),(82,'2010-12-30',13,1),(83,'2010-12-30',14,1),(100,'2010-12-30',14,1),(101,'2010-12-30',15,1),(81,'2010-12-30',15,1),(86,'2010-12-30',16,1),(86,'2010-12-31',2,1),(88,'2010-12-31',2,1),(100,'2010-12-31',2,1),(102,'2010-12-31',2,1),(87,'2010-12-31',2,1),(98,'2010-12-31',2,1),(90,'2010-12-31',3,1),(96,'2010-12-31',3,1),(78,'2010-12-31',3,1),(79,'2010-12-31',3,1),(101,'2010-12-31',3,1),(89,'2010-12-31',3,1),(95,'2010-12-31',3,1),(103,'2010-12-31',5,1),(104,'2010-12-31',5,1),(105,'2010-12-31',6,1),(106,'2010-12-31',6,1),(107,'2010-12-31',6,1),(97,'2010-12-31',6,1),(99,'2010-12-31',6,1),(84,'2010-12-31',8,1),(90,'2011-01-03',10,1),(84,'2011-01-03',10,1),(80,'2011-01-03',10,1),(80,'2011-01-03',13,1),(94,'2011-01-03',13,1),(89,'2011-01-03',13,1),(101,'2011-01-03',13,1),(81,'2011-01-03',13,1),(85,'2011-01-03',14,1),(81,'2011-01-03',14,1),(80,'2011-01-03',18,1),(81,'2011-01-03',18,1),(101,'2011-01-03',23,1),(85,'2011-01-03',23,1),(80,'2011-01-04',9,1),(84,'2011-01-04',11,1),(82,'2011-01-04',11,1),(86,'2011-01-04',15,1),(84,'2011-01-04',15,1),(81,'2011-01-04',15,1),(83,'2011-01-04',15,1),(105,'2011-01-04',15,1),(78,'2011-01-04',20,1),(79,'2011-01-04',20,1),(106,'2011-01-04',20,1),(84,'2011-01-04',20,1),(85,'2011-01-04',20,1),(81,'2011-01-04',20,1),(86,'2011-01-04',21,1),(90,'2011-01-04',21,1),(83,'2011-01-04',21,1),(105,'2011-01-04',21,1),(80,'2011-01-04',21,2),(95,'2011-01-04',21,1),(82,'2011-01-04',21,1),(86,'2011-01-05',9,2),(83,'2011-01-05',9,1),(85,'2011-01-05',9,1),(82,'2011-01-05',9,1),(97,'2011-01-05',9,2),(79,'2011-01-05',9,1),(95,'2011-01-05',10,3),(79,'2011-01-05',10,1),(80,'2011-01-05',10,1),(84,'2011-01-05',10,1),(82,'2011-01-05',10,1),(104,'2011-01-05',10,1),(86,'2011-01-05',10,1),(78,'2011-01-05',10,1),(106,'2011-01-05',10,1),(85,'2011-01-05',11,1),(103,'2011-01-05',11,1),(79,'2011-01-05',11,1),(90,'2011-01-05',11,1),(83,'2011-01-05',12,1),(78,'2011-01-05',12,1),(95,'2011-01-05',16,1),(79,'2011-01-05',16,1),(83,'2011-01-05',19,1),(84,'2011-01-06',15,1),(85,'2011-01-06',18,1),(79,'2011-01-06',18,1),(84,'2011-01-07',12,1),(79,'2011-01-07',15,1),(79,'2011-01-07',22,2),(103,'2011-01-07',22,1),(92,'2011-01-08',9,1),(82,'2011-01-08',10,1),(85,'2011-01-08',12,1),(83,'2011-01-08',13,1),(80,'2011-01-08',14,1),(81,'2011-01-08',14,1),(84,'2011-01-08',15,1),(94,'2011-01-08',15,1),(93,'2011-01-08',16,1),(91,'2011-01-08',16,1),(85,'2011-01-08',20,1),(83,'2011-01-08',21,1),(80,'2011-01-08',22,1),(81,'2011-01-08',23,1),(85,'2011-01-09',1,1),(84,'2011-01-09',2,1),(82,'2011-01-09',3,1),(95,'2011-01-09',11,1),(79,'2011-01-09',20,1),(78,'2011-01-10',17,1),(79,'2011-01-11',1,1),(95,'2011-01-11',6,1),(101,'2011-01-11',8,1),(79,'2011-01-11',10,4),(83,'2011-01-11',10,1),(81,'2011-01-11',10,2),(96,'2011-01-11',10,1),(103,'2011-01-11',10,1),(100,'2011-01-11',10,1),(98,'2011-01-11',11,1),(89,'2011-01-11',12,1),(96,'2011-01-11',13,1),(83,'2011-01-11',17,1),(80,'2011-01-11',17,1),(79,'2011-01-11',21,3),(78,'2011-01-11',23,1),(79,'2011-01-12',0,1),(86,'2011-01-12',1,1),(87,'2011-01-12',2,1),(90,'2011-01-12',3,1),(88,'2011-01-12',4,1),(102,'2011-01-12',5,1),(99,'2011-01-12',6,1),(107,'2011-01-12',7,1),(105,'2011-01-12',8,1),(103,'2011-01-12',9,1),(97,'2011-01-12',10,1),(104,'2011-01-12',11,1),(106,'2011-01-12',19,1),(78,'2011-01-13',10,1),(84,'2011-01-13',10,1),(96,'2011-01-13',11,1),(95,'2011-01-13',11,1),(83,'2011-01-13',11,1),(80,'2011-01-13',14,1),(81,'2011-01-13',21,1),(84,'2011-01-13',21,1),(84,'2011-01-14',19,1),(80,'2011-01-14',19,1),(82,'2011-01-15',7,1),(79,'2011-01-16',9,1),(102,'2011-01-16',10,1),(85,'2011-01-16',12,1),(92,'2011-01-16',13,1),(83,'2011-01-16',13,1),(96,'2011-01-16',14,1),(82,'2011-01-16',15,1),(95,'2011-01-16',16,1),(84,'2011-01-16',16,1),(84,'2011-01-16',17,1),(85,'2011-01-16',17,3),(98,'2011-01-16',18,1),(100,'2011-01-16',19,1),(87,'2011-01-16',20,1),(89,'2011-01-16',20,1),(81,'2011-01-16',21,1),(90,'2011-01-16',23,1),(101,'2011-01-17',0,1),(93,'2011-01-17',1,1),(78,'2011-01-17',1,1),(86,'2011-01-17',2,1),(91,'2011-01-17',3,1),(80,'2011-01-17',3,1),(84,'2011-01-17',4,1),(88,'2011-01-17',5,1),(94,'2011-01-17',16,1),(79,'2011-01-18',14,1),(85,'2011-01-18',15,1),(89,'2011-01-19',18,1),(101,'2011-01-19',20,1),(101,'2011-01-20',8,1),(98,'2011-01-20',13,1),(90,'2011-01-20',18,1),(78,'2011-01-21',8,1),(95,'2011-01-21',9,1),(80,'2011-01-21',9,1),(100,'2011-01-21',9,1),(84,'2011-01-21',9,1),(97,'2011-01-21',9,1),(85,'2011-01-21',9,1),(90,'2011-01-21',9,1),(79,'2011-01-21',9,1),(98,'2011-01-21',9,1),(105,'2011-01-21',9,1),(81,'2011-01-21',9,1),(78,'2011-01-21',9,1),(84,'2011-01-21',18,1),(78,'2011-01-21',21,1),(106,'2011-01-21',21,1),(92,'2011-01-21',23,1),(82,'2011-01-22',0,1),(85,'2011-01-22',0,1),(91,'2011-01-22',1,1),(93,'2011-01-22',1,1),(92,'2011-01-22',1,1),(80,'2011-01-22',1,1),(83,'2011-01-22',1,1),(81,'2011-01-22',2,1),(80,'2011-01-22',2,1),(94,'2011-01-22',2,1),(84,'2011-01-22',3,1),(82,'2011-01-22',3,1),(85,'2011-01-22',4,1),(81,'2011-01-22',4,1),(100,'2011-01-22',9,1),(95,'2011-01-22',18,1),(96,'2011-01-23',11,1),(95,'2011-01-23',11,1),(79,'2011-01-23',13,1),(83,'2011-01-23',14,1),(90,'2011-01-23',23,1),(102,'2011-01-24',4,1),(80,'2011-01-24',8,1),(93,'2011-01-24',8,1),(94,'2011-01-24',8,1),(92,'2011-01-24',8,1),(91,'2011-01-24',8,1),(85,'2011-01-24',8,1),(83,'2011-01-24',8,1),(90,'2011-01-24',8,1),(102,'2011-01-24',8,1),(83,'2011-01-24',9,1),(79,'2011-01-24',10,1),(90,'2011-01-24',11,1),(84,'2011-01-24',11,1),(87,'2011-01-24',13,1),(78,'2011-01-24',17,1),(83,'2011-01-24',18,1),(78,'2011-01-24',18,1),(79,'2011-01-24',20,2),(85,'2011-01-24',20,1),(83,'2011-01-24',20,1),(92,'2011-01-24',20,2),(96,'2011-01-24',20,1),(86,'2011-01-24',20,1),(80,'2011-01-24',20,1),(93,'2011-01-24',20,2),(78,'2011-01-24',20,1),(104,'2011-01-24',21,1),(107,'2011-01-24',21,1),(84,'2011-01-24',21,1),(83,'2011-01-25',8,1),(78,'2011-01-25',10,1),(84,'2011-01-25',10,1),(83,'2011-01-25',10,1),(95,'2011-01-25',10,1),(81,'2011-01-25',10,1),(98,'2011-01-25',10,1),(94,'2011-01-25',10,1),(80,'2011-01-25',10,1),(92,'2011-01-25',11,1),(81,'2011-01-25',11,1),(78,'2011-01-25',11,1),(85,'2011-01-25',11,1),(84,'2011-01-25',12,1),(80,'2011-01-25',13,1),(85,'2011-01-25',13,1),(95,'2011-01-25',13,1),(94,'2011-01-25',13,1),(78,'2011-01-25',13,1),(79,'2011-01-25',14,1),(99,'2011-01-25',14,1),(78,'2011-01-25',14,1),(79,'2011-01-25',15,1),(89,'2011-01-25',15,1),(101,'2011-01-25',15,1),(100,'2011-01-25',15,1),(83,'2011-01-25',16,1),(87,'2011-01-25',16,1),(95,'2011-01-25',16,1),(80,'2011-01-25',16,1),(106,'2011-01-25',16,1),(81,'2011-01-25',17,1),(78,'2011-01-25',17,1),(99,'2011-01-25',17,1),(84,'2011-01-25',17,1),(104,'2011-01-25',17,1),(85,'2011-01-25',17,1),(84,'2011-01-25',18,1),(78,'2011-01-25',18,1),(98,'2011-01-25',19,1),(106,'2011-01-25',19,1),(99,'2011-01-25',19,1),(92,'2011-01-25',19,1),(93,'2011-01-25',19,1),(91,'2011-01-25',19,1),(80,'2011-01-25',19,1),(85,'2011-01-25',19,1),(82,'2011-01-25',19,1),(95,'2011-01-25',19,1),(89,'2011-01-25',19,1),(101,'2011-01-25',19,1),(96,'2011-01-25',19,1),(86,'2011-01-25',19,1),(103,'2011-01-25',19,1),(79,'2011-01-25',19,1),(85,'2011-01-25',20,1),(81,'2011-01-25',20,1),(87,'2011-01-25',20,1),(85,'2011-01-26',10,1),(95,'2011-01-26',10,1),(89,'2011-01-26',10,1),(78,'2011-01-26',10,1),(94,'2011-01-26',23,1),(84,'2011-01-26',23,1),(87,'2011-01-26',23,1),(96,'2011-01-26',23,1),(86,'2011-01-26',23,1),(82,'2011-01-26',23,1),(91,'2011-01-26',23,1),(81,'2011-01-26',23,1),(88,'2011-01-26',23,1),(79,'2011-01-27',6,1),(78,'2011-01-27',6,1),(78,'2011-01-27',8,1),(79,'2011-01-27',8,1),(91,'2011-01-27',10,1),(80,'2011-01-27',10,1),(79,'2011-01-27',11,1),(86,'2011-01-27',11,1),(81,'2011-01-27',11,1),(105,'2011-01-27',11,1),(84,'2011-01-27',11,1),(78,'2011-01-27',12,1),(105,'2011-01-27',12,1),(98,'2011-01-27',12,1),(96,'2011-01-27',12,1),(100,'2011-01-27',13,1),(107,'2011-01-27',13,1),(107,'2011-01-27',14,1),(81,'2011-01-27',14,1),(99,'2011-01-27',14,1),(100,'2011-01-27',14,1),(87,'2011-01-27',14,1),(88,'2011-01-27',14,2),(78,'2011-01-27',14,3),(83,'2011-01-27',14,1),(85,'2011-01-27',14,1),(84,'2011-01-27',14,1),(86,'2011-01-27',14,1),(82,'2011-01-27',14,1),(104,'2011-01-27',15,1),(78,'2011-01-27',15,4),(83,'2011-01-27',15,1),(94,'2011-01-27',15,1),(91,'2011-01-27',15,1),(87,'2011-01-27',15,1),(107,'2011-01-27',15,1),(82,'2011-01-27',15,1),(105,'2011-01-27',15,1),(102,'2011-01-27',15,1),(79,'2011-01-27',15,1),(96,'2011-01-27',15,1),(84,'2011-01-27',15,1),(85,'2011-01-27',15,1),(78,'2011-01-27',16,2),(82,'2011-01-27',16,1),(103,'2011-01-27',16,1),(107,'2011-01-27',16,1),(83,'2011-01-27',16,1),(84,'2011-01-27',16,1),(85,'2011-01-27',16,1),(79,'2011-01-27',16,1),(81,'2011-01-27',16,1),(82,'2011-01-27',17,1),(83,'2011-01-27',17,1),(84,'2011-01-27',17,2),(85,'2011-01-27',17,2),(88,'2011-01-27',17,1),(86,'2011-01-27',17,1),(80,'2011-01-27',17,1),(78,'2011-01-27',17,1),(106,'2011-01-27',17,1),(79,'2011-01-27',17,1),(106,'2011-01-27',20,1),(100,'2011-01-27',20,1),(88,'2011-01-27',20,1),(78,'2011-01-27',21,1),(106,'2011-01-27',22,2),(82,'2011-01-27',22,1),(103,'2011-01-27',22,2),(107,'2011-01-27',22,1),(83,'2011-01-27',22,2),(84,'2011-01-27',22,2),(85,'2011-01-27',22,2),(97,'2011-01-27',22,1),(91,'2011-01-27',22,1),(93,'2011-01-27',22,1),(94,'2011-01-27',22,1),(92,'2011-01-27',22,1),(87,'2011-01-28',2,1),(86,'2011-01-28',2,1),(102,'2011-01-28',3,1),(90,'2011-01-28',3,1),(88,'2011-01-28',3,2),(101,'2011-01-28',3,1),(96,'2011-01-28',3,1),(100,'2011-01-28',4,1),(98,'2011-01-28',4,1),(89,'2011-01-28',4,1),(95,'2011-01-28',4,1),(99,'2011-01-28',5,1),(107,'2011-01-28',5,1),(104,'2011-01-28',5,1),(97,'2011-01-28',5,1),(103,'2011-01-28',5,1),(106,'2011-01-28',6,1),(105,'2011-01-28',6,1),(86,'2011-01-28',12,1),(103,'2011-01-28',12,1),(106,'2011-01-28',13,1),(85,'2011-01-29',12,1),(82,'2011-01-30',10,1),(84,'2011-01-30',11,1),(78,'2011-01-30',13,1),(82,'2011-01-30',18,1),(84,'2011-01-30',21,1),(78,'2011-01-30',22,3),(79,'2011-01-30',23,1),(80,'2011-01-30',23,1),(86,'2011-01-31',2,1),(103,'2011-01-31',3,1),(93,'2011-01-31',4,1),(92,'2011-01-31',4,1),(84,'2011-01-31',5,1),(91,'2011-01-31',6,1),(82,'2011-01-31',6,1),(80,'2011-01-31',6,1),(91,'2011-01-31',7,1),(94,'2011-01-31',7,1),(93,'2011-01-31',8,1),(78,'2011-02-24',13,1),(84,'2011-03-10',16,1),(103,'2011-07-07',8,1),(78,'2011-07-07',10,1),(79,'2011-07-07',11,1),(96,'2011-07-07',11,1),(80,'2011-07-07',11,1),(80,'2011-07-07',12,1),(78,'2011-07-07',12,1),(99,'2011-07-07',13,1),(106,'2011-07-07',13,1),(79,'2011-07-07',13,1),(93,'2011-07-07',13,1),(78,'2011-07-07',17,1),(82,'2011-07-08',7,1),(95,'2011-07-08',8,1),(91,'2011-07-08',8,1),(94,'2011-07-08',8,1),(92,'2011-07-08',8,1),(93,'2011-07-08',8,1),(79,'2011-07-08',8,1),(80,'2011-07-08',8,1),(85,'2011-07-08',9,1),(78,'2011-07-08',9,1),(90,'2011-07-08',10,1),(104,'2011-07-08',11,1),(82,'2011-07-08',11,1),(103,'2011-07-08',11,1),(92,'2011-07-08',11,1),(78,'2011-07-08',13,4),(78,'2011-07-08',14,7),(79,'2011-07-08',14,1),(89,'2011-07-08',14,1),(96,'2011-07-08',14,1),(88,'2011-07-08',14,1),(78,'2011-07-09',13,1),(78,'2011-07-10',10,2),(89,'2011-07-10',10,1),(101,'2011-07-10',10,1),(95,'2011-07-10',10,1),(91,'2011-07-10',11,1),(94,'2011-07-10',11,1),(92,'2011-07-10',11,1),(96,'2011-07-10',11,2),(96,'2011-07-10',12,2),(78,'2011-07-10',12,2),(80,'2011-07-10',12,1),(94,'2011-07-10',12,1),(97,'2011-07-10',12,1),(82,'2011-07-10',12,1),(83,'2011-07-10',13,1),(87,'2011-07-10',14,1),(97,'2011-07-11',9,1),(78,'2011-07-11',9,4),(91,'2011-07-11',9,1),(96,'2011-07-11',11,1),(78,'2011-07-11',11,3),(85,'2011-07-11',11,2),(89,'2011-07-11',11,1),(95,'2011-07-11',11,1),(97,'2011-07-11',11,1),(86,'2011-07-11',11,1),(78,'2011-07-11',12,1),(78,'2011-07-11',17,1),(95,'2011-07-12',8,1),(89,'2011-07-12',8,1),(101,'2011-07-12',8,1),(93,'2011-07-12',9,1),(78,'2011-07-12',10,3),(101,'2011-07-12',11,1),(78,'2011-07-12',12,1),(81,'2011-07-12',14,1),(93,'2011-07-12',14,1),(91,'2011-07-12',14,1),(94,'2011-07-12',14,1),(92,'2011-07-12',14,1),(93,'2011-07-13',12,1),(92,'2011-07-13',12,1),(91,'2011-07-13',12,1),(94,'2011-07-13',12,1),(80,'2011-07-13',13,1),(106,'2011-07-13',13,1),(99,'2011-07-13',13,1),(78,'2011-07-13',13,1),(106,'2011-07-14',7,1),(99,'2011-07-14',7,1),(92,'2011-07-14',8,1),(93,'2011-07-14',8,1),(91,'2011-07-14',8,1),(94,'2011-07-14',8,1),(82,'2011-07-14',8,1),(86,'2011-07-14',8,1),(83,'2011-07-14',8,1),(80,'2011-07-14',8,1),(81,'2011-07-14',8,1),(87,'2011-07-14',8,1),(90,'2011-07-14',8,1),(101,'2011-07-14',8,1),(96,'2011-07-14',8,1),(88,'2011-07-14',8,1),(78,'2011-07-14',8,1),(95,'2011-07-14',8,1),(107,'2011-07-14',8,1),(89,'2011-07-14',8,1),(85,'2011-07-14',8,1),(97,'2011-07-14',8,1),(104,'2011-07-14',9,1),(100,'2011-07-14',9,1),(98,'2011-07-14',9,1),(97,'2011-07-14',9,1),(95,'2011-07-14',9,1),(85,'2011-07-14',9,1),(78,'2011-07-14',9,1),(86,'2011-07-14',9,1),(105,'2011-07-14',9,1),(107,'2011-07-15',23,1),(89,'2011-07-15',23,1),(82,'2011-07-15',23,1),(81,'2011-07-15',23,1),(96,'2011-07-15',23,1),(83,'2011-07-15',23,1),(80,'2011-07-15',23,1),(91,'2011-07-15',23,1),(93,'2011-07-15',23,1),(94,'2011-07-15',23,1),(92,'2011-07-15',23,1),(104,'2011-07-16',2,1),(90,'2011-07-16',2,1),(87,'2011-07-16',2,1),(88,'2011-07-16',2,1),(99,'2011-07-16',5,1),(106,'2011-07-16',5,1),(101,'2011-07-16',5,1),(80,'2011-07-16',19,1),(85,'2011-07-17',23,1),(107,'2011-07-18',1,1),(89,'2011-07-18',2,1),(101,'2011-07-18',3,1),(105,'2011-07-18',3,1),(98,'2011-07-18',3,1),(100,'2011-07-18',3,1),(104,'2011-07-18',4,1),(82,'2011-07-18',5,1),(97,'2011-07-18',5,1),(81,'2011-07-18',5,1),(96,'2011-07-18',6,1),(95,'2011-07-18',6,1),(83,'2011-07-18',6,1),(90,'2011-07-18',6,1),(87,'2011-07-18',6,1),(88,'2011-07-18',7,1),(86,'2011-07-18',13,1),(94,'2011-07-19',17,1),(80,'2011-07-19',22,1),(92,'2011-07-20',0,1),(91,'2011-07-20',6,1),(99,'2011-07-20',7,1),(106,'2011-07-20',8,1),(78,'2011-07-20',10,1),(98,'2011-07-21',16,1),(80,'2011-07-22',12,1),(99,'2011-07-22',20,1),(106,'2011-07-22',23,1),(93,'2011-07-23',4,1),(94,'2011-07-23',6,1),(98,'2011-07-23',18,1),(78,'2011-07-23',22,1),(86,'2011-07-24',6,1),(90,'2011-07-24',10,1),(96,'2011-07-24',15,1),(80,'2011-07-24',16,1),(78,'2011-07-24',18,1),(88,'2011-07-24',21,1),(92,'2011-07-25',5,1),(80,'2011-07-25',10,1),(90,'2011-07-25',12,1),(81,'2011-07-25',14,1),(107,'2011-07-25',19,1),(89,'2011-07-25',23,1),(85,'2011-07-25',23,1),(107,'2011-07-26',0,1),(101,'2011-07-26',0,1),(87,'2011-07-26',1,1),(88,'2011-07-26',3,1),(105,'2011-07-26',4,1),(104,'2011-07-26',5,1),(100,'2011-07-26',8,1),(78,'2011-07-26',13,1),(98,'2011-07-26',20,1),(78,'2011-07-27',12,1),(80,'2011-07-27',12,1),(97,'2011-07-28',0,1),(82,'2011-07-28',1,1),(95,'2011-07-28',2,1),(83,'2011-07-28',7,1),(86,'2011-07-28',9,1),(86,'2011-07-28',13,1),(88,'2011-07-28',14,1),(81,'2011-07-28',14,1),(96,'2011-07-28',15,1),(90,'2011-07-28',15,1),(87,'2011-07-28',17,1),(88,'2011-07-28',17,1),(100,'2011-07-28',17,1),(87,'2011-07-28',18,1),(90,'2011-07-28',22,1),(98,'2011-07-28',22,1),(83,'2011-07-28',23,1),(105,'2011-07-29',3,1),(81,'2011-07-29',4,1),(80,'2011-07-29',4,1),(96,'2011-07-29',5,1),(78,'2011-07-29',6,1),(85,'2011-07-29',6,1),(89,'2011-07-29',6,1),(101,'2011-07-29',7,1),(95,'2011-07-29',8,1),(98,'2011-07-29',13,1),(78,'2011-07-30',5,1),(80,'2011-07-30',15,1),(101,'2011-07-31',12,1),(88,'2011-07-31',14,1),(81,'2011-07-31',16,1),(90,'2011-07-31',17,1),(81,'2011-08-01',12,1),(85,'2011-08-01',13,1),(98,'2011-08-01',13,1),(86,'2011-08-01',14,1),(105,'2011-08-01',14,1),(89,'2011-08-01',15,1),(100,'2011-08-01',16,1),(98,'2011-08-01',17,1),(101,'2011-08-01',18,1),(89,'2011-08-01',19,1),(105,'2011-08-01',21,2),(85,'2011-08-01',21,1),(90,'2011-08-01',21,1),(83,'2011-08-01',22,1),(87,'2011-08-01',23,1),(96,'2011-08-02',0,1),(78,'2011-08-02',0,1),(95,'2011-08-02',0,1),(100,'2011-08-02',1,1),(80,'2011-08-02',1,1),(106,'2011-08-04',15,1),(99,'2011-08-04',19,1),(85,'2011-08-04',20,1),(101,'2011-08-04',20,1),(83,'2011-08-04',20,1),(91,'2011-08-04',21,1),(94,'2011-08-04',22,1),(92,'2011-08-04',22,1),(89,'2011-08-05',8,1),(82,'2011-08-05',8,1),(95,'2011-08-05',8,1),(98,'2011-08-05',11,1),(100,'2011-08-05',13,1),(91,'2011-08-05',15,1),(81,'2011-08-05',16,1),(96,'2011-08-05',21,1),(95,'2011-08-05',21,1),(83,'2011-08-05',22,1),(90,'2011-08-05',22,1),(78,'2011-08-05',22,1),(80,'2011-08-06',0,1),(87,'2011-08-06',0,1),(88,'2011-08-06',0,1),(86,'2011-08-06',0,1),(85,'2011-08-06',1,1),(82,'2011-08-06',11,1),(95,'2011-08-06',15,1),(91,'2011-08-06',16,1),(101,'2011-08-07',15,1),(105,'2011-08-08',1,1),(88,'2011-08-08',12,1),(101,'2011-08-08',15,1),(101,'2011-08-08',16,1),(105,'2011-08-09',5,1),(83,'2011-08-10',7,1),(81,'2011-08-10',14,1),(100,'2011-08-10',16,1),(85,'2011-08-10',17,1),(89,'2011-08-10',18,1),(105,'2011-08-10',20,1),(98,'2011-08-10',20,1),(78,'2011-08-10',21,1),(96,'2011-08-11',1,1),(90,'2011-08-11',2,1),(78,'2011-08-11',3,1),(95,'2011-08-11',3,1),(87,'2011-08-11',3,1),(80,'2011-08-11',3,1),(86,'2011-08-11',3,1),(101,'2011-08-11',7,1),(93,'2011-08-11',10,1),(88,'2011-08-11',13,1),(101,'2011-08-13',6,1),(90,'2011-08-13',6,1),(78,'2011-08-13',10,1),(88,'2011-08-13',11,1),(83,'2011-08-14',4,1),(107,'2011-08-14',15,1),(101,'2011-08-15',5,1),(90,'2011-08-15',10,1),(78,'2011-08-15',11,1),(88,'2011-08-15',13,1),(93,'2011-08-16',15,1),(104,'2011-08-16',16,1),(82,'2011-08-16',19,1),(97,'2011-08-16',23,1),(101,'2011-08-17',8,1),(81,'2011-08-17',10,1),(97,'2011-08-17',14,1),(90,'2011-08-17',16,1),(78,'2011-08-17',17,1),(88,'2011-08-17',18,1),(85,'2011-08-18',9,1),(86,'2012-02-09',9,1),(95,'2012-02-09',9,1),(80,'2012-02-09',9,1),(78,'2012-02-09',10,2),(80,'2012-02-09',11,1),(95,'2012-02-09',12,1),(78,'2012-02-09',16,2),(104,'2012-02-09',16,1),(94,'2012-02-09',16,1),(91,'2012-02-09',17,1),(99,'2012-02-09',17,1),(97,'2012-02-09',19,1),(106,'2012-02-09',19,1),(89,'2012-02-09',19,1),(82,'2012-02-09',19,1),(93,'2012-02-09',19,1),(78,'2012-02-10',7,1),(78,'2012-02-10',10,1),(106,'2012-02-10',11,1),(85,'2012-02-10',11,1),(78,'2012-02-10',11,2),(90,'2012-02-10',11,1),(95,'2012-02-10',11,1),(78,'2012-02-10',14,2),(99,'2012-02-10',14,1),(95,'2012-02-10',14,1),(78,'2012-02-10',17,1),(91,'2012-02-10',17,1),(87,'2012-02-10',17,1),(85,'2012-02-10',17,1),(99,'2012-02-10',18,1),(80,'2012-02-10',18,1),(90,'2012-02-10',18,1),(78,'2012-02-10',18,1),(78,'2012-02-11',21,1),(81,'2012-02-12',10,1),(78,'2012-02-13',8,1),(78,'2012-02-14',18,2),(86,'2012-02-14',18,1),(78,'2012-02-14',22,1),(78,'2012-02-15',9,1),(78,'2012-02-20',18,1),(78,'2012-02-20',21,1),(78,'2012-02-21',7,1),(83,'2012-02-21',7,1),(90,'2012-02-21',10,1),(97,'2012-02-21',10,1),(101,'2012-02-21',12,1),(96,'2012-02-21',13,1),(85,'2012-02-21',17,1),(83,'2012-02-21',17,1),(78,'2012-02-21',17,1),(101,'2012-02-21',21,1),(97,'2012-02-22',11,1),(83,'2012-02-22',11,2),(91,'2012-02-22',11,1),(93,'2012-02-22',11,1),(94,'2012-02-22',11,1),(90,'2012-02-22',13,1),(92,'2012-02-22',14,1),(78,'2012-02-22',15,1),(78,'2012-02-23',12,1),(86,'2012-02-23',12,1),(93,'2012-02-23',12,1),(89,'2012-02-23',12,1),(78,'2012-02-23',13,1),(86,'2012-02-23',13,1),(85,'2012-02-23',13,1),(107,'2012-02-23',13,1),(91,'2012-02-23',13,1),(91,'2012-02-23',14,1),(78,'2012-02-23',15,1),(88,'2012-02-23',22,1),(107,'2012-02-27',11,1),(78,'2012-02-27',14,1),(92,'2012-02-27',14,1),(94,'2012-02-27',14,1),(91,'2012-02-27',14,1),(78,'2012-02-27',20,2),(91,'2012-02-27',20,2),(95,'2012-02-27',20,1),(89,'2012-02-28',7,1),(101,'2012-02-28',7,1),(78,'2012-02-28',10,1),(99,'2012-02-28',12,1),(91,'2012-02-28',12,2),(93,'2012-02-28',12,2),(94,'2012-02-28',12,2),(92,'2012-02-28',12,2),(80,'2012-02-28',13,2),(78,'2012-02-28',13,1),(86,'2012-02-28',14,1),(100,'2012-02-28',16,1),(89,'2012-02-28',16,1),(101,'2012-02-28',16,1),(105,'2012-02-28',16,1),(98,'2012-02-28',16,1),(104,'2012-02-28',16,1),(82,'2012-02-28',16,1),(85,'2012-02-28',16,1),(107,'2012-02-28',16,1),(99,'2012-02-28',16,1),(106,'2012-02-28',16,1),(78,'2012-02-28',16,2),(95,'2012-02-28',16,1),(91,'2012-02-28',16,1),(92,'2012-02-28',17,1),(94,'2012-02-28',17,1),(93,'2012-02-28',17,1),(78,'2012-02-28',20,1),(106,'2012-02-28',20,1),(78,'2012-02-28',21,1),(87,'2012-02-28',23,1),(88,'2012-02-28',23,1),(92,'2012-02-29',10,1),(91,'2012-02-29',10,1),(86,'2012-02-29',11,1),(97,'2012-02-29',11,1),(81,'2012-02-29',11,1),(107,'2012-02-29',11,1),(78,'2012-02-29',11,1),(89,'2012-02-29',13,1),(78,'2012-02-29',13,1),(95,'2012-02-29',13,1),(86,'2012-02-29',13,1),(81,'2012-02-29',13,1),(87,'2012-02-29',13,1),(98,'2012-02-29',13,1),(78,'2012-02-29',17,1),(89,'2012-02-29',17,1),(101,'2012-02-29',17,1),(95,'2012-02-29',17,1),(86,'2012-02-29',17,1),(87,'2012-02-29',20,1),(92,'2012-02-29',20,1),(93,'2012-02-29',20,1),(97,'2012-03-01',1,1),(83,'2012-03-01',5,1),(80,'2012-03-01',5,1),(104,'2012-03-01',7,1),(90,'2012-03-01',10,1),(78,'2012-03-01',12,2),(80,'2012-03-01',12,1),(80,'2012-03-01',13,3),(80,'2012-03-01',15,1),(78,'2012-03-01',15,1),(79,'2012-03-01',15,1),(106,'2012-03-01',15,1),(85,'2012-03-01',15,1),(90,'2012-03-01',15,1),(99,'2012-03-01',15,1),(97,'2012-03-01',15,1),(96,'2012-03-01',15,1),(107,'2012-03-01',16,1),(95,'2012-03-01',17,1),(89,'2012-03-01',17,1),(97,'2012-03-01',17,1),(84,'2012-03-01',18,1),(80,'2012-03-02',7,1),(96,'2012-03-02',7,1),(85,'2012-03-02',16,1),(96,'2012-03-02',17,1),(78,'2012-03-04',8,1),(79,'2012-03-05',8,1),(82,'2012-03-05',8,1),(84,'2012-03-05',8,1),(87,'2012-03-05',8,1),(80,'2012-03-05',8,1),(78,'2012-03-05',8,1),(95,'2012-03-05',10,1),(84,'2012-03-05',10,1),(101,'2012-03-05',10,1),(97,'2012-03-05',10,1),(78,'2012-03-05',10,1),(90,'2012-03-05',12,1),(78,'2012-03-05',12,1),(98,'2012-03-05',13,1),(79,'2012-03-05',13,1),(97,'2012-03-05',16,1),(107,'2012-03-05',18,1),(91,'2012-03-05',19,1),(93,'2012-03-05',19,1),(94,'2012-03-05',19,1),(92,'2012-03-05',19,1),(89,'2012-03-05',19,1),(106,'2012-03-05',21,1),(89,'2012-03-06',9,1),(78,'2012-03-06',9,2),(91,'2012-03-06',16,1),(91,'2012-03-06',20,1),(89,'2012-03-06',21,1),(94,'2012-03-06',21,1),(85,'2012-03-07',7,1),(96,'2012-03-07',10,1),(81,'2012-03-07',10,1),(96,'2012-03-07',11,1),(83,'2012-03-07',11,1),(78,'2012-03-07',12,1),(79,'2012-03-07',12,1),(96,'2012-03-07',14,1),(78,'2012-03-07',14,1),(106,'2012-03-07',15,1),(99,'2012-03-07',15,2),(91,'2012-03-07',15,1),(78,'2012-03-07',16,1),(79,'2012-03-07',17,1),(78,'2012-03-08',9,3),(99,'2012-03-08',10,1),(91,'2012-03-08',10,1),(94,'2012-03-08',10,1),(89,'2012-03-08',10,1),(78,'2012-03-08',11,1),(79,'2012-03-08',11,1),(78,'2012-03-08',12,1),(97,'2012-03-08',12,1),(84,'2012-03-08',17,1),(79,'2012-03-08',17,1),(89,'2012-03-08',17,1),(95,'2012-03-08',17,1),(85,'2012-03-08',21,1),(107,'2012-03-08',21,1),(89,'2012-03-08',21,1),(101,'2012-03-08',21,2),(98,'2012-03-08',21,2),(105,'2012-03-08',21,1),(106,'2012-03-08',21,1),(99,'2012-03-08',21,1),(104,'2012-03-08',21,1),(100,'2012-03-08',21,1),(97,'2012-03-08',21,1),(81,'2012-03-08',21,1),(96,'2012-03-08',21,1),(95,'2012-03-08',21,1),(90,'2012-03-08',21,2),(78,'2012-03-08',21,3),(80,'2012-03-08',21,2),(79,'2012-03-08',21,1),(87,'2012-03-08',21,1),(88,'2012-03-08',21,1),(86,'2012-03-08',21,1),(84,'2012-03-08',21,1),(93,'2012-03-08',21,1),(91,'2012-03-08',21,1),(92,'2012-03-08',21,1),(94,'2012-03-08',21,1),(82,'2012-03-08',21,1),(83,'2012-03-08',21,1),(95,'2012-03-08',22,1),(88,'2012-03-08',22,1),(81,'2012-03-08',22,1),(90,'2012-03-09',2,1),(78,'2012-03-09',6,1),(88,'2012-03-09',8,1),(78,'2012-03-09',13,1),(93,'2012-03-10',11,1),(78,'2012-03-10',15,1),(101,'2012-03-10',18,1),(98,'2012-03-11',3,1),(95,'2012-03-11',13,1),(81,'2012-03-11',23,1),(78,'2012-03-12',9,1),(79,'2012-03-12',9,1),(101,'2012-03-12',11,1),(80,'2012-03-12',11,1),(91,'2012-03-12',11,1),(78,'2012-03-12',12,1),(89,'2012-03-12',15,1),(95,'2012-03-12',16,1),(79,'2012-03-12',16,1),(78,'2012-03-12',17,1),(78,'2012-03-13',9,2),(78,'2012-03-13',12,1),(88,'2012-03-13',14,1),(87,'2012-03-14',9,1),(78,'2012-03-14',12,1),(78,'2012-03-14',14,1),(79,'2012-03-15',10,1);
/*!40000 ALTER TABLE `RequestStats` ENABLE KEYS */;
UNLOCK TABLES;

--
-- Dumping data for table `Requests`
--

LOCK TABLES `Requests` WRITE;
/*!40000 ALTER TABLE `Requests` DISABLE KEYS */;
INSERT INTO `Requests` (`session_id`, `object_id`, `last_stats_update`) VALUES ('86bb25669cb7939c941ef38ba9cf89ae',0,'2010-10-06 11:53:47'),('0c391a8f1d69860fadcdabab39785145',0,'2010-10-06 11:53:47'),('0c391a8f1d69860fadcdabab39785145',21,'2010-10-06 11:53:48'),('0c391a8f1d69860fadcdabab39785145',20,'2010-10-06 11:53:48'),('0c391a8f1d69860fadcdabab39785145',44,'2010-10-06 11:53:48'),('0c391a8f1d69860fadcdabab39785145',3,'2010-10-06 11:53:48'),('0c391a8f1d69860fadcdabab39785145',39,'2010-10-06 11:53:49'),('0c391a8f1d69860fadcdabab39785145',1,'2010-10-06 11:53:49'),('d34b2e4f3db6d970869ceb0234130385',14,'2010-10-06 11:53:50'),('9e3dce7cc0587335f3db50383fc1f870',21,'2010-10-06 11:53:50'),('9e3dce7cc0587335f3db50383fc1f870',20,'2010-10-06 11:53:50'),('9e3dce7cc0587335f3db50383fc1f870',44,'2010-10-06 11:53:50'),('9e3dce7cc0587335f3db50383fc1f870',3,'2010-10-06 11:53:50'),('1a984ce6db7b80c94396ba6290d4a80e',31,'2010-10-06 11:53:50'),('9e3dce7cc0587335f3db50383fc1f870',39,'2010-10-06 11:53:50'),('9e3dce7cc0587335f3db50383fc1f870',1,'2010-10-06 11:53:50'),('e8a3bbbfd220f6267be5bb0a686ac2b9',21,'2010-10-06 11:53:51'),('e8a3bbbfd220f6267be5bb0a686ac2b9',20,'2010-10-06 11:53:51'),('e8a3bbbfd220f6267be5bb0a686ac2b9',44,'2010-10-06 11:53:51'),('e8a3bbbfd220f6267be5bb0a686ac2b9',3,'2010-10-06 11:53:51'),('e8a3bbbfd220f6267be5bb0a686ac2b9',39,'2010-10-06 11:53:52'),('e8a3bbbfd220f6267be5bb0a686ac2b9',1,'2010-10-06 11:53:52'),('0c391a8f1d69860fadcdabab39785145',31,'2010-10-06 11:54:31'),('0c391a8f1d69860fadcdabab39785145',46,'2010-10-06 11:54:31'),('0c391a8f1d69860fadcdabab39785145',5,'2010-10-06 11:54:31'),('0c391a8f1d69860fadcdabab39785145',6,'2010-10-06 11:54:31'),('0c391a8f1d69860fadcdabab39785145',33,'2010-10-06 11:54:31'),('0c391a8f1d69860fadcdabab39785145',48,'2010-10-06 11:54:31'),('0c391a8f1d69860fadcdabab39785145',49,'2010-10-06 11:54:31'),('0c391a8f1d69860fadcdabab39785145',50,'2010-10-06 11:54:31'),('0c391a8f1d69860fadcdabab39785145',8,'2010-10-06 11:54:31'),('0c391a8f1d69860fadcdabab39785145',4,'2010-10-06 11:54:31'),('0c391a8f1d69860fadcdabab39785145',14,'2010-10-06 11:54:31'),('0c391a8f1d69860fadcdabab39785145',7,'2010-10-06 11:54:31'),('f04ceff44631469307f03020a2b18bbe',0,'2010-10-06 11:55:10'),('68a0dc48c234c99fdc7c8d88c7ff4bcc',0,'2010-10-06 11:55:12'),('471a65fe8a0356b521aad157726b4cfd',31,'2010-10-06 11:55:29'),('471a65fe8a0356b521aad157726b4cfd',3,'2010-10-06 11:55:29'),('471a65fe8a0356b521aad157726b4cfd',46,'2010-10-06 11:55:29'),('471a65fe8a0356b521aad157726b4cfd',2,'2010-10-06 11:55:29'),('471a65fe8a0356b521aad157726b4cfd',33,'2010-10-06 11:55:29'),('471a65fe8a0356b521aad157726b4cfd',48,'2010-10-06 11:55:29'),('471a65fe8a0356b521aad157726b4cfd',49,'2010-10-06 11:55:29'),('471a65fe8a0356b521aad157726b4cfd',50,'2010-10-06 11:55:29'),('e0282993b2252d2e0e43fd41d327e981',5,'2010-10-06 11:56:04'),('e0282993b2252d2e0e43fd41d327e981',32,'2010-10-06 11:56:04'),('e0282993b2252d2e0e43fd41d327e981',1,'2010-10-06 11:56:04'),('e0282993b2252d2e0e43fd41d327e981',31,'2010-10-06 11:56:04'),('e0282993b2252d2e0e43fd41d327e981',45,'2010-10-06 11:56:04'),('e0282993b2252d2e0e43fd41d327e981',46,'2010-10-06 11:56:04'),('f026716fe3496049f125e545c4a8ef28',0,'2010-10-06 11:56:30'),('2b8bdc982af11bcfa75002122545f607',51,'2010-10-06 11:57:10'),('3ffa62519ab8580cd320ab067b404317',44,'2010-10-06 11:57:49'),('3cbf1e7122264847977e5c7081bd9be9',31,'2010-10-06 11:57:50'),('0fdd3dc524fb24dfe127314824a23bf6',0,'2010-10-06 11:59:11'),('41872f3d60a1fe4d2b82a919760302d4',5,'2010-10-06 11:59:20'),('41872f3d60a1fe4d2b82a919760302d4',32,'2010-10-06 11:59:20'),('41872f3d60a1fe4d2b82a919760302d4',10,'2010-10-06 11:59:20'),('41872f3d60a1fe4d2b82a919760302d4',31,'2010-10-06 11:59:20'),('41872f3d60a1fe4d2b82a919760302d4',45,'2010-10-06 11:59:20'),('41872f3d60a1fe4d2b82a919760302d4',46,'2010-10-06 11:59:20'),('e1345a530d0c0772eaa86b4a866c2449',32,'2010-10-06 12:00:09'),('e1345a530d0c0772eaa86b4a866c2449',33,'2010-10-06 12:00:09'),('e1345a530d0c0772eaa86b4a866c2449',48,'2010-10-06 12:00:09'),('e1345a530d0c0772eaa86b4a866c2449',49,'2010-10-06 12:00:09'),('e1345a530d0c0772eaa86b4a866c2449',50,'2010-10-06 12:00:09'),('e1345a530d0c0772eaa86b4a866c2449',51,'2010-10-06 12:00:09'),('e1345a530d0c0772eaa86b4a866c2449',36,'2010-10-06 12:00:09'),('e1345a530d0c0772eaa86b4a866c2449',1,'2010-10-06 12:00:09'),('b2befc3ecd1e04fadd1bcf9ffc6378f7',0,'2010-10-06 12:00:27'),('ab1ac3d1fb5ebc27451ac4a8351daee6',0,'2010-10-06 12:00:31'),('36a7d6ef4fb128f23b8cfb082b0a0cbc',20,'2010-10-06 12:00:45'),('245aa4df8166c68cb63c036411da9021',16,'2010-10-06 12:01:35'),('0f0c9ecf545055d6d851c6f02107fc4d',10,'2010-10-06 12:01:51'),('0f0c9ecf545055d6d851c6f02107fc4d',46,'2010-10-06 12:01:51'),('0f0c9ecf545055d6d851c6f02107fc4d',32,'2010-10-06 12:01:51'),('0f0c9ecf545055d6d851c6f02107fc4d',5,'2010-10-06 12:01:51'),('0f0c9ecf545055d6d851c6f02107fc4d',31,'2010-10-06 12:01:51'),('0f0c9ecf545055d6d851c6f02107fc4d',45,'2010-10-06 12:01:51'),('0f0c9ecf545055d6d851c6f02107fc4d',1,'2010-10-06 12:01:51'),('361e8393e445506dde2afe683ad4f09b',31,'2010-10-06 12:02:28'),('361e8393e445506dde2afe683ad4f09b',45,'2010-10-06 12:02:28'),('361e8393e445506dde2afe683ad4f09b',46,'2010-10-06 12:02:28'),('361e8393e445506dde2afe683ad4f09b',32,'2010-10-06 12:02:28'),('361e8393e445506dde2afe683ad4f09b',33,'2010-10-06 12:02:29'),('361e8393e445506dde2afe683ad4f09b',48,'2010-10-06 12:02:29'),('361e8393e445506dde2afe683ad4f09b',49,'2010-10-06 12:02:29'),('361e8393e445506dde2afe683ad4f09b',50,'2010-10-06 12:02:29'),('361e8393e445506dde2afe683ad4f09b',51,'2010-10-06 12:02:29'),('9aa80ab991e448cdc66f46205b6e8649',17,'2010-10-06 12:02:38'),('9aa80ab991e448cdc66f46205b6e8649',1,'2010-10-06 12:02:38'),('9aa80ab991e448cdc66f46205b6e8649',16,'2010-10-06 12:02:38'),('9aa80ab991e448cdc66f46205b6e8649',18,'2010-10-06 12:02:38'),('a05ad4ccc1baec6c66f9b8dccffd5132',2,'2010-10-06 12:03:12'),('48242b4246ba975fd132d6fdb15af465',18,'2010-10-06 12:03:46'),('208717d83e9621f5aaa00c9786678f7c',31,'2010-10-06 12:04:32'),('208717d83e9621f5aaa00c9786678f7c',47,'2010-10-06 12:04:33'),('208717d83e9621f5aaa00c9786678f7c',10,'2010-10-06 12:04:33'),('208717d83e9621f5aaa00c9786678f7c',5,'2010-10-06 12:04:33'),('cb4126854811b128737793702de9007e',31,'2010-10-06 12:04:48'),('8eb8f59e2e587d4fa7aeec54e575955a',5,'2010-10-06 12:04:49'),('55332ad0718dbfb90ddf106b3be5342d',36,'2010-10-06 12:05:52'),('55332ad0718dbfb90ddf106b3be5342d',35,'2010-10-06 12:05:52'),('55332ad0718dbfb90ddf106b3be5342d',38,'2010-10-06 12:05:52'),('55332ad0718dbfb90ddf106b3be5342d',54,'2010-10-06 12:05:52'),('55332ad0718dbfb90ddf106b3be5342d',1,'2010-10-06 12:05:53'),('55332ad0718dbfb90ddf106b3be5342d',44,'2010-10-06 12:05:53'),('55332ad0718dbfb90ddf106b3be5342d',52,'2010-10-06 12:05:53'),('55332ad0718dbfb90ddf106b3be5342d',39,'2010-10-06 12:05:53'),('de9affa3f5990cd92f8af1208cd65291',18,'2010-10-06 12:05:56'),('0b8b7247dc4e2efcaa8fa78b2dc3c9a6',0,'2010-10-06 12:06:17'),('5778d805de195213da74a3d36bd26dd2',28,'2010-10-06 12:07:06'),('7c20b2bdfdee408d4219bbdc9d79b916',31,'2010-10-06 12:07:08'),('7c20b2bdfdee408d4219bbdc9d79b916',45,'2010-10-06 12:07:08'),('7c20b2bdfdee408d4219bbdc9d79b916',46,'2010-10-06 12:07:08'),('7c20b2bdfdee408d4219bbdc9d79b916',32,'2010-10-06 12:07:08'),('7c20b2bdfdee408d4219bbdc9d79b916',33,'2010-10-06 12:07:08'),('7c20b2bdfdee408d4219bbdc9d79b916',48,'2010-10-06 12:07:08'),('7c20b2bdfdee408d4219bbdc9d79b916',49,'2010-10-06 12:07:08'),('7c20b2bdfdee408d4219bbdc9d79b916',50,'2010-10-06 12:07:08'),('7c20b2bdfdee408d4219bbdc9d79b916',51,'2010-10-06 12:07:08'),('3372be7a82ddd1e45a45311fbd7742f1',2,'2010-10-06 12:07:12'),('53e428333465a14b8f2f047a2c08f9ee',2,'2010-10-06 12:08:33'),('35d51361e6004a74d0f3a1b84771a7ed',31,'2010-10-06 12:09:25'),('35d51361e6004a74d0f3a1b84771a7ed',46,'2010-10-06 12:09:25'),('35d51361e6004a74d0f3a1b84771a7ed',5,'2010-10-06 12:09:25'),('35d51361e6004a74d0f3a1b84771a7ed',6,'2010-10-06 12:09:25'),('35d51361e6004a74d0f3a1b84771a7ed',33,'2010-10-06 12:09:26'),('35d51361e6004a74d0f3a1b84771a7ed',48,'2010-10-06 12:09:26'),('35d51361e6004a74d0f3a1b84771a7ed',49,'2010-10-06 12:09:26'),('35d51361e6004a74d0f3a1b84771a7ed',50,'2010-10-06 12:09:26'),('35d51361e6004a74d0f3a1b84771a7ed',8,'2010-10-06 12:09:26'),('35d51361e6004a74d0f3a1b84771a7ed',4,'2010-10-06 12:09:26'),('35d51361e6004a74d0f3a1b84771a7ed',14,'2010-10-06 12:09:26'),('35d51361e6004a74d0f3a1b84771a7ed',7,'2010-10-06 12:09:26'),('35d51361e6004a74d0f3a1b84771a7ed',21,'2010-10-06 12:09:26'),('35d51361e6004a74d0f3a1b84771a7ed',20,'2010-10-06 12:09:26'),('35d51361e6004a74d0f3a1b84771a7ed',44,'2010-10-06 12:09:26'),('35d51361e6004a74d0f3a1b84771a7ed',3,'2010-10-06 12:09:26'),('35d51361e6004a74d0f3a1b84771a7ed',39,'2010-10-06 12:09:26'),('35d51361e6004a74d0f3a1b84771a7ed',1,'2010-10-06 12:09:26'),('d8b90c8f1116e9f31465af1e21396c43',7,'2010-10-06 12:09:28'),('d8b90c8f1116e9f31465af1e21396c43',2,'2010-10-06 12:09:28'),('d8b90c8f1116e9f31465af1e21396c43',4,'2010-10-06 12:09:28'),('d8b90c8f1116e9f31465af1e21396c43',21,'2010-10-06 12:09:28'),('d8b90c8f1116e9f31465af1e21396c43',20,'2010-10-06 12:09:28'),('d8b90c8f1116e9f31465af1e21396c43',3,'2010-10-06 12:09:28'),('d8b90c8f1116e9f31465af1e21396c43',24,'2010-10-06 12:09:28'),('d8b90c8f1116e9f31465af1e21396c43',16,'2010-10-06 12:09:28'),('d8b90c8f1116e9f31465af1e21396c43',17,'2010-10-06 12:09:28'),('9c7cf8bec29990c974e0c749466b8666',48,'2010-10-06 12:09:53'),('9c7cf8bec29990c974e0c749466b8666',51,'2010-10-06 12:09:53'),('9c7cf8bec29990c974e0c749466b8666',4,'2010-10-06 12:09:53'),('9c7cf8bec29990c974e0c749466b8666',25,'2010-10-06 12:09:53'),('8d37793c5d0de32c1a88f4f5ef3ea25b',3,'2010-10-06 12:10:22'),('cd1e784141cd6119baf14c04a70ae747',31,'2010-10-06 12:11:14'),('38f480df5a2b19fdf753c1f294cc0f00',32,'2010-10-06 12:11:26'),('38f480df5a2b19fdf753c1f294cc0f00',10,'2010-10-06 12:11:26'),('38f480df5a2b19fdf753c1f294cc0f00',5,'2010-10-06 12:11:26'),('907cdf9d3a270041218b2d93b8fe284c',32,'2010-10-06 12:11:48'),('907cdf9d3a270041218b2d93b8fe284c',33,'2010-10-06 12:11:48'),('907cdf9d3a270041218b2d93b8fe284c',48,'2010-10-06 12:11:48'),('907cdf9d3a270041218b2d93b8fe284c',49,'2010-10-06 12:11:48'),('907cdf9d3a270041218b2d93b8fe284c',50,'2010-10-06 12:11:48'),('907cdf9d3a270041218b2d93b8fe284c',51,'2010-10-06 12:11:48'),('907cdf9d3a270041218b2d93b8fe284c',36,'2010-10-06 12:11:48'),('907cdf9d3a270041218b2d93b8fe284c',35,'2010-10-06 12:11:48'),('907cdf9d3a270041218b2d93b8fe284c',38,'2010-10-06 12:11:48'),('98d368bafec5f2612c13c8a752654323',28,'2010-10-06 12:11:49'),('bc4ace0d2dc578e5c8137c2da437b278',28,'2010-10-06 12:12:34'),('bc4ace0d2dc578e5c8137c2da437b278',40,'2010-10-06 12:12:34'),('bc4ace0d2dc578e5c8137c2da437b278',39,'2010-10-06 12:12:34'),('bc4ace0d2dc578e5c8137c2da437b278',3,'2010-10-06 12:12:34'),('5842c85380e0d238457bcf5ec6d59cc6',7,'2010-10-06 12:12:35'),('5842c85380e0d238457bcf5ec6d59cc6',15,'2010-10-06 12:12:35'),('5842c85380e0d238457bcf5ec6d59cc6',13,'2010-10-06 12:12:35'),('5842c85380e0d238457bcf5ec6d59cc6',21,'2010-10-06 12:12:35'),('5842c85380e0d238457bcf5ec6d59cc6',20,'2010-10-06 12:12:35'),('5842c85380e0d238457bcf5ec6d59cc6',23,'2010-10-06 12:12:35'),('5842c85380e0d238457bcf5ec6d59cc6',24,'2010-10-06 12:12:35'),('5842c85380e0d238457bcf5ec6d59cc6',16,'2010-10-06 12:12:35'),('5842c85380e0d238457bcf5ec6d59cc6',17,'2010-10-06 12:12:35'),('2a34b6f6651b1eb634846a1b93a13863',21,'2010-10-06 12:12:49'),('2a34b6f6651b1eb634846a1b93a13863',20,'2010-10-06 12:12:49'),('2a34b6f6651b1eb634846a1b93a13863',44,'2010-10-06 12:12:50'),('2a34b6f6651b1eb634846a1b93a13863',3,'2010-10-06 12:12:50'),('2a34b6f6651b1eb634846a1b93a13863',39,'2010-10-06 12:12:50'),('2a34b6f6651b1eb634846a1b93a13863',1,'2010-10-06 12:12:50'),('2a34b6f6651b1eb634846a1b93a13863',31,'2010-10-06 12:12:50'),('2a34b6f6651b1eb634846a1b93a13863',46,'2010-10-06 12:12:50'),('2a34b6f6651b1eb634846a1b93a13863',5,'2010-10-06 12:12:50'),('2a34b6f6651b1eb634846a1b93a13863',6,'2010-10-06 12:12:50'),('2a34b6f6651b1eb634846a1b93a13863',33,'2010-10-06 12:12:50'),('2a34b6f6651b1eb634846a1b93a13863',48,'2010-10-06 12:12:50'),('2a34b6f6651b1eb634846a1b93a13863',49,'2010-10-06 12:12:50'),('2a34b6f6651b1eb634846a1b93a13863',50,'2010-10-06 12:12:50'),('2a34b6f6651b1eb634846a1b93a13863',8,'2010-10-06 12:12:50'),('2a34b6f6651b1eb634846a1b93a13863',4,'2010-10-06 12:12:51'),('2a34b6f6651b1eb634846a1b93a13863',14,'2010-10-06 12:12:51'),('2a34b6f6651b1eb634846a1b93a13863',7,'2010-10-06 12:12:51'),('5c58aaeb194d67aa5a7ab0c2c61734d3',0,'2010-10-06 12:13:51'),('5c58aaeb194d67aa5a7ab0c2c61734d3',3,'2010-10-06 12:13:51'),('14581c5c36ca93639ff275dbfce6ae3e',18,'2010-10-06 12:13:54'),('14581c5c36ca93639ff275dbfce6ae3e',19,'2010-10-06 12:13:54'),('14581c5c36ca93639ff275dbfce6ae3e',3,'2010-10-06 12:13:54'),('14581c5c36ca93639ff275dbfce6ae3e',28,'2010-10-06 12:13:54'),('14581c5c36ca93639ff275dbfce6ae3e',4,'2010-10-06 12:13:54'),('14581c5c36ca93639ff275dbfce6ae3e',2,'2010-10-06 12:13:54'),('14581c5c36ca93639ff275dbfce6ae3e',1,'2010-10-06 12:13:54'),('c5d61948e421bd10d37987646cc328f7',29,'2010-10-06 12:14:08'),('c5d61948e421bd10d37987646cc328f7',1,'2010-10-06 12:14:08'),('1a062be253e747a6ac9393aec2354282',12,'2010-10-06 12:14:50'),('7c6fd22479c67c3cfbc3370c6c567aa6',7,'2010-10-06 12:15:14'),('7c6fd22479c67c3cfbc3370c6c567aa6',15,'2010-10-06 12:15:14'),('7c6fd22479c67c3cfbc3370c6c567aa6',13,'2010-10-06 12:15:15'),('7c6fd22479c67c3cfbc3370c6c567aa6',21,'2010-10-06 12:15:15'),('7c6fd22479c67c3cfbc3370c6c567aa6',20,'2010-10-06 12:15:15'),('7c6fd22479c67c3cfbc3370c6c567aa6',23,'2010-10-06 12:15:15'),('7c6fd22479c67c3cfbc3370c6c567aa6',24,'2010-10-06 12:15:15'),('7c6fd22479c67c3cfbc3370c6c567aa6',16,'2010-10-06 12:15:15'),('7c6fd22479c67c3cfbc3370c6c567aa6',17,'2010-10-06 12:15:15'),('2a0616c2286d28f4c0f3c9308de2ede7',48,'2010-10-06 12:16:00'),('2a0616c2286d28f4c0f3c9308de2ede7',50,'2010-10-06 12:16:00'),('2a0616c2286d28f4c0f3c9308de2ede7',29,'2010-10-06 12:16:00'),('8925ca22778b7b9b199f1bee025c1bfa',7,'2010-10-06 12:16:35'),('8925ca22778b7b9b199f1bee025c1bfa',15,'2010-10-06 12:16:35'),('8925ca22778b7b9b199f1bee025c1bfa',13,'2010-10-06 12:16:35'),('8925ca22778b7b9b199f1bee025c1bfa',21,'2010-10-06 12:16:35'),('8925ca22778b7b9b199f1bee025c1bfa',20,'2010-10-06 12:16:35'),('8925ca22778b7b9b199f1bee025c1bfa',23,'2010-10-06 12:16:35'),('8925ca22778b7b9b199f1bee025c1bfa',24,'2010-10-06 12:16:35'),('8925ca22778b7b9b199f1bee025c1bfa',16,'2010-10-06 12:16:35'),('8925ca22778b7b9b199f1bee025c1bfa',17,'2010-10-06 12:16:35'),('92b937782b94a51b0f3576a7c521860f',19,'2010-10-06 12:17:04'),('92b937782b94a51b0f3576a7c521860f',3,'2010-10-06 12:17:04'),('6f23edb3f64fec93871ac83b87f71714',17,'2010-10-06 12:17:21'),('6f23edb3f64fec93871ac83b87f71714',28,'2010-10-06 12:17:21'),('2cbd3c87ef2e5ab548b0ddfc079d1136',18,'2010-10-06 12:17:55'),('2cbd3c87ef2e5ab548b0ddfc079d1136',19,'2010-10-06 12:17:55'),('2cbd3c87ef2e5ab548b0ddfc079d1136',3,'2010-10-06 12:17:55'),('2cbd3c87ef2e5ab548b0ddfc079d1136',28,'2010-10-06 12:17:55'),('2cbd3c87ef2e5ab548b0ddfc079d1136',29,'2010-10-06 12:17:55'),('2cbd3c87ef2e5ab548b0ddfc079d1136',2,'2010-10-06 12:17:55'),('2cbd3c87ef2e5ab548b0ddfc079d1136',1,'2010-10-06 12:17:55'),('cebdef2df9d1de03db4ad020fd7f117d',51,'2010-10-06 12:18:44'),('efb2fde505465143880fff7803986f1a',49,'2010-10-06 12:18:47'),('efb2fde505465143880fff7803986f1a',48,'2010-10-06 12:18:48'),('efb2fde505465143880fff7803986f1a',33,'2010-10-06 12:18:48'),('efb2fde505465143880fff7803986f1a',50,'2010-10-06 12:18:48'),('efb2fde505465143880fff7803986f1a',51,'2010-10-06 12:18:48'),('3dc7f12efb2fc9c7fb290322b234b3d8',31,'2010-10-06 12:19:15'),('3dc7f12efb2fc9c7fb290322b234b3d8',45,'2010-10-06 12:19:15'),('3dc7f12efb2fc9c7fb290322b234b3d8',46,'2010-10-06 12:19:15'),('3dc7f12efb2fc9c7fb290322b234b3d8',32,'2010-10-06 12:19:16'),('3dc7f12efb2fc9c7fb290322b234b3d8',33,'2010-10-06 12:19:16'),('3dc7f12efb2fc9c7fb290322b234b3d8',48,'2010-10-06 12:19:16'),('3dc7f12efb2fc9c7fb290322b234b3d8',49,'2010-10-06 12:19:16'),('3dc7f12efb2fc9c7fb290322b234b3d8',50,'2010-10-06 12:19:16'),('3dc7f12efb2fc9c7fb290322b234b3d8',51,'2010-10-06 12:19:16'),('b6f1a8c38a0b0b258da77b2575ed07d3',12,'2010-10-06 12:19:22'),('3f9cd732082abaa360a20f9e17e66321',31,'2010-10-06 12:20:20'),('3f9cd732082abaa360a20f9e17e66321',46,'2010-10-06 12:20:20'),('3f9cd732082abaa360a20f9e17e66321',5,'2010-10-06 12:20:20'),('3f9cd732082abaa360a20f9e17e66321',6,'2010-10-06 12:20:20'),('3f9cd732082abaa360a20f9e17e66321',33,'2010-10-06 12:20:20'),('3f9cd732082abaa360a20f9e17e66321',48,'2010-10-06 12:20:20'),('3f9cd732082abaa360a20f9e17e66321',49,'2010-10-06 12:20:20'),('3f9cd732082abaa360a20f9e17e66321',50,'2010-10-06 12:20:20'),('3f9cd732082abaa360a20f9e17e66321',8,'2010-10-06 12:20:20'),('3f9cd732082abaa360a20f9e17e66321',4,'2010-10-06 12:20:20'),('3f9cd732082abaa360a20f9e17e66321',14,'2010-10-06 12:20:20'),('3f9cd732082abaa360a20f9e17e66321',7,'2010-10-06 12:20:20'),('3f9cd732082abaa360a20f9e17e66321',21,'2010-10-06 12:20:20'),('3f9cd732082abaa360a20f9e17e66321',20,'2010-10-06 12:20:20'),('3f9cd732082abaa360a20f9e17e66321',44,'2010-10-06 12:20:20'),('3f9cd732082abaa360a20f9e17e66321',3,'2010-10-06 12:20:20'),('3f9cd732082abaa360a20f9e17e66321',39,'2010-10-06 12:20:20'),('3f9cd732082abaa360a20f9e17e66321',1,'2010-10-06 12:20:20'),('6007aa33065d3b335289fd58646aa8dd',52,'2010-10-06 12:20:36'),('6007aa33065d3b335289fd58646aa8dd',40,'2010-10-06 12:20:36'),('6007aa33065d3b335289fd58646aa8dd',39,'2010-10-06 12:20:36'),('6007aa33065d3b335289fd58646aa8dd',41,'2010-10-06 12:20:36'),('6007aa33065d3b335289fd58646aa8dd',1,'2010-10-06 12:20:36'),('6007aa33065d3b335289fd58646aa8dd',5,'2010-10-06 12:20:36'),('6007aa33065d3b335289fd58646aa8dd',12,'2010-10-06 12:20:36'),('6007aa33065d3b335289fd58646aa8dd',6,'2010-10-06 12:20:36'),('6007aa33065d3b335289fd58646aa8dd',9,'2010-10-06 12:20:36'),('74f2c7f5e1c585138eeeed11ee009f4d',31,'2010-10-06 12:21:08'),('74f2c7f5e1c585138eeeed11ee009f4d',45,'2010-10-06 12:21:08'),('74f2c7f5e1c585138eeeed11ee009f4d',46,'2010-10-06 12:21:08'),('74f2c7f5e1c585138eeeed11ee009f4d',32,'2010-10-06 12:21:08'),('74f2c7f5e1c585138eeeed11ee009f4d',33,'2010-10-06 12:21:08'),('74f2c7f5e1c585138eeeed11ee009f4d',48,'2010-10-06 12:21:08'),('74f2c7f5e1c585138eeeed11ee009f4d',49,'2010-10-06 12:21:08'),('74f2c7f5e1c585138eeeed11ee009f4d',50,'2010-10-06 12:21:08'),('74f2c7f5e1c585138eeeed11ee009f4d',51,'2010-10-06 12:21:08'),('7c859b171fb84fe636be078050296ac3',48,'2010-10-06 12:21:42'),('7c859b171fb84fe636be078050296ac3',49,'2010-10-06 12:21:42'),('71c67ab56e07d47bb583c9c7afbdb5fd',1,'2010-10-06 12:21:56'),('079acaa956dd988c5e8f3ddd1ed0111b',31,'2010-10-06 12:22:53'),('6a3c8e3a9e1a07c2edd092193ad9c7cb',40,'2010-10-06 12:22:54'),('c33bb0bbeb128aaea7655ccd59965e0a',52,'2010-10-06 12:23:16'),('c33bb0bbeb128aaea7655ccd59965e0a',40,'2010-10-06 12:23:16'),('c33bb0bbeb128aaea7655ccd59965e0a',39,'2010-10-06 12:23:16'),('c33bb0bbeb128aaea7655ccd59965e0a',41,'2010-10-06 12:23:16'),('c33bb0bbeb128aaea7655ccd59965e0a',42,'2010-10-06 12:23:16'),('c33bb0bbeb128aaea7655ccd59965e0a',5,'2010-10-06 12:23:16'),('c33bb0bbeb128aaea7655ccd59965e0a',12,'2010-10-06 12:23:16'),('c33bb0bbeb128aaea7655ccd59965e0a',6,'2010-10-06 12:23:17'),('c33bb0bbeb128aaea7655ccd59965e0a',9,'2010-10-06 12:23:17'),('c18de181065e4ca5f8ab8a2e41845b80',31,'2010-10-06 12:23:27'),('c18de181065e4ca5f8ab8a2e41845b80',46,'2010-10-06 12:23:27'),('f471b103c383d2869eb02ea8aa9db92a',50,'2010-10-06 12:24:02'),('f471b103c383d2869eb02ea8aa9db92a',51,'2010-10-06 12:24:03'),('f471b103c383d2869eb02ea8aa9db92a',1,'2010-10-06 12:24:03'),('8b88215854afe7aada64411652a55c75',21,'2010-10-06 12:24:37'),('8b88215854afe7aada64411652a55c75',20,'2010-10-06 12:24:37'),('8b88215854afe7aada64411652a55c75',23,'2010-10-06 12:24:37'),('8b88215854afe7aada64411652a55c75',24,'2010-10-06 12:24:37'),('8b88215854afe7aada64411652a55c75',16,'2010-10-06 12:24:37'),('8b88215854afe7aada64411652a55c75',17,'2010-10-06 12:24:37'),('8b88215854afe7aada64411652a55c75',18,'2010-10-06 12:24:37'),('8b88215854afe7aada64411652a55c75',19,'2010-10-06 12:24:37'),('8b88215854afe7aada64411652a55c75',3,'2010-10-06 12:24:37'),('016fbc61444973a86366779b1fd8417a',45,'2010-10-06 12:25:11'),('042eb63ef2a4f233b818347ff709e9f6',12,'2010-10-06 12:25:47'),('042eb63ef2a4f233b818347ff709e9f6',6,'2010-10-06 12:25:47'),('042eb63ef2a4f233b818347ff709e9f6',9,'2010-10-06 12:25:47'),('042eb63ef2a4f233b818347ff709e9f6',25,'2010-10-06 12:25:47'),('042eb63ef2a4f233b818347ff709e9f6',2,'2010-10-06 12:25:48'),('042eb63ef2a4f233b818347ff709e9f6',7,'2010-10-06 12:25:48'),('042eb63ef2a4f233b818347ff709e9f6',8,'2010-10-06 12:25:48'),('042eb63ef2a4f233b818347ff709e9f6',4,'2010-10-06 12:25:48'),('042eb63ef2a4f233b818347ff709e9f6',14,'2010-10-06 12:25:48'),('b280e21c28d97552fb0528a71e60d5eb',21,'2010-10-06 12:25:57'),('b280e21c28d97552fb0528a71e60d5eb',20,'2010-10-06 12:25:57'),('b280e21c28d97552fb0528a71e60d5eb',23,'2010-10-06 12:25:57'),('b280e21c28d97552fb0528a71e60d5eb',24,'2010-10-06 12:25:57'),('b280e21c28d97552fb0528a71e60d5eb',16,'2010-10-06 12:25:57'),('b280e21c28d97552fb0528a71e60d5eb',17,'2010-10-06 12:25:57'),('b280e21c28d97552fb0528a71e60d5eb',18,'2010-10-06 12:25:57'),('b280e21c28d97552fb0528a71e60d5eb',19,'2010-10-06 12:25:58'),('b280e21c28d97552fb0528a71e60d5eb',3,'2010-10-06 12:25:58'),('4cfd4720ef2093ad1affb380a765177f',50,'2010-10-06 12:26:20'),('4cfd4720ef2093ad1affb380a765177f',51,'2010-10-06 12:26:20'),('549a417cfd2120dc22d381ed50900398',5,'2010-10-06 12:27:17'),('6b64dc839bf3d4bb556dd9303f7b68cf',31,'2010-10-06 12:27:30'),('5a848945e3fd79490e188719cb4e5bf1',31,'2010-10-06 12:28:07'),('5a848945e3fd79490e188719cb4e5bf1',45,'2010-10-06 12:28:07'),('5a848945e3fd79490e188719cb4e5bf1',46,'2010-10-06 12:28:07'),('5a848945e3fd79490e188719cb4e5bf1',32,'2010-10-06 12:28:07'),('5a848945e3fd79490e188719cb4e5bf1',33,'2010-10-06 12:28:07'),('5a848945e3fd79490e188719cb4e5bf1',48,'2010-10-06 12:28:07'),('5a848945e3fd79490e188719cb4e5bf1',49,'2010-10-06 12:28:07'),('5a848945e3fd79490e188719cb4e5bf1',50,'2010-10-06 12:28:07'),('5a848945e3fd79490e188719cb4e5bf1',51,'2010-10-06 12:28:07'),('4d1e3cfc7ea06cfc53c6be3532baa711',2,'2010-10-06 12:28:25'),('4d1e3cfc7ea06cfc53c6be3532baa711',30,'2010-10-06 12:28:25'),('8a9dd2a5feb065c83e220ce4d5ed25d6',2,'2010-10-06 12:28:37'),('8a9dd2a5feb065c83e220ce4d5ed25d6',30,'2010-10-06 12:28:37'),('82e539790cd0db7ebe3ef0371222842c',48,'2010-10-06 12:28:39'),('82e539790cd0db7ebe3ef0371222842c',49,'2010-10-06 12:28:39'),('82e539790cd0db7ebe3ef0371222842c',50,'2010-10-06 12:28:39'),('82e539790cd0db7ebe3ef0371222842c',33,'2010-10-06 12:28:39'),('82e539790cd0db7ebe3ef0371222842c',51,'2010-10-06 12:28:39'),('82e539790cd0db7ebe3ef0371222842c',9,'2010-10-06 12:28:39'),('8dc262566c3fabc0a31b5b4d05706437',48,'2010-10-06 12:29:48'),('8dc262566c3fabc0a31b5b4d05706437',50,'2010-10-06 12:29:48'),('8dc262566c3fabc0a31b5b4d05706437',29,'2010-10-06 12:29:48'),('7f84f9f00485ffbb9b4324bf4ba1b2dc',28,'2010-10-06 12:29:58'),('7f84f9f00485ffbb9b4324bf4ba1b2dc',29,'2010-10-06 12:29:58'),('7f84f9f00485ffbb9b4324bf4ba1b2dc',2,'2010-10-06 12:29:58'),('7f84f9f00485ffbb9b4324bf4ba1b2dc',1,'2010-10-06 12:29:58'),('9b739e77765872f7a70fcf99a14c9517',32,'2010-10-06 12:30:27'),('9b739e77765872f7a70fcf99a14c9517',33,'2010-10-06 12:30:27'),('9b739e77765872f7a70fcf99a14c9517',48,'2010-10-06 12:30:27'),('9b739e77765872f7a70fcf99a14c9517',49,'2010-10-06 12:30:27'),('9b739e77765872f7a70fcf99a14c9517',50,'2010-10-06 12:30:27'),('9b739e77765872f7a70fcf99a14c9517',51,'2010-10-06 12:30:27'),('9b739e77765872f7a70fcf99a14c9517',36,'2010-10-06 12:30:27'),('9b739e77765872f7a70fcf99a14c9517',35,'2010-10-06 12:30:27'),('9b739e77765872f7a70fcf99a14c9517',38,'2010-10-06 12:30:27'),('aed3503ac3e6a01e2ca2c43097dd92d5',2,'2010-10-06 12:30:59'),('aed3503ac3e6a01e2ca2c43097dd92d5',30,'2010-10-06 12:30:59'),('d7a7975d83aaf42cfda8d63dd14b6c7e',41,'2010-10-06 12:31:18'),('d7a7975d83aaf42cfda8d63dd14b6c7e',42,'2010-10-06 12:31:18'),('d7a7975d83aaf42cfda8d63dd14b6c7e',5,'2010-10-06 12:31:18'),('d7a7975d83aaf42cfda8d63dd14b6c7e',12,'2010-10-06 12:31:18'),('d7a7975d83aaf42cfda8d63dd14b6c7e',6,'2010-10-06 12:31:18'),('d7a7975d83aaf42cfda8d63dd14b6c7e',9,'2010-10-06 12:31:18'),('d7a7975d83aaf42cfda8d63dd14b6c7e',25,'2010-10-06 12:31:18'),('d7a7975d83aaf42cfda8d63dd14b6c7e',26,'2010-10-06 12:31:18'),('d7a7975d83aaf42cfda8d63dd14b6c7e',27,'2010-10-06 12:31:18'),('0a1c0d31522ff72f09204b02ea514ce0',24,'2010-10-06 12:32:39'),('0a1c0d31522ff72f09204b02ea514ce0',16,'2010-10-06 12:32:39'),('0a1c0d31522ff72f09204b02ea514ce0',17,'2010-10-06 12:32:39'),('0a1c0d31522ff72f09204b02ea514ce0',18,'2010-10-06 12:32:39'),('0a1c0d31522ff72f09204b02ea514ce0',19,'2010-10-06 12:32:39'),('0a1c0d31522ff72f09204b02ea514ce0',3,'2010-10-06 12:32:39'),('0a1c0d31522ff72f09204b02ea514ce0',28,'2010-10-06 12:32:39'),('0a1c0d31522ff72f09204b02ea514ce0',29,'2010-10-06 12:32:39'),('0a1c0d31522ff72f09204b02ea514ce0',2,'2010-10-06 12:32:39'),('fa173d171acadd9975ab7b2ad922edae',31,'2010-10-06 12:32:47'),('86306ff4446f437e86aca2b5d6b415c2',28,'2010-10-06 12:33:19'),('86306ff4446f437e86aca2b5d6b415c2',2,'2010-10-06 12:33:19'),('86306ff4446f437e86aca2b5d6b415c2',30,'2010-10-06 12:33:19'),('86306ff4446f437e86aca2b5d6b415c2',1,'2010-10-06 12:33:19'),('e5dc4d33cbf0e9772d3e8733e04b457b',2,'2010-10-06 12:33:57'),('c08d87d5b5839b3e934af3ceed2fcc81',25,'2010-10-06 12:33:59'),('c08d87d5b5839b3e934af3ceed2fcc81',26,'2010-10-06 12:33:59'),('c08d87d5b5839b3e934af3ceed2fcc81',27,'2010-10-06 12:33:59'),('c08d87d5b5839b3e934af3ceed2fcc81',8,'2010-10-06 12:33:59'),('c08d87d5b5839b3e934af3ceed2fcc81',4,'2010-10-06 12:33:59'),('c08d87d5b5839b3e934af3ceed2fcc81',14,'2010-10-06 12:33:59'),('c08d87d5b5839b3e934af3ceed2fcc81',7,'2010-10-06 12:33:59'),('c08d87d5b5839b3e934af3ceed2fcc81',15,'2010-10-06 12:33:59'),('c08d87d5b5839b3e934af3ceed2fcc81',13,'2010-10-06 12:33:59'),('1ba97229ea419ed86eb0bf02bf1eba61',31,'2010-10-06 12:34:28'),('1ba97229ea419ed86eb0bf02bf1eba61',45,'2010-10-06 12:34:28'),('1ba97229ea419ed86eb0bf02bf1eba61',46,'2010-10-06 12:34:28'),('1ba97229ea419ed86eb0bf02bf1eba61',10,'2010-10-06 12:34:28'),('1ba97229ea419ed86eb0bf02bf1eba61',32,'2010-10-06 12:34:28'),('1ba97229ea419ed86eb0bf02bf1eba61',47,'2010-10-06 12:34:28'),('1ba97229ea419ed86eb0bf02bf1eba61',5,'2010-10-06 12:34:28'),('3a4de74a28ec31b7c2e8df7601a2b118',48,'2010-10-06 12:35:07'),('3a4de74a28ec31b7c2e8df7601a2b118',26,'2010-10-06 12:35:07'),('3a4de74a28ec31b7c2e8df7601a2b118',27,'2010-10-06 12:35:07'),('3a4de74a28ec31b7c2e8df7601a2b118',8,'2010-10-06 12:35:07'),('7ca252e21cfa8c72414a028d48616bef',18,'2010-10-06 12:35:19'),('7ca252e21cfa8c72414a028d48616bef',19,'2010-10-06 12:35:19'),('7ca252e21cfa8c72414a028d48616bef',3,'2010-10-06 12:35:19'),('7ca252e21cfa8c72414a028d48616bef',28,'2010-10-06 12:35:19'),('7ca252e21cfa8c72414a028d48616bef',29,'2010-10-06 12:35:19'),('7ca252e21cfa8c72414a028d48616bef',2,'2010-10-06 12:35:19'),('7ca252e21cfa8c72414a028d48616bef',1,'2010-10-06 12:35:19'),('04940102ee3ee98e646c311630368cab',12,'2010-10-06 12:35:37'),('04940102ee3ee98e646c311630368cab',31,'2010-10-06 12:35:37'),('04940102ee3ee98e646c311630368cab',45,'2010-10-06 12:35:37'),('04940102ee3ee98e646c311630368cab',46,'2010-10-06 12:35:37'),('c29bf4c918a06b64f359ccc2fec79a01',21,'2010-10-06 12:35:55'),('c29bf4c918a06b64f359ccc2fec79a01',20,'2010-10-06 12:35:55'),('c29bf4c918a06b64f359ccc2fec79a01',44,'2010-10-06 12:35:55'),('c29bf4c918a06b64f359ccc2fec79a01',3,'2010-10-06 12:35:55'),('c29bf4c918a06b64f359ccc2fec79a01',39,'2010-10-06 12:35:55'),('c29bf4c918a06b64f359ccc2fec79a01',1,'2010-10-06 12:35:55'),('c29bf4c918a06b64f359ccc2fec79a01',31,'2010-10-06 12:35:55'),('c29bf4c918a06b64f359ccc2fec79a01',46,'2010-10-06 12:35:55'),('c29bf4c918a06b64f359ccc2fec79a01',5,'2010-10-06 12:35:55'),('c29bf4c918a06b64f359ccc2fec79a01',6,'2010-10-06 12:35:55'),('c29bf4c918a06b64f359ccc2fec79a01',33,'2010-10-06 12:35:55'),('c29bf4c918a06b64f359ccc2fec79a01',48,'2010-10-06 12:35:55'),('c29bf4c918a06b64f359ccc2fec79a01',49,'2010-10-06 12:35:55'),('c29bf4c918a06b64f359ccc2fec79a01',50,'2010-10-06 12:35:55'),('c29bf4c918a06b64f359ccc2fec79a01',8,'2010-10-06 12:35:55'),('c29bf4c918a06b64f359ccc2fec79a01',4,'2010-10-06 12:35:55'),('c29bf4c918a06b64f359ccc2fec79a01',14,'2010-10-06 12:35:55'),('c29bf4c918a06b64f359ccc2fec79a01',7,'2010-10-06 12:35:55'),('88dc81b6e31577377336d0546ddb4c36',12,'2010-10-06 12:36:40'),('88dc81b6e31577377336d0546ddb4c36',6,'2010-10-06 12:36:40'),('88dc81b6e31577377336d0546ddb4c36',9,'2010-10-06 12:36:40'),('88dc81b6e31577377336d0546ddb4c36',25,'2010-10-06 12:36:40'),('88dc81b6e31577377336d0546ddb4c36',26,'2010-10-06 12:36:40'),('88dc81b6e31577377336d0546ddb4c36',27,'2010-10-06 12:36:40'),('88dc81b6e31577377336d0546ddb4c36',8,'2010-10-06 12:36:40'),('88dc81b6e31577377336d0546ddb4c36',4,'2010-10-06 12:36:40'),('88dc81b6e31577377336d0546ddb4c36',14,'2010-10-06 12:36:40'),('e99b7d1a16d1e4cb7681f16b772adab4',46,'2010-10-06 12:36:46'),('e99b7d1a16d1e4cb7681f16b772adab4',48,'2010-10-06 12:36:46'),('e99b7d1a16d1e4cb7681f16b772adab4',10,'2010-10-06 12:36:46'),('e99b7d1a16d1e4cb7681f16b772adab4',16,'2010-10-06 12:36:46'),('e99b7d1a16d1e4cb7681f16b772adab4',2,'2010-10-06 12:36:47'),('e5ebf01f8438d7ace69014a22f75a88a',21,'2010-10-06 12:36:55'),('e5ebf01f8438d7ace69014a22f75a88a',20,'2010-10-06 12:36:55'),('e5ebf01f8438d7ace69014a22f75a88a',44,'2010-10-06 12:36:55'),('e5ebf01f8438d7ace69014a22f75a88a',3,'2010-10-06 12:36:55'),('e5ebf01f8438d7ace69014a22f75a88a',39,'2010-10-06 12:36:55'),('e5ebf01f8438d7ace69014a22f75a88a',1,'2010-10-06 12:36:55'),('494d7e5bc33244b1aab68fea32fd5ec9',10,'2010-10-06 12:37:57'),('0d7c8e8149668b3ff671bec3d260f41d',50,'2010-10-06 12:38:00'),('0d7c8e8149668b3ff671bec3d260f41d',51,'2010-10-06 12:38:00'),('cd018c3ec4ef1ca4529907592818a7b8',47,'2010-10-06 12:39:20'),('632855e70cf061b4c0adec1cfac4a065',46,'2010-10-06 12:39:29'),('632855e70cf061b4c0adec1cfac4a065',48,'2010-10-06 12:39:29'),('632855e70cf061b4c0adec1cfac4a065',10,'2010-10-06 12:39:29'),('632855e70cf061b4c0adec1cfac4a065',16,'2010-10-06 12:39:29'),('632855e70cf061b4c0adec1cfac4a065',2,'2010-10-06 12:39:29'),('113a08004638aa6f3658bb649709fd04',32,'2010-10-06 12:39:47'),('113a08004638aa6f3658bb649709fd04',33,'2010-10-06 12:39:47'),('113a08004638aa6f3658bb649709fd04',48,'2010-10-06 12:39:47'),('113a08004638aa6f3658bb649709fd04',49,'2010-10-06 12:39:47'),('113a08004638aa6f3658bb649709fd04',50,'2010-10-06 12:39:47'),('113a08004638aa6f3658bb649709fd04',51,'2010-10-06 12:39:47'),('113a08004638aa6f3658bb649709fd04',36,'2010-10-06 12:39:47'),('113a08004638aa6f3658bb649709fd04',35,'2010-10-06 12:39:47'),('113a08004638aa6f3658bb649709fd04',38,'2010-10-06 12:39:47'),('6428005c83d63af171d4cc98cd452592',10,'2010-10-06 12:40:17'),('47f46bfd3c004cbc5955df7374c9e20c',24,'2010-10-06 12:40:40'),('47f46bfd3c004cbc5955df7374c9e20c',16,'2010-10-06 12:40:40'),('47f46bfd3c004cbc5955df7374c9e20c',17,'2010-10-06 12:40:40'),('47f46bfd3c004cbc5955df7374c9e20c',18,'2010-10-06 12:40:41'),('47f46bfd3c004cbc5955df7374c9e20c',19,'2010-10-06 12:40:41'),('47f46bfd3c004cbc5955df7374c9e20c',3,'2010-10-06 12:40:41'),('47f46bfd3c004cbc5955df7374c9e20c',28,'2010-10-06 12:40:41'),('47f46bfd3c004cbc5955df7374c9e20c',29,'2010-10-06 12:40:41'),('47f46bfd3c004cbc5955df7374c9e20c',2,'2010-10-06 12:40:41'),('0a73f06d3f2e15ae31d060bc2ba3fb00',31,'2010-10-06 12:41:27'),('eda9d78542e118e45237115092cb39a1',28,'2010-10-06 12:42:01'),('eda9d78542e118e45237115092cb39a1',29,'2010-10-06 12:42:01'),('eda9d78542e118e45237115092cb39a1',2,'2010-10-06 12:42:01'),('eda9d78542e118e45237115092cb39a1',1,'2010-10-06 12:42:01'),('576ec40f62d39726638ce4dfd752af78',31,'2010-10-06 12:42:06'),('576ec40f62d39726638ce4dfd752af78',45,'2010-10-06 12:42:06'),('576ec40f62d39726638ce4dfd752af78',46,'2010-10-06 12:42:06'),('576ec40f62d39726638ce4dfd752af78',32,'2010-10-06 12:42:06'),('576ec40f62d39726638ce4dfd752af78',33,'2010-10-06 12:42:06'),('576ec40f62d39726638ce4dfd752af78',48,'2010-10-06 12:42:07'),('576ec40f62d39726638ce4dfd752af78',49,'2010-10-06 12:42:07'),('576ec40f62d39726638ce4dfd752af78',50,'2010-10-06 12:42:07'),('576ec40f62d39726638ce4dfd752af78',51,'2010-10-06 12:42:07'),('3225a494e831945873c4dc33dba73d18',50,'2010-10-06 12:42:36'),('3225a494e831945873c4dc33dba73d18',51,'2010-10-06 12:42:36'),('3225a494e831945873c4dc33dba73d18',1,'2010-10-06 12:42:36'),('2b6a615d5db068a75b0d02ef54fa98be',31,'2010-10-06 12:42:40'),('2b6a615d5db068a75b0d02ef54fa98be',46,'2010-10-06 12:42:40'),('2b6a615d5db068a75b0d02ef54fa98be',5,'2010-10-06 12:42:40'),('2b6a615d5db068a75b0d02ef54fa98be',6,'2010-10-06 12:42:40'),('2b6a615d5db068a75b0d02ef54fa98be',33,'2010-10-06 12:42:40'),('2b6a615d5db068a75b0d02ef54fa98be',48,'2010-10-06 12:42:40'),('2b6a615d5db068a75b0d02ef54fa98be',49,'2010-10-06 12:42:40'),('2b6a615d5db068a75b0d02ef54fa98be',50,'2010-10-06 12:42:40'),('2b6a615d5db068a75b0d02ef54fa98be',8,'2010-10-06 12:42:40'),('2b6a615d5db068a75b0d02ef54fa98be',4,'2010-10-06 12:42:40'),('2b6a615d5db068a75b0d02ef54fa98be',14,'2010-10-06 12:42:40'),('2b6a615d5db068a75b0d02ef54fa98be',7,'2010-10-06 12:42:40'),('2b6a615d5db068a75b0d02ef54fa98be',21,'2010-10-06 12:42:41'),('2b6a615d5db068a75b0d02ef54fa98be',20,'2010-10-06 12:42:41'),('2b6a615d5db068a75b0d02ef54fa98be',44,'2010-10-06 12:42:42'),('2b6a615d5db068a75b0d02ef54fa98be',3,'2010-10-06 12:42:42'),('2b6a615d5db068a75b0d02ef54fa98be',39,'2010-10-06 12:42:42'),('2b6a615d5db068a75b0d02ef54fa98be',1,'2010-10-06 12:42:42'),('181d96ae6a2062b1817fe1f6eecff940',41,'2010-10-06 12:43:21'),('181d96ae6a2062b1817fe1f6eecff940',42,'2010-10-06 12:43:21'),('181d96ae6a2062b1817fe1f6eecff940',5,'2010-10-06 12:43:21'),('181d96ae6a2062b1817fe1f6eecff940',12,'2010-10-06 12:43:21'),('181d96ae6a2062b1817fe1f6eecff940',6,'2010-10-06 12:43:21'),('181d96ae6a2062b1817fe1f6eecff940',9,'2010-10-06 12:43:21'),('181d96ae6a2062b1817fe1f6eecff940',25,'2010-10-06 12:43:21'),('181d96ae6a2062b1817fe1f6eecff940',26,'2010-10-06 12:43:21'),('181d96ae6a2062b1817fe1f6eecff940',27,'2010-10-06 12:43:21'),('53f33a5639bb4d8959fa1987975a81ac',2,'2010-10-06 12:43:45'),('53f33a5639bb4d8959fa1987975a81ac',30,'2010-10-06 12:43:45'),('1773eee1241815c75687e25093e7c7b7',16,'2010-10-06 12:57:35'),('277434eb75a09a2869780df37c6b65fe',52,'2010-10-06 12:58:05'),('277434eb75a09a2869780df37c6b65fe',40,'2010-10-06 12:58:05'),('277434eb75a09a2869780df37c6b65fe',39,'2010-10-06 12:58:05'),('277434eb75a09a2869780df37c6b65fe',41,'2010-10-06 12:58:05'),('277434eb75a09a2869780df37c6b65fe',42,'2010-10-06 12:58:05'),('277434eb75a09a2869780df37c6b65fe',5,'2010-10-06 12:58:05'),('277434eb75a09a2869780df37c6b65fe',12,'2010-10-06 12:58:05'),('277434eb75a09a2869780df37c6b65fe',6,'2010-10-06 12:58:05'),('277434eb75a09a2869780df37c6b65fe',9,'2010-10-06 12:58:05'),('d5a8b092fbfaf02e0cf2c53e763b67e7',31,'2010-10-06 12:58:26'),('d5a8b092fbfaf02e0cf2c53e763b67e7',45,'2010-10-06 12:58:26'),('d5a8b092fbfaf02e0cf2c53e763b67e7',46,'2010-10-06 12:58:26'),('d5a8b092fbfaf02e0cf2c53e763b67e7',32,'2010-10-06 12:58:26'),('d5a8b092fbfaf02e0cf2c53e763b67e7',33,'2010-10-06 12:58:26'),('d5a8b092fbfaf02e0cf2c53e763b67e7',48,'2010-10-06 12:58:26'),('d5a8b092fbfaf02e0cf2c53e763b67e7',49,'2010-10-06 12:58:26'),('d5a8b092fbfaf02e0cf2c53e763b67e7',50,'2010-10-06 12:58:26'),('d5a8b092fbfaf02e0cf2c53e763b67e7',51,'2010-10-06 12:58:26'),('419695d66f00172d59cc2e8082a5614f',38,'2010-10-12 16:59:39'),('419695d66f00172d59cc2e8082a5614f',36,'2010-10-12 16:59:39'),('419695d66f00172d59cc2e8082a5614f',35,'2010-10-12 16:59:39'),('419695d66f00172d59cc2e8082a5614f',1,'2010-10-12 16:59:39'),('6046dd76a75aba95f579fcd6e019add7',0,'2010-10-12 16:59:39'),('58b85ccd7848e3e0a0733a0deb7f2a44',5,'2010-10-21 10:39:39'),('1ej2rrjk7f7sp3np1d2ei8mlh6',31,'2010-12-17 14:47:52'),('1ej2rrjk7f7sp3np1d2ei8mlh6',46,'2010-12-17 14:47:52'),('1ej2rrjk7f7sp3np1d2ei8mlh6',5,'2010-12-17 14:47:52'),('1ej2rrjk7f7sp3np1d2ei8mlh6',6,'2010-12-17 14:47:52'),('1ej2rrjk7f7sp3np1d2ei8mlh6',33,'2010-12-17 14:47:52'),('1ej2rrjk7f7sp3np1d2ei8mlh6',48,'2010-12-17 14:47:52'),('1ej2rrjk7f7sp3np1d2ei8mlh6',49,'2010-12-17 14:47:52'),('1ej2rrjk7f7sp3np1d2ei8mlh6',50,'2010-12-17 14:47:52'),('1ej2rrjk7f7sp3np1d2ei8mlh6',8,'2010-12-17 14:47:52'),('1ej2rrjk7f7sp3np1d2ei8mlh6',4,'2010-12-17 14:47:52'),('1ej2rrjk7f7sp3np1d2ei8mlh6',14,'2010-12-17 14:47:52'),('1ej2rrjk7f7sp3np1d2ei8mlh6',7,'2010-12-17 14:47:52'),('1ej2rrjk7f7sp3np1d2ei8mlh6',21,'2010-12-17 14:47:53'),('1ej2rrjk7f7sp3np1d2ei8mlh6',20,'2010-12-17 14:47:53'),('1ej2rrjk7f7sp3np1d2ei8mlh6',44,'2010-12-17 14:47:53'),('1ej2rrjk7f7sp3np1d2ei8mlh6',3,'2010-12-17 14:47:53'),('1ej2rrjk7f7sp3np1d2ei8mlh6',39,'2010-12-17 14:47:53'),('1ej2rrjk7f7sp3np1d2ei8mlh6',1,'2010-12-17 14:47:53'),('gviimcmnpliuu1i54h1cabk0g1',31,'2010-12-17 15:46:09'),('gviimcmnpliuu1i54h1cabk0g1',46,'2010-12-17 15:46:09'),('gviimcmnpliuu1i54h1cabk0g1',5,'2010-12-17 15:46:09'),('gviimcmnpliuu1i54h1cabk0g1',6,'2010-12-17 15:46:09'),('gviimcmnpliuu1i54h1cabk0g1',33,'2010-12-17 15:46:09'),('gviimcmnpliuu1i54h1cabk0g1',48,'2010-12-17 15:46:09'),('gviimcmnpliuu1i54h1cabk0g1',49,'2010-12-17 15:46:10'),('gviimcmnpliuu1i54h1cabk0g1',50,'2010-12-17 15:46:10'),('gviimcmnpliuu1i54h1cabk0g1',8,'2010-12-17 15:46:10'),('gviimcmnpliuu1i54h1cabk0g1',4,'2010-12-17 15:46:10'),('gviimcmnpliuu1i54h1cabk0g1',14,'2010-12-17 15:46:10'),('gviimcmnpliuu1i54h1cabk0g1',7,'2010-12-17 15:46:10'),('gviimcmnpliuu1i54h1cabk0g1',21,'2010-12-17 15:46:10'),('gviimcmnpliuu1i54h1cabk0g1',20,'2010-12-17 15:46:10'),('gviimcmnpliuu1i54h1cabk0g1',44,'2010-12-17 15:46:10'),('gviimcmnpliuu1i54h1cabk0g1',3,'2010-12-17 15:46:10'),('gviimcmnpliuu1i54h1cabk0g1',39,'2010-12-17 15:46:10'),('gviimcmnpliuu1i54h1cabk0g1',1,'2010-12-17 15:46:10'),('es2oc0ufbuap7q3es5i6h8iah2',78,'2010-12-27 19:37:26'),('c32acb8ln4208jm9lm1s3i6n35',79,'2010-12-27 21:13:15'),('c32acb8ln4208jm9lm1s3i6n35',78,'2010-12-27 21:25:23'),('c32acb8ln4208jm9lm1s3i6n35',80,'2010-12-27 21:32:49'),('c32acb8ln4208jm9lm1s3i6n35',81,'2010-12-27 21:33:08'),('c32acb8ln4208jm9lm1s3i6n35',82,'2010-12-27 21:33:18'),('c32acb8ln4208jm9lm1s3i6n35',83,'2010-12-27 21:33:30'),('c32acb8ln4208jm9lm1s3i6n35',84,'2010-12-27 21:33:39'),('c32acb8ln4208jm9lm1s3i6n35',85,'2010-12-27 21:33:44'),('c32acb8ln4208jm9lm1s3i6n35',86,'2010-12-27 21:44:51'),('c32acb8ln4208jm9lm1s3i6n35',87,'2010-12-27 21:45:17'),('c32acb8ln4208jm9lm1s3i6n35',88,'2010-12-27 21:45:28'),('c32acb8ln4208jm9lm1s3i6n35',89,'2010-12-27 21:45:44'),('9diq3i540nb7vnp66bqep2tb16',85,'2010-12-28 10:04:19'),('dscv474d7n0rqbbbuurprcib35',85,'2010-12-28 10:41:26'),('dscv474d7n0rqbbbuurprcib35',90,'2010-12-28 10:57:26'),('dscv474d7n0rqbbbuurprcib35',91,'2010-12-28 10:59:56'),('dscv474d7n0rqbbbuurprcib35',92,'2010-12-28 11:00:18'),('dscv474d7n0rqbbbuurprcib35',83,'2010-12-28 11:10:33'),('dscv474d7n0rqbbbuurprcib35',93,'2010-12-28 11:12:34'),('dscv474d7n0rqbbbuurprcib35',94,'2010-12-28 11:12:39'),('utar3k69rhdot86t47eqhi3ev3',82,'2010-12-28 13:14:05'),('utar3k69rhdot86t47eqhi3ev3',93,'2010-12-28 13:14:13'),('utar3k69rhdot86t47eqhi3ev3',92,'2010-12-28 13:14:26'),('utar3k69rhdot86t47eqhi3ev3',83,'2010-12-28 14:12:50'),('utar3k69rhdot86t47eqhi3ev3',94,'2010-12-28 14:13:07'),('0bf9lqrqqmj3jnvtr49m2itdk0',92,'2010-12-28 20:13:52'),('6osvs8b0qg4k373rp61c7cjhm3',84,'2010-12-28 22:51:30'),('ioodhr0barhl29uifkmjd1g1o6',82,'2010-12-28 22:54:20'),('v03htbs6fa809snmpe55el3q63',83,'2010-12-28 22:57:10'),('9a3r4ejndrjbq8c2i1ll7079l2',85,'2010-12-28 22:59:59'),('dqk6j01ig7anmkfdhl7970nq44',81,'2010-12-28 23:02:49'),('nivrjr0lo0760dulublh5vf1j2',80,'2010-12-28 23:05:39'),('nlof603f7a6igd05kf59hc6ah4',92,'2010-12-28 23:08:29'),('1fh70l6e22jatgbd14riqn1js0',93,'2010-12-29 02:03:46'),('kcjl24ajjj8qb3rofpkl9pqt92',81,'2010-12-29 02:03:47'),('romrrbkb9mgnq5k91aqqgp2012',80,'2010-12-29 02:03:50'),('r54blkhrd2k7eg2sou9ifnl656',83,'2010-12-29 02:03:50'),('7dk373hmsrqtfcnig4bskjnhl5',85,'2010-12-29 02:03:52'),('4cs3prpp6glgaeb08m1j950qo3',82,'2010-12-29 02:03:53'),('2cjk70fncdcfq9qdh13qtm1d21',91,'2010-12-29 02:03:54'),('lgqrii5qa98qg6fpnaps35mg54',94,'2010-12-29 02:33:33'),('djfp18s8d3afevbkoumo2jdpn5',84,'2010-12-29 02:43:33'),('6c88enrt9mtvctpri0nq517jr0',93,'2010-12-29 05:29:57'),('ntfl5fgq219jlb7449cb56it45',91,'2010-12-29 05:32:48'),('es594vjispfdl0jj9e94eb58k5',94,'2010-12-29 06:40:54'),('ghq0jeok02jdsth9jhedud0ja6',95,'2010-12-29 18:04:30'),('ghq0jeok02jdsth9jhedud0ja6',94,'2010-12-29 18:04:44'),('ghq0jeok02jdsth9jhedud0ja6',80,'2010-12-29 18:04:56'),('ghq0jeok02jdsth9jhedud0ja6',90,'2010-12-29 18:15:45'),('agac2d0jrb5v84ej2e7j7enof5',90,'2010-12-29 19:47:23'),('bp3gnb6g9emqnig3fb2jjhclq6',81,'2010-12-29 22:32:26'),('bp3gnb6g9emqnig3fb2jjhclq6',80,'2010-12-29 22:32:38'),('bp3gnb6g9emqnig3fb2jjhclq6',82,'2010-12-29 22:32:47'),('bp3gnb6g9emqnig3fb2jjhclq6',84,'2010-12-29 22:32:58'),('bp3gnb6g9emqnig3fb2jjhclq6',85,'2010-12-29 22:33:05'),('bp3gnb6g9emqnig3fb2jjhclq6',96,'2010-12-29 22:33:21'),('bp3gnb6g9emqnig3fb2jjhclq6',88,'2010-12-29 22:34:00'),('bp3gnb6g9emqnig3fb2jjhclq6',95,'2010-12-29 22:34:13'),('9eakn71n2r1kqa06nst6s5fin4',83,'2010-12-30 04:50:24'),('g46uov19m4fv60bven4tg5mn97',84,'2010-12-30 04:50:25'),('uf77ij9cvcehrmppc9v9fip325',78,'2010-12-30 08:44:29'),('m8ilrqvbi6picq9e548k493s07',78,'2010-12-30 10:12:43'),('m8ilrqvbi6picq9e548k493s07',83,'2010-12-30 10:15:11'),('m8ilrqvbi6picq9e548k493s07',85,'2010-12-30 10:21:46'),('m8ilrqvbi6picq9e548k493s07',81,'2010-12-30 11:04:02'),('m8ilrqvbi6picq9e548k493s07',97,'2010-12-30 11:04:08'),('m8ilrqvbi6picq9e548k493s07',98,'2010-12-30 11:07:25'),('m8ilrqvbi6picq9e548k493s07',91,'2010-12-30 11:07:40'),('m8ilrqvbi6picq9e548k493s07',90,'2010-12-30 11:08:03'),('s3p28vfa7ec5jhd6gvs12mmij6',80,'2010-12-30 11:52:15'),('s3p28vfa7ec5jhd6gvs12mmij6',81,'2010-12-30 12:16:50'),('s3p28vfa7ec5jhd6gvs12mmij6',83,'2010-12-30 12:37:13'),('s3p28vfa7ec5jhd6gvs12mmij6',82,'2010-12-30 12:39:14'),('s3p28vfa7ec5jhd6gvs12mmij6',78,'2010-12-30 12:41:34'),('84h11ri4ji190l2vfh0v3qg8v3',78,'2010-12-30 13:22:10'),('84h11ri4ji190l2vfh0v3qg8v3',84,'2010-12-30 13:23:55'),('84h11ri4ji190l2vfh0v3qg8v3',86,'2010-12-30 13:24:57'),('84h11ri4ji190l2vfh0v3qg8v3',95,'2010-12-30 13:27:21'),('84h11ri4ji190l2vfh0v3qg8v3',89,'2010-12-30 13:28:23'),('84h11ri4ji190l2vfh0v3qg8v3',87,'2010-12-30 13:49:11'),('84h11ri4ji190l2vfh0v3qg8v3',99,'2010-12-30 13:50:42'),('84h11ri4ji190l2vfh0v3qg8v3',80,'2010-12-30 13:50:53'),('84h11ri4ji190l2vfh0v3qg8v3',82,'2010-12-30 13:52:35'),('84h11ri4ji190l2vfh0v3qg8v3',83,'2010-12-30 14:06:32'),('84h11ri4ji190l2vfh0v3qg8v3',100,'2010-12-30 14:11:00'),('hfa2fguktd95372vde27b1ucq4',101,'2010-12-30 15:37:56'),('hfa2fguktd95372vde27b1ucq4',81,'2010-12-30 15:38:14'),('hfa2fguktd95372vde27b1ucq4',86,'2010-12-30 16:14:47'),('pe4re7irm43vikegn4p1ht43f5',86,'2010-12-31 02:43:03'),('5lge6f0likg9840kupda6i1rm6',88,'2010-12-31 02:48:25'),('6qfe1r4upsb1bckf0hv60hig31',100,'2010-12-31 02:51:06'),('8d6buo85tdev2k3jo9tln1i847',102,'2010-12-31 02:53:48'),('q58qgtau3tj5qpihgbv0u9qca0',87,'2010-12-31 02:56:30'),('b0lmr7geoqcm3nuespldv5mee0',98,'2010-12-31 02:59:10'),('p4u1epai54knm6gniub65cqjc1',90,'2010-12-31 03:01:51'),('o6vusfsnkl6v1jqjns8aljhqf3',96,'2010-12-31 03:04:33'),('aeu28n2n70cdvcmiv1mq0uguj6',78,'2010-12-31 03:07:14'),('jf4o9360p4ur26biguca0sorg5',79,'2010-12-31 03:09:55'),('ukef5deobuuuoej338f4deps96',101,'2010-12-31 03:12:36'),('o3k9arc5cglefj78bcvt76hqa0',89,'2010-12-31 03:15:18'),('v8282u8od37iamsvk7j0mg6nl3',95,'2010-12-31 03:17:59'),('2gacmcmn8s87dkon019bqlk1m7',103,'2010-12-31 05:56:13'),('o25nupb47a251dtv8hh984rqg3',104,'2010-12-31 05:59:13'),('ngu8qgb32f03tjo61u647i2a07',105,'2010-12-31 06:02:13'),('nl4dd24gc3enb7a59l903339d6',106,'2010-12-31 06:05:13'),('fn76i9u89ee6od10omlcqv6t57',107,'2010-12-31 06:08:13'),('jl5cj731gam8d3o6o3siesv4t2',97,'2010-12-31 06:11:14'),('2ce3cdd17uqf2j3k8gauf2sm74',99,'2010-12-31 06:14:14'),('ahp52959t8btahl65ifl20ig11',84,'2010-12-31 08:56:19'),('lh9no4d77j15i5906v99a6a801',90,'2011-01-03 10:38:48'),('lh9no4d77j15i5906v99a6a801',84,'2011-01-03 10:40:46'),('lh9no4d77j15i5906v99a6a801',80,'2011-01-03 10:41:07'),('ohhp4v1jaot4er5s640kkknfr1',80,'2011-01-03 13:04:24'),('ohhp4v1jaot4er5s640kkknfr1',94,'2011-01-03 13:04:34'),('ohhp4v1jaot4er5s640kkknfr1',89,'2011-01-03 13:05:05'),('ohhp4v1jaot4er5s640kkknfr1',101,'2011-01-03 13:05:20'),('ohhp4v1jaot4er5s640kkknfr1',81,'2011-01-03 13:05:29'),('14om8m0bkj433pqk8eb926bas4',85,'2011-01-03 14:09:23'),('14om8m0bkj433pqk8eb926bas4',81,'2011-01-03 14:18:44'),('e50n41769kl3e8t3qjr57398j1',80,'2011-01-03 18:49:06'),('e50n41769kl3e8t3qjr57398j1',81,'2011-01-03 18:57:53'),('1uq4tlghkmgo2a6lrlf9v3l4e1',101,'2011-01-03 23:46:28'),('1uq4tlghkmgo2a6lrlf9v3l4e1',85,'2011-01-03 23:46:38'),('3r8povgmuvb8jpl7lve58hvqk7',80,'2011-01-04 09:18:35'),('3r8povgmuvb8jpl7lve58hvqk7',84,'2011-01-04 11:31:47'),('3r8povgmuvb8jpl7lve58hvqk7',82,'2011-01-04 11:31:52'),('1cut7362qgbr0votde63gsria7',86,'2011-01-04 15:42:27'),('pcae9lftcrug8s24f4dggmh104',84,'2011-01-04 15:48:59'),('pcae9lftcrug8s24f4dggmh104',81,'2011-01-04 15:49:09'),('pcae9lftcrug8s24f4dggmh104',83,'2011-01-04 15:49:17'),('pcae9lftcrug8s24f4dggmh104',105,'2011-01-04 15:49:25'),('qv6g1d1pv6vdflobods0nr30r4',78,'2011-01-04 20:16:15'),('qv6g1d1pv6vdflobods0nr30r4',79,'2011-01-04 20:21:55'),('qv6g1d1pv6vdflobods0nr30r4',106,'2011-01-04 20:22:01'),('qv6g1d1pv6vdflobods0nr30r4',84,'2011-01-04 20:22:12'),('qv6g1d1pv6vdflobods0nr30r4',85,'2011-01-04 20:22:16'),('qv6g1d1pv6vdflobods0nr30r4',81,'2011-01-04 20:22:20'),('qv6g1d1pv6vdflobods0nr30r4',86,'2011-01-04 21:02:20'),('qv6g1d1pv6vdflobods0nr30r4',90,'2011-01-04 21:07:40'),('qv6g1d1pv6vdflobods0nr30r4',83,'2011-01-04 21:12:29'),('qv6g1d1pv6vdflobods0nr30r4',105,'2011-01-04 21:16:28'),('qv6g1d1pv6vdflobods0nr30r4',80,'2011-01-04 21:25:04'),('qv6g1d1pv6vdflobods0nr30r4',95,'2011-01-04 21:27:07'),('1updhrf9ncqdeh51a69n6ljg23',82,'2011-01-04 21:49:31'),('1updhrf9ncqdeh51a69n6ljg23',80,'2011-01-04 21:50:05'),('2hc02tns4p6jbsfvbjf6rdfce6',86,'2011-01-05 09:46:15'),('vj64ql10ne2u50tkdp72sub5a0',86,'2011-01-05 09:51:11'),('2hc02tns4p6jbsfvbjf6rdfce6',83,'2011-01-05 09:51:53'),('2hc02tns4p6jbsfvbjf6rdfce6',85,'2011-01-05 09:52:05'),('2hc02tns4p6jbsfvbjf6rdfce6',82,'2011-01-05 09:52:15'),('vj64ql10ne2u50tkdp72sub5a0',97,'2011-01-05 09:54:37'),('2hc02tns4p6jbsfvbjf6rdfce6',79,'2011-01-05 09:54:49'),('1ooern5eradluika8dstskuqs6',97,'2011-01-05 09:57:59'),('vj64ql10ne2u50tkdp72sub5a0',95,'2011-01-05 10:01:48'),('9jc0q3lbojs9lgiqm1kac9v9b0',95,'2011-01-05 10:04:39'),('1ooern5eradluika8dstskuqs6',95,'2011-01-05 10:05:57'),('1ooern5eradluika8dstskuqs6',79,'2011-01-05 10:17:18'),('1ooern5eradluika8dstskuqs6',80,'2011-01-05 10:17:23'),('1ooern5eradluika8dstskuqs6',84,'2011-01-05 10:17:25'),('1ooern5eradluika8dstskuqs6',82,'2011-01-05 10:17:28'),('1ooern5eradluika8dstskuqs6',104,'2011-01-05 10:17:33'),('1ooern5eradluika8dstskuqs6',86,'2011-01-05 10:34:13'),('1ooern5eradluika8dstskuqs6',78,'2011-01-05 10:40:45'),('1ooern5eradluika8dstskuqs6',106,'2011-01-05 10:43:44'),('v85fp9bqhpu823dosttpdsrrn5',85,'2011-01-05 11:39:50'),('v85fp9bqhpu823dosttpdsrrn5',103,'2011-01-05 11:41:41'),('v85fp9bqhpu823dosttpdsrrn5',79,'2011-01-05 11:44:36'),('lbfc7jabts8v7858sm5q5o7fu3',90,'2011-01-05 11:46:09'),('941ub764cgecsi5jmqve9dg783',83,'2011-01-05 12:39:53'),('941ub764cgecsi5jmqve9dg783',78,'2011-01-05 12:40:38'),('apfhv0aqel5dq4vn2lsem8t4i1',95,'2011-01-05 16:06:33'),('lm7peclk6gt64o9oa7095hsoc4',79,'2011-01-05 16:56:39'),('35edribpi8oshih4uk2df307h7',83,'2011-01-05 19:50:14'),('ut7a1e2ljh4b2madlpbv0930f0',84,'2011-01-06 15:48:35'),('ut7a1e2ljh4b2madlpbv0930f0',85,'2011-01-06 18:31:08'),('jnhu80i9m2ks85n383s5kfja67',79,'2011-01-06 18:44:21'),('7uo85k3gplf0rbg6v8uhau5rv5',84,'2011-01-07 12:22:08'),('j0vrmtc2gf2io4apamf470dlu4',79,'2011-01-07 15:22:10'),('q3qpbdaf43nf7vja5o32oliji4',79,'2011-01-07 22:20:47'),('pkf7t5883msp7j8u132ebirf22',79,'2011-01-07 22:22:13'),('pkf7t5883msp7j8u132ebirf22',103,'2011-01-07 22:28:01'),('ogopc9b77v7cp18mtt8qiibff3',92,'2011-01-08 09:53:23'),('b32pe8rpruji7i18mva5le7rl6',82,'2011-01-08 10:44:22'),('7s5r7g39eomq8sl0274putmd64',85,'2011-01-08 12:51:58'),('4auv3bm6t487deeni61s786ji2',83,'2011-01-08 13:17:28'),('2lk0gjd0g8ubmburp916ghl9g3',80,'2011-01-08 14:08:35'),('q4cknmc32nq01saqjreqc7dte7',81,'2011-01-08 14:59:29'),('vd2ogds4l5ashjbj9c1p9ha3o2',84,'2011-01-08 15:25:02'),('i2ifigc5857v8t4uglp12tcb20',94,'2011-01-08 15:50:38'),('4lugc5oiqd0srvti8vnc44ft76',93,'2011-01-08 16:16:23'),('c97ht978j2iom6ai0f5hc8cd81',91,'2011-01-08 16:41:46'),('1bfq1k1rlon6ftedl66glucp60',85,'2011-01-08 20:27:57'),('ncmkhmmbenhi9r3fhdpqn5p9q1',83,'2011-01-08 21:37:15'),('h4mjb021rsnen91sldshvu55k6',80,'2011-01-08 22:46:18'),('r5u1epeegdla0qdfuh5tea6e57',81,'2011-01-08 23:55:30'),('skoe7c1emm7lqs63fu76thq650',85,'2011-01-09 01:12:24'),('92t8jqn2fflqtl7o6c0hh9p3r1',84,'2011-01-09 02:13:59'),('ivp8u4frvqvchocdbbr7oiicd2',82,'2011-01-09 03:23:13'),('hhqe4mstbegl8jpvsc62ls6u44',95,'2011-01-09 11:36:38'),('fh7bgtkamclv18vs1r11kqpks7',79,'2011-01-09 20:01:42'),('iqrrugptjlm6rhgmvr1dc9q6e4',78,'2011-01-10 17:44:09'),('0nguf65a8a7r55hea932pv7ko1',79,'2011-01-11 01:29:07'),('j45gnd00q4rc7eo5thuobeh6e6',95,'2011-01-11 06:20:49'),('tabq734k36ggkckank7nlqnt86',101,'2011-01-11 08:21:37'),('ccro5dc2ba5d76kfjsc07nff45',79,'2011-01-11 10:13:34'),('mdsrj5uifgf3sjcur64dm03b36',79,'2011-01-11 10:13:53'),('vv372mri7g9b079krnnfg2tfs0',79,'2011-01-11 10:15:25'),('bu21n4fl6vf9mk0gbkcq45g440',79,'2011-01-11 10:15:59'),('vv372mri7g9b079krnnfg2tfs0',83,'2011-01-11 10:17:32'),('vv372mri7g9b079krnnfg2tfs0',81,'2011-01-11 10:18:22'),('mdsrj5uifgf3sjcur64dm03b36',81,'2011-01-11 10:18:36'),('vv372mri7g9b079krnnfg2tfs0',96,'2011-01-11 10:18:49'),('vv372mri7g9b079krnnfg2tfs0',103,'2011-01-11 10:20:11'),('ne4spue2o8pgducbgd7apj24e5',100,'2011-01-11 10:22:24'),('rsm2j89ghjlnsj9gesg74v8i40',98,'2011-01-11 11:22:46'),('d8f6tvj3dq7m82a8j3gee5p9j4',89,'2011-01-11 12:23:25'),('u6rk5pango0dt7p3lvmauiloa1',96,'2011-01-11 13:23:31'),('lr51amptqo1lb8k2nnpenuffe0',83,'2011-01-11 17:28:54'),('lr51amptqo1lb8k2nnpenuffe0',80,'2011-01-11 17:29:09'),('5mhovqkbmq1sp9um9qjotkh8g6',79,'2011-01-11 21:28:30'),('j3qjp4q9d9fm4o17dpepbnckj7',79,'2011-01-11 21:28:44'),('6vsd294hcqe09mm9ia3vkf3j37',79,'2011-01-11 21:30:49'),('s1ntduaq5hptrbuupc9apofo72',78,'2011-01-11 23:54:21'),('vhirm40j27oaofiruo2glnp2f6',79,'2011-01-12 00:54:31'),('dkje6kl8iug7oim67nrcn8phb4',86,'2011-01-12 01:54:35'),('9u21mhcpd47shhgot6tj2jq6g1',87,'2011-01-12 02:54:52'),('2el2lg1fsh8c33d3tpp2tqijq7',90,'2011-01-12 03:54:55'),('pik3jc7rg3j3lmnk49pcsvmj74',88,'2011-01-12 04:54:56'),('mk6cviiol81q3a7qptauq6qdu3',102,'2011-01-12 05:55:09'),('a4qoksv82ha5ftut4eqatold71',99,'2011-01-12 06:55:17'),('oosqaldhqunhefuv2761thp321',107,'2011-01-12 07:55:19'),('gj03e166853ls2c0tpfnju79u6',105,'2011-01-12 08:55:43'),('6aro99e2rj9e7ocnfqqpchtd43',103,'2011-01-12 09:55:46'),('pendkavs93a4qip3e6rhc2aha4',97,'2011-01-12 10:55:53'),('f5ofpf38usbbdih4hr97d5nks1',104,'2011-01-12 11:56:09'),('m04u42i19uf1j721equ0qotlh6',106,'2011-01-12 19:55:02'),('mearh3v1tc1a6091f83ji15923',78,'2011-01-13 10:32:25'),('mearh3v1tc1a6091f83ji15923',84,'2011-01-13 10:44:02'),('mearh3v1tc1a6091f83ji15923',96,'2011-01-13 11:08:28'),('mearh3v1tc1a6091f83ji15923',95,'2011-01-13 11:39:43'),('mearh3v1tc1a6091f83ji15923',83,'2011-01-13 11:39:50'),('mearh3v1tc1a6091f83ji15923',80,'2011-01-13 14:59:52'),('nnk670p68jdi9fsdo0n45c2fr4',81,'2011-01-13 21:51:37'),('nnk670p68jdi9fsdo0n45c2fr4',84,'2011-01-13 21:52:36'),('edbgavpjjq5sd5168usl1r6rm7',84,'2011-01-14 19:24:49'),('edbgavpjjq5sd5168usl1r6rm7',80,'2011-01-14 19:24:56'),('600srmbt3276qaipjfc22kj2f6',82,'2011-01-15 07:51:28'),('fernbtkeourkro2j0vs1r4g2u2',79,'2011-01-16 09:29:35'),('0qjec30f72f9mnqihept53bbf6',102,'2011-01-16 10:58:55'),('6m8h8n8h339hukii21hpf90aq3',85,'2011-01-16 12:19:35'),('k1c9e8oesp6pod5aaviigc5eh5',92,'2011-01-16 13:06:31'),('a1nlr6d2fl6o0ojop0sh58qf53',83,'2011-01-16 13:50:27'),('tbd01cvniqq9bhkqfq123gsf21',96,'2011-01-16 14:08:56'),('k5r3kemrk468ega8k6nv9g20t0',82,'2011-01-16 15:09:35'),('lvbfp7ve5trk2fqle8alqmat35',95,'2011-01-16 16:04:18'),('n0ftufgnme1v82laei048f7dq4',84,'2011-01-16 16:57:49'),('okrghdhk2lhf9jm4pems87n2m4',84,'2011-01-16 17:02:04'),('okrghdhk2lhf9jm4pems87n2m4',85,'2011-01-16 17:03:02'),('far8mstaa93tpv98o02h3hoeu6',85,'2011-01-16 17:03:29'),('ffsnhkpp6cd11js1lvu60atsl5',85,'2011-01-16 17:03:31'),('baelidbrhinripp8i80ebptik2',98,'2011-01-16 18:33:34'),('3b4fcfg8dv9scibjgnede2p492',100,'2011-01-16 19:46:32'),('uj6phorreb1stbofqki22n49u7',87,'2011-01-16 20:23:41'),('npolr6lma0piaip53ulmi9udm0',89,'2011-01-16 20:54:28'),('aidfe6kjmlr979pph0jbpkscr7',81,'2011-01-16 21:59:43'),('uc7g264eogdmr1u4pj082quur4',90,'2011-01-16 23:40:33'),('9cvbaideoaumstoi5rnnp1mou5',101,'2011-01-17 00:10:01'),('a17t164l9u3t51r797ki618ki5',93,'2011-01-17 01:03:42'),('3evjbn50f02lseltsk7ue24rn6',78,'2011-01-17 01:54:40'),('aguq43gkj1kitknvjpk5g005t5',86,'2011-01-17 02:57:23'),('q7uhf72nn1pg0dpg8fka1durf3',91,'2011-01-17 03:24:32'),('c345sjdtcae80mder3h46lrrd6',80,'2011-01-17 03:34:05'),('3jv9lso10slnikuumq2882g7d2',84,'2011-01-17 04:04:45'),('fhi35831eh5rpnv1dkvios55l4',88,'2011-01-17 05:55:03'),('ahiuatpdmchp7r9otfuepi83n7',94,'2011-01-17 16:40:01'),('dcltn1dj0fkd9p2tldr8lf9305',79,'2011-01-18 14:08:21'),('4df2er57leog8mdf2ujh2n7ka0',85,'2011-01-18 15:32:15'),('nl1qoc462p2271h0paq5erqgb0',89,'2011-01-19 18:44:11'),('mgsgmem2t6u4g0n2jo1rmna103',101,'2011-01-19 20:36:41'),('scli2p9jnesj0u6td18lkfnef2',101,'2011-01-20 08:03:40'),('cq67uql03kjantds3mg6vgk8u1',98,'2011-01-20 13:53:29'),('nae11n2s14me6e13o01ibmasq2',90,'2011-01-20 18:18:19'),('en4e7sfe4d3b3alqisgaaotk75',78,'2011-01-21 08:57:55'),('en4e7sfe4d3b3alqisgaaotk75',95,'2011-01-21 09:02:08'),('en4e7sfe4d3b3alqisgaaotk75',80,'2011-01-21 09:03:45'),('en4e7sfe4d3b3alqisgaaotk75',100,'2011-01-21 09:03:56'),('en4e7sfe4d3b3alqisgaaotk75',84,'2011-01-21 09:04:12'),('en4e7sfe4d3b3alqisgaaotk75',97,'2011-01-21 09:04:32'),('en4e7sfe4d3b3alqisgaaotk75',85,'2011-01-21 09:10:13'),('en4e7sfe4d3b3alqisgaaotk75',90,'2011-01-21 09:12:31'),('en4e7sfe4d3b3alqisgaaotk75',79,'2011-01-21 09:13:49'),('en4e7sfe4d3b3alqisgaaotk75',98,'2011-01-21 09:14:27'),('en4e7sfe4d3b3alqisgaaotk75',105,'2011-01-21 09:14:37'),('en4e7sfe4d3b3alqisgaaotk75',81,'2011-01-21 09:15:08'),('glvlmp96splcuc32fm621hkuf4',78,'2011-01-21 09:48:38'),('lcco7kadpqjk7ekj8em2lt2kr1',84,'2011-01-21 18:53:19'),('btsa4ih7ne4s67ssv60sffk8h5',78,'2011-01-21 21:02:13'),('btsa4ih7ne4s67ssv60sffk8h5',106,'2011-01-21 21:02:25'),('v04n6svj52m38uicbedpev2lh1',92,'2011-01-21 23:48:54'),('semlmfjhf3s7f3qbiadja7j0o3',82,'2011-01-22 00:26:38'),('un0hbm5jf18t8han89pf8ajc50',85,'2011-01-22 00:39:10'),('kjluoth22tt790pcil8qf5ig33',91,'2011-01-22 01:04:17'),('v0oqnli05mh01taa5r8iborbs0',93,'2011-01-22 01:16:48'),('sjs9u743dkcq1jnt2pltq8v4m5',92,'2011-01-22 01:23:29'),('iu4625plda5mopigjna4a14rc0',80,'2011-01-22 01:41:56'),('o7b4l2ue7abqnah677b1psum02',83,'2011-01-22 01:54:29'),('3kqe3m0j6rqj1eqknccd1ti2i0',81,'2011-01-22 02:07:04'),('v77u9gbppb1qjnqdq82pe9bg82',80,'2011-01-22 02:19:27'),('edaishnvnhh042a2qoru4sj3n2',94,'2011-01-22 02:19:36'),('6kbpu6gldkhci0tk1fctji8092',84,'2011-01-22 03:04:15'),('1qsfcvdvbhi5880tvpeoggqv87',82,'2011-01-22 03:37:44'),('gb395hvcakkiivdapuj9bk1ne0',85,'2011-01-22 04:22:35'),('jpdp3sh4s29m151vrtgkb2koq7',81,'2011-01-22 04:33:42'),('h8ogttjiure1k7jqmmmdth10m4',100,'2011-01-22 09:36:01'),('pi2jgbfd436k5nfgobru52v5o5',95,'2011-01-22 18:09:37'),('gfikvk5po3dsp23dos7gqp0754',96,'2011-01-23 11:22:55'),('556ii4t5clsnutfhrprn5533o7',95,'2011-01-23 11:28:06'),('vnimna4hj895f3rokkkoqckjf6',79,'2011-01-23 13:40:41'),('71he1s3fr7njps4b6528f7nm77',83,'2011-01-23 14:41:43'),('h9e9da21ik6q15ho5mq31jate2',90,'2011-01-23 23:20:33'),('k69a8a2hso4199moca07hrmil2',102,'2011-01-24 04:41:02'),('mpkogfs2ckgik37ouipanmvsj0',80,'2011-01-24 08:33:10'),('mpkogfs2ckgik37ouipanmvsj0',93,'2011-01-24 08:33:23'),('mpkogfs2ckgik37ouipanmvsj0',94,'2011-01-24 08:33:37'),('mpkogfs2ckgik37ouipanmvsj0',92,'2011-01-24 08:33:46'),('mpkogfs2ckgik37ouipanmvsj0',91,'2011-01-24 08:33:55'),('7spceh0jj31556vrehtj5nd7u7',85,'2011-01-24 08:46:24'),('5dj6sd7m90t2eolekacrefpt37',83,'2011-01-24 08:53:34'),('5dj6sd7m90t2eolekacrefpt37',90,'2011-01-24 08:55:24'),('5dj6sd7m90t2eolekacrefpt37',102,'2011-01-24 08:56:52'),('vog705ibaah25vtpvg519ctc22',83,'2011-01-24 09:55:15'),('oh3o7i4aqt9cndj4t3goss60s1',79,'2011-01-24 10:11:45'),('8vbojq394p24f9ek5ievmkled1',90,'2011-01-24 11:17:12'),('4jnodcockifko80giijgk4p0e7',84,'2011-01-24 11:20:26'),('o4shcifqh2ih4ksmr39cdmmuk6',87,'2011-01-24 13:24:41'),('hho6e9i6n8u09a9kiiof7u9p61',78,'2011-01-24 17:34:25'),('fsjhmh1p3ce65ic7knfaamceo0',83,'2011-01-24 18:23:57'),('shirl9t5e7sg4gsrls8v5rjb15',78,'2011-01-24 18:47:37'),('hho6e9i6n8u09a9kiiof7u9p61',79,'2011-01-24 20:15:12'),('kqk0dglaermt5u8ngb6em9ur34',85,'2011-01-24 20:17:52'),('hho6e9i6n8u09a9kiiof7u9p61',83,'2011-01-24 20:23:39'),('hho6e9i6n8u09a9kiiof7u9p61',92,'2011-01-24 20:24:16'),('7apgaaetjbmpaa7d2uahppasc3',79,'2011-01-24 20:42:26'),('7apgaaetjbmpaa7d2uahppasc3',96,'2011-01-24 20:42:47'),('hho6e9i6n8u09a9kiiof7u9p61',86,'2011-01-24 20:52:37'),('hho6e9i6n8u09a9kiiof7u9p61',80,'2011-01-24 20:52:53'),('hho6e9i6n8u09a9kiiof7u9p61',93,'2011-01-24 20:56:11'),('vhttl9p74lk6rajnjd1obh6763',93,'2011-01-24 20:57:39'),('30hc5ct4aqi7clpidag31pq5j0',92,'2011-01-24 20:58:31'),('vhttl9p74lk6rajnjd1obh6763',78,'2011-01-24 20:59:54'),('5pr66il6mvanrri2rlg9n59s06',104,'2011-01-24 21:38:26'),('5pr66il6mvanrri2rlg9n59s06',107,'2011-01-24 21:40:26'),('5pr66il6mvanrri2rlg9n59s06',84,'2011-01-24 21:45:08'),('hsu5ocukoe54r906v8l6950kv4',83,'2011-01-25 08:51:20'),('2o78nn050tmdpjiflc6na33pb7',78,'2011-01-25 10:21:18'),('2o78nn050tmdpjiflc6na33pb7',84,'2011-01-25 10:21:55'),('2o78nn050tmdpjiflc6na33pb7',83,'2011-01-25 10:22:02'),('2o78nn050tmdpjiflc6na33pb7',95,'2011-01-25 10:23:14'),('mgkjikjioji0nh0rdks5s291c2',81,'2011-01-25 10:39:44'),('mgkjikjioji0nh0rdks5s291c2',98,'2011-01-25 10:47:11'),('mgkjikjioji0nh0rdks5s291c2',94,'2011-01-25 10:48:16'),('mgkjikjioji0nh0rdks5s291c2',80,'2011-01-25 10:49:19'),('2o78nn050tmdpjiflc6na33pb7',92,'2011-01-25 11:07:29'),('2o78nn050tmdpjiflc6na33pb7',81,'2011-01-25 11:07:36'),('qqkldivt7na0l6n7e767uo8c90',78,'2011-01-25 11:23:55'),('anrenci32ei8spf2gifkkbba71',85,'2011-01-25 11:59:50'),('g2s2odb2d1jsb7tf59bdp9sck3',84,'2011-01-25 12:23:36'),('g2s2odb2d1jsb7tf59bdp9sck3',80,'2011-01-25 13:24:08'),('g2s2odb2d1jsb7tf59bdp9sck3',85,'2011-01-25 13:32:58'),('hhia26tht7qe7k36u2eg916m36',95,'2011-01-25 13:35:08'),('g2s2odb2d1jsb7tf59bdp9sck3',94,'2011-01-25 13:50:03'),('hhia26tht7qe7k36u2eg916m36',78,'2011-01-25 13:52:18'),('g2s2odb2d1jsb7tf59bdp9sck3',79,'2011-01-25 14:06:37'),('g2s2odb2d1jsb7tf59bdp9sck3',99,'2011-01-25 14:06:57'),('g2s2odb2d1jsb7tf59bdp9sck3',78,'2011-01-25 14:26:40'),('a0sumd55lqfea9i3m051hpq5q1',79,'2011-01-25 15:12:39'),('4prouumojn9kdaab3vp130l7o6',89,'2011-01-25 15:50:32'),('4prouumojn9kdaab3vp130l7o6',101,'2011-01-25 15:51:25'),('bhpfg96p00mgfum8memjte7t53',100,'2011-01-25 15:54:57'),('bhpfg96p00mgfum8memjte7t53',83,'2011-01-25 16:00:20'),('bhpfg96p00mgfum8memjte7t53',87,'2011-01-25 16:02:45'),('4prouumojn9kdaab3vp130l7o6',95,'2011-01-25 16:05:51'),('4prouumojn9kdaab3vp130l7o6',80,'2011-01-25 16:41:28'),('4prouumojn9kdaab3vp130l7o6',106,'2011-01-25 16:59:46'),('4prouumojn9kdaab3vp130l7o6',81,'2011-01-25 17:08:33'),('4prouumojn9kdaab3vp130l7o6',78,'2011-01-25 17:13:25'),('4prouumojn9kdaab3vp130l7o6',99,'2011-01-25 17:16:21'),('4prouumojn9kdaab3vp130l7o6',84,'2011-01-25 17:20:21'),('4prouumojn9kdaab3vp130l7o6',104,'2011-01-25 17:24:06'),('4prouumojn9kdaab3vp130l7o6',85,'2011-01-25 17:28:12'),('btgrbgpg7rmjuq9mdqu9bg1gt3',84,'2011-01-25 18:33:34'),('btgrbgpg7rmjuq9mdqu9bg1gt3',78,'2011-01-25 18:43:53'),('btgrbgpg7rmjuq9mdqu9bg1gt3',98,'2011-01-25 19:01:39'),('btgrbgpg7rmjuq9mdqu9bg1gt3',106,'2011-01-25 19:12:48'),('btgrbgpg7rmjuq9mdqu9bg1gt3',99,'2011-01-25 19:12:55'),('btgrbgpg7rmjuq9mdqu9bg1gt3',92,'2011-01-25 19:13:07'),('btgrbgpg7rmjuq9mdqu9bg1gt3',93,'2011-01-25 19:18:58'),('btgrbgpg7rmjuq9mdqu9bg1gt3',91,'2011-01-25 19:19:28'),('btgrbgpg7rmjuq9mdqu9bg1gt3',80,'2011-01-25 19:19:45'),('btgrbgpg7rmjuq9mdqu9bg1gt3',85,'2011-01-25 19:19:58'),('btgrbgpg7rmjuq9mdqu9bg1gt3',82,'2011-01-25 19:20:08'),('btgrbgpg7rmjuq9mdqu9bg1gt3',95,'2011-01-25 19:20:44'),('btgrbgpg7rmjuq9mdqu9bg1gt3',89,'2011-01-25 19:21:01'),('btgrbgpg7rmjuq9mdqu9bg1gt3',101,'2011-01-25 19:21:06'),('btgrbgpg7rmjuq9mdqu9bg1gt3',96,'2011-01-25 19:21:40'),('btgrbgpg7rmjuq9mdqu9bg1gt3',86,'2011-01-25 19:25:57'),('btgrbgpg7rmjuq9mdqu9bg1gt3',103,'2011-01-25 19:26:51'),('r8622r35naq9rm52m2hnafllv2',79,'2011-01-25 19:48:31'),('r8622r35naq9rm52m2hnafllv2',85,'2011-01-25 20:14:36'),('r8622r35naq9rm52m2hnafllv2',81,'2011-01-25 20:14:44'),('r8622r35naq9rm52m2hnafllv2',87,'2011-01-25 20:15:19'),('c2hkhhjk5bdh5h1ln5t7iddat4',85,'2011-01-26 10:54:40'),('c2hkhhjk5bdh5h1ln5t7iddat4',95,'2011-01-26 10:56:05'),('c2hkhhjk5bdh5h1ln5t7iddat4',89,'2011-01-26 10:56:19'),('c2hkhhjk5bdh5h1ln5t7iddat4',78,'2011-01-26 10:58:33'),('oigimc62vasgkdtfjb6rqk5mg3',94,'2011-01-26 23:08:27'),('oigimc62vasgkdtfjb6rqk5mg3',84,'2011-01-26 23:08:33'),('oigimc62vasgkdtfjb6rqk5mg3',87,'2011-01-26 23:08:48'),('oigimc62vasgkdtfjb6rqk5mg3',96,'2011-01-26 23:09:02'),('oigimc62vasgkdtfjb6rqk5mg3',86,'2011-01-26 23:09:18'),('oigimc62vasgkdtfjb6rqk5mg3',82,'2011-01-26 23:09:47'),('oigimc62vasgkdtfjb6rqk5mg3',91,'2011-01-26 23:15:24'),('oigimc62vasgkdtfjb6rqk5mg3',81,'2011-01-26 23:15:37'),('oigimc62vasgkdtfjb6rqk5mg3',88,'2011-01-26 23:18:40'),('m1v3ptaqtskmf8tvo3crbgfg55',79,'2011-01-27 06:19:13'),('j0h0aoupmss3p0ss5490vdrt75',78,'2011-01-27 06:42:33'),('2ui8l8bd4nn4obd637ug23tit2',78,'2011-01-27 08:33:07'),('9adsb0f2ea1e6egksaimpslp63',79,'2011-01-27 08:52:09'),('55ii19e4f6g2r0f786vj8fam93',91,'2011-01-27 10:35:59'),('55ii19e4f6g2r0f786vj8fam93',80,'2011-01-27 10:36:25'),('mp14gpg1vk53dmepsb373ddmo3',79,'2011-01-27 11:01:12'),('mp14gpg1vk53dmepsb373ddmo3',86,'2011-01-27 11:08:04'),('mp14gpg1vk53dmepsb373ddmo3',81,'2011-01-27 11:08:51'),('o9gqmhml2qgkfmbqg7an6grbe2',105,'2011-01-27 11:25:10'),('foahbom43a9phlgreej87gqpp0',84,'2011-01-27 11:50:57'),('55ii19e4f6g2r0f786vj8fam93',78,'2011-01-27 12:36:57'),('55ii19e4f6g2r0f786vj8fam93',105,'2011-01-27 12:37:34'),('55ii19e4f6g2r0f786vj8fam93',98,'2011-01-27 12:37:44'),('55ii19e4f6g2r0f786vj8fam93',96,'2011-01-27 12:49:20'),('3bevpeodp6v1figu1mk64sovm7',100,'2011-01-27 13:27:56'),('3bevpeodp6v1figu1mk64sovm7',107,'2011-01-27 13:41:57'),('38n6sjg3h31tssnjqs3oiimb74',107,'2011-01-27 14:06:00'),('38n6sjg3h31tssnjqs3oiimb74',81,'2011-01-27 14:06:13'),('38n6sjg3h31tssnjqs3oiimb74',99,'2011-01-27 14:06:26'),('38n6sjg3h31tssnjqs3oiimb74',100,'2011-01-27 14:08:05'),('38n6sjg3h31tssnjqs3oiimb74',87,'2011-01-27 14:09:40'),('38n6sjg3h31tssnjqs3oiimb74',88,'2011-01-27 14:09:52'),('c0jr42sbcaguglt0ub02c0mng1',78,'2011-01-27 14:47:46'),('u99lroic1kk3mu7jmhu8tv9tv7',78,'2011-01-27 14:48:03'),('1dvu280dn2s446qa7u9qe10n15',83,'2011-01-27 14:54:00'),('dt0b1ph6f1djbvafsfi8bsgbm6',78,'2011-01-27 14:54:31'),('1dvu280dn2s446qa7u9qe10n15',88,'2011-01-27 14:56:16'),('1dvu280dn2s446qa7u9qe10n15',85,'2011-01-27 14:56:29'),('1dvu280dn2s446qa7u9qe10n15',84,'2011-01-27 14:57:04'),('1dvu280dn2s446qa7u9qe10n15',86,'2011-01-27 14:58:58'),('1dvu280dn2s446qa7u9qe10n15',82,'2011-01-27 14:59:04'),('1dvu280dn2s446qa7u9qe10n15',104,'2011-01-27 15:00:56'),('ug6s1lal511ts1ulbvvpharak5',78,'2011-01-27 15:05:50'),('ug6s1lal511ts1ulbvvpharak5',83,'2011-01-27 15:06:46'),('3bevpeodp6v1figu1mk64sovm7',78,'2011-01-27 15:08:06'),('3bevpeodp6v1figu1mk64sovm7',94,'2011-01-27 15:09:45'),('3bevpeodp6v1figu1mk64sovm7',91,'2011-01-27 15:09:51'),('2orq5rto2spacj9e6sst190q76',87,'2011-01-27 15:12:08'),('2orq5rto2spacj9e6sst190q76',78,'2011-01-27 15:12:48'),('ug6s1lal511ts1ulbvvpharak5',107,'2011-01-27 15:21:13'),('ug6s1lal511ts1ulbvvpharak5',82,'2011-01-27 15:24:01'),('ug6s1lal511ts1ulbvvpharak5',105,'2011-01-27 15:28:20'),('ug6s1lal511ts1ulbvvpharak5',102,'2011-01-27 15:28:26'),('ug6s1lal511ts1ulbvvpharak5',79,'2011-01-27 15:28:57'),('1tfcgbt529p5nljuqmb0r6dfo2',96,'2011-01-27 15:31:04'),('ug6s1lal511ts1ulbvvpharak5',84,'2011-01-27 15:31:43'),('ug6s1lal511ts1ulbvvpharak5',85,'2011-01-27 15:32:52'),('h3evcpveike4hu1pspbdi77qs5',78,'2011-01-27 15:33:50'),('janqeeahi3gmcogkpdq6aadmi3',78,'2011-01-27 16:36:09'),('cfl05rlof8kig80386e628hvr7',82,'2011-01-27 16:47:55'),('cfl05rlof8kig80386e628hvr7',103,'2011-01-27 16:48:02'),('cfl05rlof8kig80386e628hvr7',107,'2011-01-27 16:48:05'),('cfl05rlof8kig80386e628hvr7',83,'2011-01-27 16:48:21'),('cfl05rlof8kig80386e628hvr7',84,'2011-01-27 16:48:24'),('cfl05rlof8kig80386e628hvr7',85,'2011-01-27 16:48:27'),('cfl05rlof8kig80386e628hvr7',79,'2011-01-27 16:48:42'),('cfl05rlof8kig80386e628hvr7',78,'2011-01-27 16:50:56'),('cfl05rlof8kig80386e628hvr7',81,'2011-01-27 16:54:21'),('aju54ff32q1mt19ic65h2p3174',82,'2011-01-27 17:31:29'),('aju54ff32q1mt19ic65h2p3174',83,'2011-01-27 17:31:41'),('aju54ff32q1mt19ic65h2p3174',84,'2011-01-27 17:31:44'),('aju54ff32q1mt19ic65h2p3174',85,'2011-01-27 17:31:46'),('aju54ff32q1mt19ic65h2p3174',88,'2011-01-27 17:32:12'),('aju54ff32q1mt19ic65h2p3174',86,'2011-01-27 17:32:37'),('cfl05rlof8kig80386e628hvr7',80,'2011-01-27 17:32:56'),('nv761nscm8pu7fotub1tlk7342',78,'2011-01-27 17:41:32'),('hr693vjaurac0nb077pdsifjl4',106,'2011-01-27 17:48:09'),('hr693vjaurac0nb077pdsifjl4',79,'2011-01-27 17:50:22'),('hr693vjaurac0nb077pdsifjl4',84,'2011-01-27 17:50:25'),('hr693vjaurac0nb077pdsifjl4',85,'2011-01-27 17:51:36'),('likejdus01qnfij1n8rl335er1',106,'2011-01-27 20:21:59'),('likejdus01qnfij1n8rl335er1',100,'2011-01-27 20:28:45'),('likejdus01qnfij1n8rl335er1',88,'2011-01-27 20:28:54'),('s5s685ha1pjqlvno4bs89tmnc1',78,'2011-01-27 21:06:18'),('k2t9r0pedp8l38cuaa7vrhef71',106,'2011-01-27 22:12:58'),('k2t9r0pedp8l38cuaa7vrhef71',82,'2011-01-27 22:16:42'),('k2t9r0pedp8l38cuaa7vrhef71',103,'2011-01-27 22:17:58'),('k2t9r0pedp8l38cuaa7vrhef71',107,'2011-01-27 22:18:13'),('83ll7hg1gl8fk9rrb7kmtts4b7',83,'2011-01-27 22:20:25'),('k2t9r0pedp8l38cuaa7vrhef71',83,'2011-01-27 22:21:29'),('k2t9r0pedp8l38cuaa7vrhef71',84,'2011-01-27 22:21:43'),('k2t9r0pedp8l38cuaa7vrhef71',85,'2011-01-27 22:22:16'),('j5o1611rd9b8mo13741f4u2t02',106,'2011-01-27 22:23:49'),('j5o1611rd9b8mo13741f4u2t02',97,'2011-01-27 22:24:48'),('j5o1611rd9b8mo13741f4u2t02',84,'2011-01-27 22:25:00'),('j5o1611rd9b8mo13741f4u2t02',85,'2011-01-27 22:25:07'),('j5o1611rd9b8mo13741f4u2t02',91,'2011-01-27 22:28:27'),('j5o1611rd9b8mo13741f4u2t02',93,'2011-01-27 22:28:32'),('j5o1611rd9b8mo13741f4u2t02',94,'2011-01-27 22:28:38'),('j5o1611rd9b8mo13741f4u2t02',92,'2011-01-27 22:28:44'),('j5o1611rd9b8mo13741f4u2t02',103,'2011-01-27 22:29:01'),('7vf8opb3mb4gdpurd09a1r6ol6',87,'2011-01-28 02:41:40'),('5q7oefmqfjs6fkedvslrpc83m3',86,'2011-01-28 02:53:16'),('609u2qpufo8mutpipjfe7hjoc0',102,'2011-01-28 03:04:57'),('5g4tf8i5js4gqqmdj3cb4ateo4',90,'2011-01-28 03:08:19'),('l3aclmmb89hhtsg9cesvtga717',88,'2011-01-28 03:28:17'),('4footnmujmu2uq8fts9f16jrm5',101,'2011-01-28 03:39:54'),('4o9ace2kak500e3mejh0r0l7a3',88,'2011-01-28 03:42:32'),('2m2ta98maadf3acopi119600t3',96,'2011-01-28 03:53:56'),('u69ofb6ij31a8d180oir02hie0',100,'2011-01-28 04:03:13'),('9d9hs6uei0hii6qqefto2u2fs0',98,'2011-01-28 04:14:55'),('evq24ide4kljsq4iaeh7hmac64',89,'2011-01-28 04:16:48'),('ebgni5vhtso2k3pt8qmfo808b0',95,'2011-01-28 04:49:54'),('h1hq5schgnipb4b6jn93mtofa2',99,'2011-01-28 05:13:11'),('dntc9pnoi5d2tk2c691qq803d3',107,'2011-01-28 05:24:51'),('cv7nuuvoakc3mu846v6p5fbmo0',104,'2011-01-28 05:36:32'),('t1uqelfa666noain06l9blstb5',97,'2011-01-28 05:48:04'),('ogq2pp6fomru6ggdnv5p09di46',103,'2011-01-28 05:59:29'),('8h7grqqt62jl3ame6tar9euk66',106,'2011-01-28 06:11:34'),('kout0ej0813r3filgl7krvch07',105,'2011-01-28 06:22:24'),('0l3e6o8o4hue3bl5amtlpomhi7',86,'2011-01-28 12:42:44'),('0l3e6o8o4hue3bl5amtlpomhi7',103,'2011-01-28 12:43:02'),('91an6eg9pbp32o05pfv638a7f5',106,'2011-01-28 13:18:49'),('62tldqtj0pq6eqn819m9oenmv1',85,'2011-01-29 12:37:39'),('7mab5ub1ob7b77rn99t5g1jdv1',82,'2011-01-30 10:35:01'),('jplvubhgllq6d85ge467nthdr0',84,'2011-01-30 11:06:28'),('62tdt9a5nth0t4bokhtnl87jk0',78,'2011-01-30 13:52:17'),('rpaerlbgrg2dsvloocpskn6m45',82,'2011-01-30 18:24:07'),('5mgh5fe6h6kg12hcdp7jdgojj3',84,'2011-01-30 21:34:23'),('18t81ahb7dgch6ahpnsaast1a6',78,'2011-01-30 22:24:18'),('vbbiu5haednk3o6o74q1mh8qa5',78,'2011-01-30 22:26:18'),('fp41phan9fpb93l6ubn9077112',78,'2011-01-30 22:38:41'),('fp41phan9fpb93l6ubn9077112',79,'2011-01-30 23:14:54'),('fp41phan9fpb93l6ubn9077112',80,'2011-01-30 23:43:49'),('t28v83r541n67dvoqmem5tbaj6',86,'2011-01-31 02:32:16'),('g3uvtnnb2ikt22o2s00j227li7',103,'2011-01-31 03:19:51'),('dr0ocq26nkege382so5da44523',93,'2011-01-31 04:30:42'),('ur752rt5keq2u7dptn0abja0j7',92,'2011-01-31 04:48:03'),('qnbmgfntejtjhmt335e2freho0',84,'2011-01-31 05:25:28'),('e5d42v2msomidqnqbschl3mru7',91,'2011-01-31 06:07:44'),('uh6u58f52iovp9q8jef2vph9r7',82,'2011-01-31 06:46:07'),('a2q9926lsn49anj8rqa1a33712',80,'2011-01-31 06:50:36'),('lthorqj4lgscgtki237qqjgec4',91,'2011-01-31 07:13:44'),('ru4frd73ggprsthioqa8ltf7a4',94,'2011-01-31 07:40:50'),('kl7res9mj702hig146tpaidn26',93,'2011-01-31 08:04:05'),('j9lc99g7uobu37sh855h50l7o7',78,'2011-02-24 13:50:06'),('mug386hn9112gc3t0jdk0kjoa3',84,'2011-03-10 16:38:59'),('0372a7daomg06t6m9htoe72kv0',78,'2012-03-13 09:34:14'),('qlh3g7fddn524vvgt42choo3f1',78,'2012-03-13 09:41:50'),('sbcmvll08415qaooktk1u7d812',78,'2012-03-13 12:27:53'),('ien2aid5akntr9hgvgvrr4hrb2',88,'2012-03-13 14:36:50'),('lbgbq5eebetb1rgv4mqi0qv4h7',87,'2012-03-14 09:56:32'),('be6fl38djt1v08v2hclg38af13',78,'2012-03-14 12:16:30'),('klgdo7ha0757en276pcbf3sd23',78,'2012-03-14 14:08:30'),('pgobdp9fk1aaer7jmlk8uoaoq1',79,'2012-03-15 10:33:41');
/*!40000 ALTER TABLE `Requests` ENABLE KEYS */;
UNLOCK TABLES;

--
-- Dumping data for table `Sections`
--

LOCK TABLES `Sections` WRITE;
/*!40000 ALTER TABLE `Sections` DISABLE KEYS */;
INSERT INTO `Sections` (`id`, `fk_issue_id`, `IdPublication`, `NrIssue`, `IdLanguage`, `Number`, `Name`, `ShortName`, `Description`, `SectionTplId`, `ArticleTplId`) VALUES (1,1,2,1,1,15,'Blogroll','blogroll','',NULL,NULL),(2,1,2,1,1,5,'Pages','pages','',NULL,NULL),(3,3,2,13,1,60,'Sports','sports',NULL,0,0),(4,2,2,12,1,10,'Politics','politics','',NULL,NULL),(5,2,2,12,1,20,'Business','business','',NULL,NULL),(6,2,2,12,1,30,'Sci/Tech','tech','',NULL,NULL),(7,2,2,12,1,40,'Health','health','',NULL,NULL),(8,2,2,12,1,50,'Entertainment','entertainment','',NULL,NULL),(9,2,2,12,1,60,'Sports','sports','',NULL,NULL),(10,3,2,13,1,10,'Politics','politics',NULL,0,0),(11,3,2,13,1,20,'Business','business',NULL,0,0),(12,3,2,13,1,30,'Sci/Tech','tech',NULL,0,0),(13,3,2,13,1,40,'Health','health',NULL,0,0),(14,3,2,13,1,50,'Entertainment','entertainment',NULL,0,0),(15,1,2,1,1,50,'RSS placeholder','rss','',NULL,NULL);
/*!40000 ALTER TABLE `Sections` ENABLE KEYS */;
UNLOCK TABLES;

--
-- Dumping data for table `Sessions`
--

LOCK TABLES `Sessions` WRITE;
/*!40000 ALTER TABLE `Sessions` DISABLE KEYS */;
INSERT INTO `Sessions` (`id`, `start_time`, `user_id`) VALUES ('lbgbq5eebetb1rgv4mqi0qv4h7','2012-03-14 09:56:32',NULL),('be6fl38djt1v08v2hclg38af13','2012-03-14 12:16:30',NULL),('klgdo7ha0757en276pcbf3sd23','2012-03-14 14:08:30',NULL),('0372a7daomg06t6m9htoe72kv0','2012-03-13 09:34:14',NULL),('qlh3g7fddn524vvgt42choo3f1','2012-03-13 09:41:50',NULL),('sbcmvll08415qaooktk1u7d812','2012-03-13 12:27:53',NULL),('ien2aid5akntr9hgvgvrr4hrb2','2012-03-13 14:36:50',NULL),('pgobdp9fk1aaer7jmlk8uoaoq1','2012-03-15 10:33:41',NULL);
/*!40000 ALTER TABLE `Sessions` ENABLE KEYS */;
UNLOCK TABLES;

--
-- Dumping data for table `SubsByIP`
--

LOCK TABLES `SubsByIP` WRITE;
/*!40000 ALTER TABLE `SubsByIP` DISABLE KEYS */;
/*!40000 ALTER TABLE `SubsByIP` ENABLE KEYS */;
UNLOCK TABLES;

--
-- Dumping data for table `SubsDefTime`
--

LOCK TABLES `SubsDefTime` WRITE;
/*!40000 ALTER TABLE `SubsDefTime` DISABLE KEYS */;
/*!40000 ALTER TABLE `SubsDefTime` ENABLE KEYS */;
UNLOCK TABLES;

--
-- Dumping data for table `SubsSections`
--

LOCK TABLES `SubsSections` WRITE;
/*!40000 ALTER TABLE `SubsSections` DISABLE KEYS */;
INSERT INTO `SubsSections` (`id`, `IdSubscription`, `SectionNumber`, `IdLanguage`, `StartDate`, `Days`, `PaidDays`, `NoticeSent`) VALUES (1,1,10,1,'2010-10-06',5,0,'N'),(2,1,20,1,'2010-10-06',5,0,'N'),(3,1,30,1,'2010-10-06',5,0,'N'),(4,1,40,1,'2010-10-06',5,0,'N'),(5,1,50,1,'2010-10-06',5,0,'N'),(6,1,60,1,'2010-10-06',5,0,'N'),(7,2,5,NULL,'2011-03-10',0,0,'N'),(8,2,10,NULL,'2011-03-10',0,0,'N'),(9,2,15,NULL,'2011-03-10',0,0,'N'),(10,2,20,NULL,'2011-03-10',0,0,'N'),(11,2,30,NULL,'2011-03-10',0,0,'N'),(12,2,40,NULL,'2011-03-10',0,0,'N'),(13,2,50,NULL,'2011-03-10',0,0,'N'),(14,2,60,NULL,'2011-03-10',0,0,'N'),(15,3,5,NULL,'2011-03-10',0,0,'N'),(16,3,10,NULL,'2011-03-10',0,0,'N'),(17,3,15,NULL,'2011-03-10',0,0,'N'),(18,3,20,NULL,'2011-03-10',0,0,'N'),(19,3,30,NULL,'2011-03-10',0,0,'N'),(20,3,40,NULL,'2011-03-10',0,0,'N'),(21,3,50,NULL,'2011-03-10',0,0,'N'),(22,3,60,NULL,'2011-03-10',0,0,'N');
/*!40000 ALTER TABLE `SubsSections` ENABLE KEYS */;
UNLOCK TABLES;

--
-- Dumping data for table `Subscriptions`
--

LOCK TABLES `Subscriptions` WRITE;
/*!40000 ALTER TABLE `Subscriptions` DISABLE KEYS */;
INSERT INTO `Subscriptions` (`Id`, `IdUser`, `IdPublication`, `Active`, `ToPay`, `Currency`, `Type`) VALUES (2,26,2,'Y',0.00,'','P'),(3,1,2,'Y',0.00,'','P');
/*!40000 ALTER TABLE `Subscriptions` ENABLE KEYS */;
UNLOCK TABLES;

--
-- Dumping data for table `SystemPreferences`
--

LOCK TABLES `SystemPreferences` WRITE;
/*!40000 ALTER TABLE `SystemPreferences` DISABLE KEYS */;
INSERT INTO `SystemPreferences` (`id`, `varname`, `value`, `last_modified`) VALUES (1,'ExternalSubscriptionManagement','N','2007-03-07 07:15:36'),(2,'KeywordSeparator',',','2007-03-07 07:15:36'),(3,'LoginFailedAttemptsNum','3','2007-06-16 04:52:31'),(4,'MaxUploadFileSize','10M','2011-07-07 09:58:40'),(5,'UseDBReplication','N','2007-03-07 07:15:36'),(6,'DBReplicationHost','','2007-03-07 07:15:36'),(7,'DBReplicationUser','','2007-03-07 07:15:36'),(8,'DBReplicationPass','','2007-03-07 07:15:36'),(9,'DBReplicationPort','3306','2007-03-07 07:15:36'),(70,'support_stats_ip_address','10.0.250.9','2012-02-09 11:26:01'),(69,'support_stats_server','Apache/2.2.17 (Ubuntu)','2012-02-09 11:26:01'),(68,'installation_id','2a80f2f6094f4e3d2e7b01ba21951f3720060454','2012-02-09 11:26:01'),(67,'CollectStatistics','Y','2012-02-09 11:20:48'),(15,'SiteOnline','Y','2007-10-07 01:49:11'),(16,'SiteCharset','utf-8','2007-07-26 04:49:32'),(17,'SiteLocale','en-US','2007-07-26 04:49:56'),(18,'SiteCacheEnabled','Y','2010-07-28 16:17:03'),(22,'SiteMetaKeywords','Newscoop, Sourcefabric, enterprise content management, open source, media, journalism','2011-01-17 12:29:43'),(19,'SiteSecretKey','4b506c2968184be185f6282f5dcac832','2007-10-04 20:51:41'),(20,'SiteSessionLifeTime','9999','2011-07-07 09:58:40'),(21,'SiteTitle','Newscoop 4','2012-03-08 15:36:21'),(23,'SiteMetaDescription','Newscoop - The open content management system for professional journalists.','2011-01-17 12:29:43'),(24,'SMTPHost','localhost','2007-10-26 01:30:45'),(25,'SMTPPort','25','2007-10-26 01:30:45'),(26,'DBCacheEngine',NULL,'2011-01-17 12:28:20'),(27,'EditorImageRatio','100','2009-06-15 17:21:08'),(28,'TemplateFilter','.*, CVS','2009-06-15 17:21:08'),(29,'ImagecacheLifetime','86400','2009-06-22 11:54:19'),(30,'EditorImageResizeWidth','','2010-06-29 20:31:14'),(31,'EditorImageResizeHeight','','2010-06-29 20:31:14'),(32,'EditorImageZoom','N','2010-06-29 20:31:14'),(33,'TimeZone',NULL,'2010-06-29 20:31:14'),(34,'ExternalCronManagement','Y','2010-06-29 20:31:14'),(35,'TemplateCacheHandler',NULL,'2011-01-17 12:28:20'),(36,'PasswordRecovery','Y','2011-01-17 12:28:20'),(37,'MapCenterLongitudeDefault','14.424133','2011-01-17 12:28:20'),(38,'MapCenterLatitudeDefault','50.089926','2011-01-17 12:28:20'),(39,'MapDisplayResolutionDefault','4','2011-01-17 12:28:20'),(40,'MapViewWidthDefault','304','2011-07-07 09:58:40'),(41,'MapViewHeightDefault','250','2011-07-07 09:58:40'),(42,'MapProviderAvailableGoogleV3','1','2011-01-17 12:28:20'),(43,'MapProviderAvailableMapQuest','1','2011-01-17 12:28:20'),(44,'MapProviderAvailableOSM','1','2011-01-17 12:28:20'),(45,'MapProviderDefault','GoogleV3','2011-01-17 12:28:20'),(46,'MapMarkerDirectory','/js/geocoding/markers/','2012-02-09 11:20:48'),(47,'MapMarkerSourceDefault','marker-gold.png','2011-01-17 12:28:20'),(48,'MapPopupWidthMin','300','2012-02-09 16:41:19'),(49,'MapPopupHeightMin','200','2012-02-09 16:41:19'),(50,'MapVideoWidthYouTube','320','2012-02-09 11:20:48'),(51,'MapVideoHeightYouTube','240','2012-02-09 11:20:48'),(52,'MapVideoWidthVimeo','320','2012-02-09 11:20:48'),(53,'MapVideoHeightVimeo','180','2012-02-09 11:20:48'),(54,'MapVideoWidthFlash','320','2012-02-09 11:20:48'),(55,'MapVideoHeightFlash','240','2012-02-09 11:20:48'),(56,'MapVideoWidthFlv','320','2012-02-09 11:20:48'),(57,'MapVideoHeightFlv','240','2012-02-09 11:20:48'),(58,'FlashServer','','2011-01-17 12:28:20'),(59,'FlashDirectory','videos/','2011-01-17 12:28:20'),(61,'WidgetsInstalled','1309942718','2011-07-06 08:58:38'),(62,'PasswordRecoveryFrom','','2011-07-07 09:58:40'),(63,'MapAutoFocusDefault','0','2012-03-01 13:27:17'),(64,'MapAutoFocusMaxZoom','10','2012-02-09 11:20:48'),(65,'MapAutoFocusBorder','50','2012-02-09 11:20:48'),(66,'MapAutoCSSFile','/js/geocoding/styles/map-info.css','2012-02-09 11:20:48'),(71,'support_stats_ram_total','512','2012-02-09 11:26:01'),(72,'support_set','1','2012-02-09 11:26:05'),(73,'support_send','0','2012-02-09 11:26:05'),(74,'PLUGIN_RECAPTCHA_ENABLED','Y','2012-02-09 16:42:18'),(75,'PLUGIN_RECAPTCHA_SUBSCRIPTIONS_ENABLED','Y','2012-02-09 16:42:20'),(76,'PLUGIN_RECAPTCHA_PUBLIC_KEY','6Lepb80SAAAAADHtn8hgGes-98V7klp7CI3C0rjQ','2012-02-09 16:42:20'),(77,'PLUGIN_RECAPTCHA_PRIVATE_KEY','6Lepb80SAAAAAIXonXYW9sL3j-SXrRGyR4n7Nml3','2012-02-09 16:42:20'),(78,'stat_ask_time','1331631795','2012-03-13 09:43:15');
/*!40000 ALTER TABLE `SystemPreferences` ENABLE KEYS */;
UNLOCK TABLES;

--
-- Dumping data for table `TemplateTypes`
--

LOCK TABLES `TemplateTypes` WRITE;
/*!40000 ALTER TABLE `TemplateTypes` DISABLE KEYS */;
INSERT INTO `TemplateTypes` (`Id`, `Name`) VALUES (1,'default'),(2,'issue'),(3,'section'),(4,'article'),(5,'nontpl');
/*!40000 ALTER TABLE `TemplateTypes` ENABLE KEYS */;
UNLOCK TABLES;

--
-- Dumping data for table `Templates`
--

LOCK TABLES `Templates` WRITE;
/*!40000 ALTER TABLE `Templates` DISABLE KEYS */;
INSERT INTO `Templates` (`Id`, `Name`, `Type`, `Level`, `CacheLifetime`) VALUES (1420,'publication_2/theme_1/404.tpl',1,0,0),(1421,'publication_2/theme_1/archive.tpl',1,0,0),(1422,'publication_2/theme_1/article.tpl',1,0,0),(1423,'publication_2/theme_1/author.tpl',1,0,0),(1424,'publication_2/theme_1/front.tpl',1,0,0),(1425,'publication_2/theme_1/issue.tpl',1,0,0),(1499,'publication_2/theme_1/paginator_control.tpl',1,0,0),(1427,'publication_2/theme_1/rss.tpl',1,0,0),(1428,'publication_2/theme_1/search.tpl',1,0,0),(1429,'publication_2/theme_1/section.tpl',1,0,0),(1500,'publication_2/theme_1/register_after.tpl',1,0,0),(1501,'publication_2/theme_1/register_confirm.tpl',1,0,0),(1432,'publication_2/theme_1/_banner-sidebar.tpl',1,0,0),(1433,'publication_2/theme_1/_html-foot.tpl',1,0,0),(1434,'publication_2/theme_1/_html-head.tpl',1,0,0),(1435,'publication_2/theme_1/archive-cont.tpl',1,0,0),(1436,'publication_2/theme_1/article-aside.tpl',1,0,0),(1437,'publication_2/theme_1/article-comments.tpl',1,0,0),(1438,'publication_2/theme_1/article-cont.tpl',1,0,0),(1439,'publication_2/theme_1/article-icons.tpl',1,0,0),(1440,'publication_2/theme_1/author-cont.tpl',1,0,0),(1441,'publication_2/theme_1/footer.tpl',1,0,0),(1442,'publication_2/theme_1/front-highlights.tpl',1,0,0),(1443,'publication_2/theme_1/front-morenews.tpl',1,0,0),(1444,'publication_2/theme_1/front-sections.tpl',1,0,0),(1445,'publication_2/theme_1/front-topstory.tpl',1,0,0),(1446,'publication_2/theme_1/header.tpl',1,0,0),(1447,'publication_2/theme_1/issue-cont.tpl',1,0,0),(1448,'publication_2/theme_1/search-cont.tpl',1,0,0),(1449,'publication_2/theme_1/section-cont.tpl',1,0,0),(1450,'publication_2/theme_1/sidebar-loginbox.tpl',1,0,0),(1451,'publication_2/theme_1/sidebar-most.tpl',1,0,0),(1452,'publication_2/theme_1/sidebar-poll.tpl',1,0,0),(1453,'publication_2/theme_1/subscription-form.tpl',1,0,0),(1454,'publication_2/theme_1/user-form.tpl',1,0,0),(1455,'publication_2/theme_1/image-renditions.tpl',1,0,0),(1456,'publication_2/theme_1/img_500x333.tpl',1,0,0),(1457,'publication_2/theme_1/_tpl/img/img_600x450.tpl',1,0,0),(1458,'publication_2/theme_1/_tpl/article-cont.tpl',1,0,0),(1459,'publication_2/theme_1/_tpl/section-cont.tpl',1,0,0),(1460,'publication_2/theme_1/_tpl/img/img_250x167.tpl',1,0,0),(1461,'publication_2/theme_1/_tpl/_banner-sidebar.tpl',1,0,0),(1462,'publication_2/theme_1/_tpl/_html-foot.tpl',1,0,0),(1463,'publication_2/theme_1/_tpl/_html-head.tpl',1,0,0),(1464,'publication_2/theme_1/_tpl/archive-cont.tpl',1,0,0),(1465,'publication_2/theme_1/_tpl/article-aside.tpl',1,0,0),(1466,'publication_2/theme_1/_tpl/article-comments.tpl',1,0,0),(1467,'publication_2/theme_1/_tpl/article-icons.tpl',1,0,0),(1468,'publication_2/theme_1/_tpl/author-cont.tpl',1,0,0),(1469,'publication_2/theme_1/_tpl/footer.tpl',1,0,0),(1470,'publication_2/theme_1/_tpl/front-highlights.tpl',1,0,0),(1471,'publication_2/theme_1/_tpl/front-morenews.tpl',1,0,0),(1472,'publication_2/theme_1/_tpl/front-sections.tpl',1,0,0),(1473,'publication_2/theme_1/_tpl/front-topstory.tpl',1,0,0),(1474,'publication_2/theme_1/_tpl/header.tpl',1,0,0),(1475,'publication_2/theme_1/_tpl/image-renditions.tpl',1,0,0),(1476,'publication_2/theme_1/_tpl/issue-cont.tpl',1,0,0),(1477,'publication_2/theme_1/_tpl/search-cont.tpl',1,0,0),(1478,'publication_2/theme_1/_tpl/sidebar-loginbox.tpl',1,0,0),(1479,'publication_2/theme_1/_tpl/sidebar-most.tpl',1,0,0),(1480,'publication_2/theme_1/_tpl/sidebar-poll.tpl',1,0,0),(1498,'publication_2/theme_1/user-image.tpl',1,0,0),(1497,'publication_2/theme_1/_tpl/user-image.tpl',1,0,0),(1483,'publication_2/theme_1/img_150x100.tpl',1,0,0),(1484,'publication_2/theme_1/img_250x167.tpl',1,0,0),(1485,'publication_2/theme_1/img_600x450.tpl',1,0,0),(1486,'publication_2/theme_1/front-dynamicmap.tpl',1,0,0),(1487,'publication_2/theme_1/img_150x150.tpl',1,0,0),(1488,'publication_2/theme_1/_tpl/front-dynamicmap.tpl',1,0,0),(1489,'publication_2/theme_1/auth_index.tpl',1,0,0),(1490,'publication_2/theme_1/dashboard_index.tpl',1,0,0),(1491,'publication_2/theme_1/layout.tpl',1,0,0),(1492,'publication_2/theme_1/user_index.tpl',1,0,0),(1493,'publication_2/theme_1/user_profile.tpl',1,0,0),(1494,'publication_2/theme_1/auth_password-restore-after.tpl',1,0,0),(1495,'publication_2/theme_1/auth_password-restore-finish.tpl',1,0,0),(1496,'publication_2/theme_1/auth_password-restore.tpl',1,0,0),(1502,'publication_2/theme_1/register_index.tpl',1,0,0),(1503,'publication_2/theme_1/register_pending.tpl',1,0,0),(1504,'publication_2/theme_1/register_social.tpl',1,0,0),(1505,'publication_2/theme_1/_tpl/user-content.tpl',1,0,0),(1506,'publication_2/theme_1/user-content.tpl',1,0,0),(1507,'publication_2/theme_1/_edit-article.tpl',1,0,0),(1508,'publication_2/theme_1/relative_date.tpl',1,0,0),(1509,'publication_2/theme_1/sidebar-community-feed.tpl',1,0,0),(1510,'publication_2/theme_1/front-morestories.tpl',1,0,0),(1511,'publication_2/theme_1/img_600x400.tpl',1,0,0),(1512,'unassigned/set_zen/404.tpl',1,0,0),(1513,'unassigned/set_zen/archive.tpl',1,0,0),(1514,'unassigned/set_zen/article.tpl',1,0,0),(1515,'unassigned/set_zen/front.tpl',1,0,0),(1516,'unassigned/set_zen/register.tpl',1,0,0),(1517,'unassigned/set_zen/rss.tpl',1,0,0),(1518,'unassigned/set_zen/search.tpl',1,0,0),(1519,'unassigned/set_zen/section.tpl',1,0,0),(1520,'unassigned/set_zen/subscription.tpl',1,0,0),(1521,'unassigned/set_zen/user-chgpass.tpl',1,0,0),(1522,'unassigned/set_zen/_banner300x250.tpl',1,0,0),(1523,'unassigned/set_zen/_banner728x90.tpl',1,0,0),(1524,'unassigned/set_zen/_html-head.tpl',1,0,0),(1525,'unassigned/set_zen/article-comments-errorcheck.tpl',1,0,0),(1526,'unassigned/set_zen/article-comments.tpl',1,0,0),(1527,'unassigned/set_zen/article-gallery.tpl',1,0,0),(1528,'unassigned/set_zen/article-icons.tpl',1,0,0),(1529,'unassigned/set_zen/article-ifaudio.tpl',1,0,0),(1530,'unassigned/set_zen/article-ifvideo.tpl',1,0,0),(1531,'unassigned/set_zen/article-mostread.tpl',1,0,0),(1532,'unassigned/set_zen/article-social.tpl',1,0,0),(1533,'unassigned/set_zen/block-about.tpl',1,0,0),(1534,'unassigned/set_zen/block-mostread.tpl',1,0,0),(1535,'unassigned/set_zen/block-poll.tpl',1,0,0),(1536,'unassigned/set_zen/block-recentcomments.tpl',1,0,0),(1537,'unassigned/set_zen/footer.tpl',1,0,0),(1538,'unassigned/set_zen/front-also-categories.tpl',1,0,0),(1539,'unassigned/set_zen/front-three-categories.tpl',1,0,0),(1540,'unassigned/set_zen/front-topfeatures.tpl',1,0,0),(1541,'unassigned/set_zen/link-readmore.tpl',1,0,0),(1542,'unassigned/set_zen/sidebar-blogroll.tpl',1,0,0),(1543,'unassigned/set_zen/sidebar-pages.tpl',1,0,0),(1544,'unassigned/set_zen/sidebar-related.tpl',1,0,0),(1545,'unassigned/set_zen/subscription-form.tpl',1,0,0),(1546,'unassigned/set_zen/top-login.tpl',1,0,0),(1547,'unassigned/set_zen/top-nav.tpl',1,0,0),(1548,'unassigned/set_zen/top-search-box.tpl',1,0,0),(1549,'unassigned/set_zen/top.tpl',1,0,0),(1550,'unassigned/set_zen/user-form.tpl',1,0,0),(1551,'unassigned/set_journalist/archive-issues.tpl',1,0,0),(1552,'unassigned/set_journalist/archive-tags.tpl',1,0,0),(1553,'unassigned/set_journalist/index.tpl',1,0,0),(1554,'unassigned/set_journalist/photoblog.tpl',1,0,0),(1555,'unassigned/set_journalist/rss.tpl',1,0,0),(1556,'unassigned/set_journalist/search.tpl',1,0,0),(1557,'unassigned/set_journalist/single.tpl',1,0,0),(1558,'unassigned/set_journalist/sitemap.tpl',1,0,0),(1559,'unassigned/set_journalist/_html-head.tpl',1,0,0),(1560,'unassigned/set_journalist/cont-entry-comments.tpl',1,0,0),(1561,'unassigned/set_journalist/cont-entry-full.tpl',1,0,0),(1562,'unassigned/set_journalist/cont-entry-intro.tpl',1,0,0),(1563,'unassigned/set_journalist/cont-navigate.tpl',1,0,0),(1564,'unassigned/set_journalist/dynamic-map-issue.tpl',1,0,0),(1565,'unassigned/set_journalist/dynamic-map-topic.tpl',1,0,0),(1566,'unassigned/set_journalist/footer.tpl',1,0,0),(1567,'unassigned/set_journalist/header.tpl',1,0,0),(1568,'unassigned/set_journalist/photoblog-gallery.tpl',1,0,0),(1569,'unassigned/set_journalist/sidebar-about.tpl',1,0,0),(1570,'unassigned/set_journalist/sidebar-archive.tpl',1,0,0),(1571,'unassigned/set_journalist/sidebar-banner.tpl',1,0,0),(1572,'unassigned/set_journalist/sidebar-categories.tpl',1,0,0),(1573,'unassigned/set_journalist/sidebar-language.tpl',1,0,0),(1574,'unassigned/set_journalist/sidebar-map.tpl',1,0,0),(1575,'unassigned/set_journalist/sidebar-miniblog.tpl',1,0,0),(1576,'unassigned/set_journalist/sidebar-photoblog.tpl',1,0,0),(1577,'unassigned/set_journalist/sidebar-search.tpl',1,0,0),(1578,'unassigned/set_journalist/sidebar.tpl',1,0,0),(1579,'unassigned/set_journalist/_campsite_error.tpl',1,0,0),(1580,'unassigned/set_journalist/_campsite_message.tpl',1,0,0),(1581,'unassigned/set_journalist/_campsite_offline.tpl',1,0,0),(1582,'unassigned/set_journalist/_events_notifier.tpl',1,0,0),(1583,'unassigned/set_journalist/_subscription_notifier.tpl',1,0,0);
/*!40000 ALTER TABLE `Templates` ENABLE KEYS */;
UNLOCK TABLES;

--
-- Dumping data for table `TimeUnits`
--

LOCK TABLES `TimeUnits` WRITE;
/*!40000 ALTER TABLE `TimeUnits` DISABLE KEYS */;
INSERT INTO `TimeUnits` (`Unit`, `IdLanguage`, `Name`) VALUES ('D',1,'days'),('W',1,'weeks'),('M',1,'months'),('Y',1,'years'),('D',18,'dagar'),('W',18,'veckor'),('M',18,'mnader'),('Y',18,'r'),('D',13,'das'),('W',13,'semanas'),('M',13,'meses'),('Y',13,'aos'),('D',12,'days'),('W',12,'weeks'),('M',12,'months'),('Y',12,'years');
/*!40000 ALTER TABLE `TimeUnits` ENABLE KEYS */;
UNLOCK TABLES;

--
-- Dumping data for table `TopicFields`
--

LOCK TABLES `TopicFields` WRITE;
/*!40000 ALTER TABLE `TopicFields` DISABLE KEYS */;
/*!40000 ALTER TABLE `TopicFields` ENABLE KEYS */;
UNLOCK TABLES;

--
-- Dumping data for table `TopicNames`
--

LOCK TABLES `TopicNames` WRITE;
/*!40000 ALTER TABLE `TopicNames` DISABLE KEYS */;
INSERT INTO `TopicNames` (`fk_topic_id`, `fk_language_id`, `name`) VALUES (92,1,'Real Estate'),(97,1,'Hot Properties'),(97,13,'Lo ms interesante'),(96,1,'Selling Real Estate'),(96,13,'Venta de Bienes Races'),(95,1,'Buying Real Estate'),(95,13,'Compra de Bienes Races'),(94,1,'Real Estate Brokers'),(94,13,'Agentes de bienes races'),(93,1,'Apartments'),(93,13,'Apartamentos'),(92,13,'Bienes Raices'),(90,1,'News You Can Use'),(91,1,'Do It Yourself'),(91,13,'Hgalo usted mismo'),(90,13,'Noticias tiles'),(80,1,'Politics'),(84,1,'National Politics'),(83,1,'Local Politics'),(83,13,'Poltica Local'),(82,1,'2010 Elections'),(82,13,'Elecciones 2010'),(81,1,'Republican Party'),(81,13,'Partido Republicano'),(79,1,'Democratic Party'),(79,13,'Partido Demcrata'),(80,13,'Poltica'),(66,1,'Crime'),(69,1,'Vandalism'),(69,13,'Vandalismo'),(67,1,'Crime Prevention'),(68,1,'Neighborhood Watch'),(68,13,'Vigilancia del Vecindario'),(67,13,'Prevencin del Delito'),(66,13,'Crimen'),(55,1,'Local News'),(58,1,'Bridgeport County'),(61,1,'Government'),(65,1,'Bridgeport County Library'),(65,13,'Biblioteca del Condado de Bridgeport'),(63,1,'Supervisors'),(63,13,'Supervisores'),(62,1,'Planning Commission'),(62,13,'Comisin de Planificacin'),(61,13,'Gobierno'),(60,1,'Fairfield'),(78,1,'Farmer\'s Market'),(78,13,'Mercado Campesino'),(60,13,'Fairfield'),(59,1,'Smallville'),(59,13,'Smallville'),(58,13,'Condado de Bridgeport'),(55,13,'Noticias Locales'),(52,1,'Agriculture'),(54,1,'Infestation'),(54,13,'Infestacin'),(53,1,'Agribusiness'),(53,13,'Agribusiness'),(52,13,'Agricultura'),(49,1,'Accidents'),(51,1,'Airplane Accidents'),(51,13,'Avin Accidentes'),(50,1,'Highway Accidents'),(50,13,'Carretera Accidentes'),(49,13,'Accidentes'),(38,1,'Entertainment'),(46,1,'Celebrity Gossip'),(46,13,'Chismes de Celebridad'),(44,1,'Movie News'),(44,13,'Pelcula Noticias'),(40,1,'Review'),(43,1,'Restaurant Review'),(43,13,'Revisin del restaurante'),(42,1,'Theater Review'),(42,13,'Examen de Thtre'),(41,1,'Movie Review'),(41,13,'Examen de la pelcula'),(40,13,'Anlisis'),(38,13,'Entretenimiento'),(28,1,'Breaking News'),(28,13,'Noticias de ltima hora'),(25,1,'Business'),(77,1,'National Economy'),(77,13,'Economa Nacional'),(76,1,'Forecasts'),(76,13,'Pronsticos'),(75,1,'World Economy'),(75,13,'Economa Mundial'),(74,1,'Local Economy'),(74,13,'Economa Local'),(73,1,'Foreign Trade'),(73,13,'Comercio Exterior'),(70,1,'Industry'),(72,1,'Pharmaceuticals'),(72,13,'Farmacutica'),(71,1,'Software'),(71,13,'Software'),(70,13,'Industria'),(48,1,'Local Business Events'),(48,13,'Eventos de empresas locales'),(47,1,'Local Business'),(47,13,'De empresas locales'),(27,1,'Stocks'),(27,13,'Existencias'),(26,1,'Takeovers'),(26,13,'Adquisiciones'),(25,13,'Negocios'),(22,1,'Safety'),(23,1,'Car and Truck Safety'),(23,13,'La seguridad del coche'),(22,13,'Seguridad'),(20,1,'Olympics'),(20,13,'Juegos Olmpicos'),(17,1,'Local Sports'),(21,1,'Street Luge'),(21,13,'Street Luge'),(18,1,'Water Polo'),(18,13,'Waterpolo'),(17,13,'Deportes locales'),(16,1,'Geography'),(16,13,'Geografa'),(15,1,'Fashion'),(31,1,'Colors'),(31,13,'Colores'),(30,1,'Trends'),(30,13,'Tendencias'),(29,1,'Milan Shows'),(29,13,'Muestra Miln'),(15,13,'Moda'),(13,1,'Funny'),(14,1,'Cute Animals'),(14,13,'Dulce Animales'),(13,13,'Gracioso'),(12,1,'Features'),(12,13,'Caractersticas'),(11,1,'People In The News'),(11,13,'La gente en las noticias'),(8,1,'Cars'),(89,1,'Auto Trends'),(88,1,'Hot Rods'),(88,13,'Hot Rods'),(87,1,'Auto Financing'),(87,13,'Financiamiento de Autos'),(86,1,'Car Maintenance'),(86,13,'Mantenimiento de coches'),(85,1,'Electric Cars'),(85,13,'Coches elctricos'),(37,1,'Mechanics'),(37,13,'Mecnica'),(10,1,'Cruise Night'),(10,13,'Crucero nocturno'),(9,1,'Car Shows'),(9,13,'Salones del automvil'),(8,13,'Coches'),(5,1,'Weather'),(36,1,'Freak Weather'),(36,13,'Luntico Tiempo'),(32,1,'Storms'),(35,1,'Snow'),(34,1,'Hail'),(34,13,'Granizo'),(33,1,'Rain'),(33,13,'Lluvia'),(32,13,'Tormentas'),(5,13,'Tiempo'),(1,1,'Wurzel'),(3,1,'Sub2'),(3,13,'Sub2'),(2,1,'Sub1'),(4,1,'Sub1-1'),(4,13,'Sub1-1'),(2,13,'Sub1'),(1,13,'Raz');
/*!40000 ALTER TABLE `TopicNames` ENABLE KEYS */;
UNLOCK TABLES;

--
-- Dumping data for table `Topics`
--

LOCK TABLES `Topics` WRITE;
/*!40000 ALTER TABLE `Topics` DISABLE KEYS */;
INSERT INTO `Topics` (`id`, `node_left`, `node_right`) VALUES (92,165,176),(97,174,175),(96,172,173),(95,170,171),(94,168,169),(93,166,167),(90,161,164),(91,162,163),(80,149,160),(84,158,159),(83,156,157),(82,154,155),(81,152,153),(79,150,151),(66,141,148),(69,146,147),(67,142,145),(68,143,144),(55,123,140),(58,124,139),(61,131,138),(65,136,137),(63,134,135),(62,132,133),(60,127,130),(78,128,129),(59,125,126),(52,117,122),(54,120,121),(53,118,119),(49,111,116),(51,114,115),(50,112,113),(38,97,110),(46,108,109),(44,106,107),(40,98,105),(43,103,104),(42,101,102),(41,99,100),(28,95,96),(25,69,94),(77,92,93),(76,90,91),(75,88,89),(74,86,87),(73,84,85),(70,78,83),(72,81,82),(71,79,80),(48,76,77),(47,74,75),(27,72,73),(26,70,71),(22,65,68),(23,66,67),(20,63,64),(17,57,62),(21,60,61),(18,58,59),(16,55,56),(15,47,54),(31,52,53),(30,50,51),(29,48,49),(13,43,46),(14,44,45),(12,41,42),(11,39,40),(8,21,38),(89,36,37),(88,34,35),(87,32,33),(86,30,31),(85,28,29),(37,26,27),(10,24,25),(9,22,23),(5,9,20),(36,18,19),(32,10,17),(35,15,16),(34,13,14),(33,11,12),(1,1,8),(3,6,7),(2,2,5),(4,3,4);
/*!40000 ALTER TABLE `Topics` ENABLE KEYS */;
UNLOCK TABLES;

--
-- Dumping data for table `Translations`
--

LOCK TABLES `Translations` WRITE;
/*!40000 ALTER TABLE `Translations` DISABLE KEYS */;
INSERT INTO `Translations` (`id`, `phrase_id`, `fk_language_id`, `translation_text`) VALUES (1,1,1,'article'),(15,12,0,'Sourcefabric Jingle'),(16,13,0,'Sourcefabric Jingle'),(17,14,0,'Sourcefabric Video'),(18,15,0,'Sourcefabric Video');
/*!40000 ALTER TABLE `Translations` ENABLE KEYS */;
UNLOCK TABLES;

--
-- Dumping data for table `URLTypes`
--

LOCK TABLES `URLTypes` WRITE;
/*!40000 ALTER TABLE `URLTypes` DISABLE KEYS */;
INSERT INTO `URLTypes` (`Id`, `Name`, `Description`) VALUES (1,'template path',''),(2,'short names','');
/*!40000 ALTER TABLE `URLTypes` ENABLE KEYS */;
UNLOCK TABLES;

--
-- Dumping data for table `Versions`
--

LOCK TABLES `Versions` WRITE;
/*!40000 ALTER TABLE `Versions` DISABLE KEYS */;
INSERT INTO `Versions` (`id`, `ver_name`, `ver_value`, `last_modified`) VALUES (1,'last_db_version','4.1.x','2013-01-24 17:34:35'),(2,'last_db_roll','2013-01-23','2013-01-24 17:34:35');
/*!40000 ALTER TABLE `Versions` ENABLE KEYS */;
UNLOCK TABLES;

--
-- Dumping data for table `Widget`
--

LOCK TABLES `Widget` WRITE;
/*!40000 ALTER TABLE `Widget` DISABLE KEYS */;
INSERT INTO `Widget` (`id`, `path`, `class`) VALUES (1,'article-lists/MostPopularArticlesWidget.php','MostPopularArticlesWidget'),(2,'article-lists/PendingArticlesWidget.php','PendingArticlesWidget'),(3,'article-lists/RecentlyModifiedArticlesWidget.php','RecentlyModifiedArticlesWidget'),(4,'article-lists/RecentlyPublishedArticlesWidget.php','RecentlyPublishedArticlesWidget'),(5,'article-lists/SubmittedArticlesWidget.php','SubmittedArticlesWidget'),(6,'article-lists/YourArticlesWidget.php','YourArticlesWidget'),(7,'feed-reader/FeedReader.php','FeedReader'),(8,'google-gadgets/GoogleGadget.php','GoogleGadget'),(9,'google-gadgets/MapsGoogleGadget.php','MapsGoogleGadget'),(10,'hello-world/HelloWorld.php','HelloWorld'),(11,'media-archive/ImageListWidget.php','ImageListWidget'),(12,'media-archive/MediaListWidget.php','MediaListWidget'),(13,'sourcefabric/SourcefabricDevFeed.php','SourcefabricDevFeed'),(14,'sourcefabric/SourcefabricFeed.php','SourcefabricFeed'),(15,'sourcefabric/SourcefabricNewsletter.php','SourcefabricNewsletter'),(16,'wikipedia/SearchWikipedia.php','SearchWikipedia'),(17,'newsdesk/NewsDesk.php','NewsDesk');
/*!40000 ALTER TABLE `Widget` ENABLE KEYS */;
UNLOCK TABLES;

--
-- Dumping data for table `WidgetContext`
--

LOCK TABLES `WidgetContext` WRITE;
/*!40000 ALTER TABLE `WidgetContext` DISABLE KEYS */;
INSERT INTO `WidgetContext` (`id`, `name`) VALUES (3,'dashboard1'),(4,'dashboard2');
/*!40000 ALTER TABLE `WidgetContext` ENABLE KEYS */;
UNLOCK TABLES;

--
-- Dumping data for table `WidgetContext_Widget`
--

LOCK TABLES `WidgetContext_Widget` WRITE;
/*!40000 ALTER TABLE `WidgetContext_Widget` DISABLE KEYS */;
INSERT INTO `WidgetContext_Widget` (`id`, `fk_widgetcontext_id`, `fk_widget_id`, `fk_user_id`, `order`, `settings`) VALUES ('w8d7e96bfcdb0',3,1,1,8,''),('w4203f56c4e64',3,2,1,10,''),('w7b4f8eb0ffc6',3,3,1,2,''),('wf598e9dbdc97',3,4,1,6,''),('w0f4e67771926',3,5,1,4,''),('we69ad5dbab3e',3,6,1,0,''),('wbb7b7f2dcbbf',4,9,1,5,''),('w27761d8d4160',4,13,1,9,''),('wfe258e010c1a',4,14,1,1,''),('wdba1a6227b9f',4,15,1,3,''),('w83d0bfda08c5',4,16,1,7,''),('w2ec44a35d044',3,2,31,1,''),('w860756760b11',3,3,31,2,''),('w269b62b5f55f',4,7,31,1,''),('w0ccfc304fbc3',4,11,31,-2,''),('w829fcf26df5d',3,6,49,-1,''),('w354bf77d5b78',4,4,49,-1,''),('w4341c0f6d286',3,16,49,-2,''),('wb9f594f88955',4,3,49,-2,''),('w5abc8c76b93b',3,9,49,-3,'');
/*!40000 ALTER TABLE `WidgetContext_Widget` ENABLE KEYS */;
UNLOCK TABLES;

--
-- Dumping data for table `Xlink`
--

LOCK TABLES `Xlink` WRITE;
/*!40000 ALTER TABLE `Xlink` DISABLE KEYS */;
INSERT INTO `Xlink` (`NrArticle`, `IdLanguage`, `Furl`) VALUES (90,1,'http://www.sourcefabric.org'),(91,1,'http://newscoop.sourcefabric.org'),(92,1,'http://airtime.sourcefabric.org'),(93,1,'http://www.sourcefabric.org/en/services/'),(94,1,'http://www.sourcefabric.org/en/community/joinus/');
/*!40000 ALTER TABLE `Xlink` ENABLE KEYS */;
UNLOCK TABLES;

--
-- Dumping data for table `Xnews`
--

LOCK TABLES `Xnews` WRITE;
/*!40000 ALTER TABLE `Xnews` DISABLE KEYS */;
INSERT INTO `Xnews` (`NrArticle`, `IdLanguage`, `Fdeck`, `Ffull_text`, `Fhighlight`) VALUES (64,1,'<p>BRUSSELS - Italian and Greek candidates nominated for President of the European Councilin secret ballot.</p>','<p>It plu plia olda nula, lo ekoo interjekcio a. Iom inkluzive dividostreko sh, subtraho praantahiera bio fo. San go povi triliono kunmetita, anstata supersigno mallongigita iom kz. Tiel ofon iometo dio at, vir alikvante montrovorto prirespondi re, sis tiam reen frazparto jh. Pov mi pobo infra alternativo, nenio geedzo alimaniere sor um.</p>\r\n<p>Tek in dekoj komplika kernovorto, dekuma disskribado je end. Vendo posttagmezo um esk, ki nedifina personalo, unt. Sen ki tiele aligi resti. Diesa resti alikaze enz us, cii gardi duobla vi, ajna ceceo nelimigita oid no. Oho negi antaparto alternativdemando si, adjektivo multiplikite bv ism, ind jh prepozitivo antaelemento. He ano orda nekutima, mil fi alia patro solstariva.</p>\r\n<p>Tia zepto rolvorteto du. Ar duo frota sepen dikfingro. Des vavo senforte ed. Mano halt\' onklo sur nv, aliu help transigi ian o, amen multe kompreneble ena er. Nul tiuj fora nano jo.</p>\r\n<p>Kuo op negi posta. Kazablanko subpropozicio mal ne. End ad ekoo sori, in sor otek finitivo okulvitroj, egalo latina iom ge. Pra ho filo troa, mf esk apud aliel geedzo, fin duobla fratineto sekstiliono as. Lo devus video kelka mia, sia ed mili fini. Sin nula usono kunmetao ik, cii op tiea post gibi, sob brosi substantiva is.</p>\r\n<p>Jam unun participo sh. Nea mo ioma identiga, mi edzo ekde frikativo dio. Cii milo tohuo iufoje tc, mo tet krom prezoinda tempopunkto, hago dank\' esperantigita ok kie. Iufoje helpverbo ko mis, poa ci dura eo komparado. Pli persa deziri ju, falsa ekesti definitive jes aj. Tro iu hodiaa infinitivo, e eca malpli kernovorto.</p>\r\n<p>Ke ato armo postpriskribo. Mem al triliono frikativo miriametro, spite vortfarado fo iel. Oj iom ruli okej vatto. Jota tiama tagnokto nu ili. Nei kian spite ki, nenia reciprokeco ajn vo. Hot jena respondeci uj.</p>\r\n<p>Fri go longa senobjekta postmorga, deci praantahiera ina el, nea ve dato hekto. Ci speco anstatai sat, ses mono literaturo ko. Per vi dume falsa fundamenta, amen siatempe kuo id. Pri vi eo fontoj frazparto. Kab\'o difina lalonge ne a.</p>',0),(65,1,'Cibo nostro et sea, eu mei alia decore electram, adhuc option corpora vim ad. Sea an eripuit corpora, quas iuvaret maiestatis ad sit, duo ei velit necessitatibus.','<p>It plu plia olda nula, lo ekoo interjekcio a. Iom inkluzive dividostreko sh, subtraho praantahiera bio fo. San go povi triliono kunmetita, anstata supersigno mallongigita iom kz. Tiel ofon iometo dio at, vir alikvante montrovorto prirespondi re, sis tiam reen frazparto jh. Pov mi pobo infra alternativo, nenio geedzo alimaniere sor um.</p>\n<p>Tek in dekoj komplika kernovorto, dekuma disskribado je end. Vendo posttagmezo um esk, ki nedifina personalo, unt. Sen ki tiele aligi resti. Diesa resti alikaze enz us, cii gardi duobla vi, ajna ceceo nelimigita oid no. Oho negi antaparto alternativdemando si, adjektivo multiplikite bv ism, ind jh prepozitivo antaelemento. He ano orda nekutima, mil fi alia patro solstariva.</p>\n<p>Tia zepto rolvorteto du. Ar duo frota sepen dikfingro. Des vavo senforte ed. Mano halt\' onklo sur nv, aliu help transigi ian o, amen multe kompreneble ena er. Nul tiuj fora nano jo.</p>\n<p>Kuo op negi posta. Kazablanko subpropozicio mal ne. End ad ekoo sori, in sor otek finitivo okulvitroj, egalo latina iom ge. Pra ho filo troa, mf esk apud aliel geedzo, fin duobla fratineto sekstiliono as. Lo devus video kelka mia, sia ed mili fini. Sin nula usono kunmetao ik, cii op tiea post gibi, sob brosi substantiva is.</p>\n<p>Jam unun participo sh. Nea mo ioma identiga, mi edzo ekde frikativo dio. Cii milo tohuo iufoje tc, mo tet krom prezoinda tempopunkto, hago dank\' esperantigita ok kie. Iufoje helpverbo ko mis, poa ci dura eo komparado. Pli persa deziri ju, falsa ekesti definitive jes aj. Tro iu hodiaa infinitivo, e eca malpli kernovorto.</p>\n<p>Ke ato armo postpriskribo. Mem al triliono frikativo miriametro, spite vortfarado fo iel. Oj iom ruli okej vatto. Jota tiama tagnokto nu ili. Nei kian spite ki, nenia reciprokeco ajn vo. Hot jena respondeci uj.</p>\n<p>Fri go longa senobjekta postmorga, deci praantahiera ina el, nea ve dato hekto. Ci speco anstatai sat, ses mono literaturo ko. Per vi dume falsa fundamenta, amen siatempe kuo id. Pri vi eo fontoj frazparto. Kab\'o difina lalonge ne a.</p>',0),(66,1,'Duo voluptua consetetur te, an minimum nominati vix, modo tempor constituto id cum. Eam laudem mentitum definitiones ad. Mel ludus tritani elaboraret ne, voluptua praesent cu sea.','<p>It plu plia olda nula, lo ekoo interjekcio a. Iom inkluzive dividostreko sh, subtraho praantahiera bio fo. San go povi triliono kunmetita, anstata supersigno mallongigita iom kz. Tiel ofon iometo dio at, vir alikvante montrovorto prirespondi re, sis tiam reen frazparto jh. Pov mi pobo infra alternativo, nenio geedzo alimaniere sor um.</p>\n<p>Tek in dekoj komplika kernovorto, dekuma disskribado je end. Vendo posttagmezo um esk, ki nedifina personalo, unt. Sen ki tiele aligi resti. Diesa resti alikaze enz us, cii gardi duobla vi, ajna ceceo nelimigita oid no. Oho negi antaparto alternativdemando si, adjektivo multiplikite bv ism, ind jh prepozitivo antaelemento. He ano orda nekutima, mil fi alia patro solstariva.</p>\n<p>Tia zepto rolvorteto du. Ar duo frota sepen dikfingro. Des vavo senforte ed. Mano halt\' onklo sur nv, aliu help transigi ian o, amen multe kompreneble ena er. Nul tiuj fora nano jo.</p>\n<p>Kuo op negi posta. Kazablanko subpropozicio mal ne. End ad ekoo sori, in sor otek finitivo okulvitroj, egalo latina iom ge. Pra ho filo troa, mf esk apud aliel geedzo, fin duobla fratineto sekstiliono as. Lo devus video kelka mia, sia ed mili fini. Sin nula usono kunmetao ik, cii op tiea post gibi, sob brosi substantiva is.</p>\n<p>Jam unun participo sh. Nea mo ioma identiga, mi edzo ekde frikativo dio. Cii milo tohuo iufoje tc, mo tet krom prezoinda tempopunkto, hago dank\' esperantigita ok kie. Iufoje helpverbo ko mis, poa ci dura eo komparado. Pli persa deziri ju, falsa ekesti definitive jes aj. Tro iu hodiaa infinitivo, e eca malpli kernovorto.</p>\n<p>Ke ato armo postpriskribo. Mem al triliono frikativo miriametro, spite vortfarado fo iel. Oj iom ruli okej vatto. Jota tiama tagnokto nu ili. Nei kian spite ki, nenia reciprokeco ajn vo. Hot jena respondeci uj.</p>\n<p>Fri go longa senobjekta postmorga, deci praantahiera ina el, nea ve dato hekto. Ci speco anstatai sat, ses mono literaturo ko. Per vi dume falsa fundamenta, amen siatempe kuo id. Pri vi eo fontoj frazparto. Kab\'o difina lalonge ne a.</p>',0),(67,1,'Id dicta harum nam, ne latine labitur eam, inani evertitur forensibus in eum. Cu quo augue consulatu argumentum. Est everti discere definiebas ne, vis in veri ullum. Fugit omnesque assueverit te has.','<p>It plu plia olda nula, lo ekoo interjekcio a. Iom inkluzive dividostreko sh, subtraho praantahiera bio fo. San go povi triliono kunmetita, anstata supersigno mallongigita iom kz. Tiel ofon iometo dio at, vir alikvante montrovorto prirespondi re, sis tiam reen frazparto jh. Pov mi pobo infra alternativo, nenio geedzo alimaniere sor um.</p>\n<p>Tek in dekoj komplika kernovorto, dekuma disskribado je end. Vendo posttagmezo um esk, ki nedifina personalo, unt. Sen ki tiele aligi resti. Diesa resti alikaze enz us, cii gardi duobla vi, ajna ceceo nelimigita oid no. Oho negi antaparto alternativdemando si, adjektivo multiplikite bv ism, ind jh prepozitivo antaelemento. He ano orda nekutima, mil fi alia patro solstariva.</p>\n<p>Tia zepto rolvorteto du. Ar duo frota sepen dikfingro. Des vavo senforte ed. Mano halt\' onklo sur nv, aliu help transigi ian o, amen multe kompreneble ena er. Nul tiuj fora nano jo.</p>\n<p>Kuo op negi posta. Kazablanko subpropozicio mal ne. End ad ekoo sori, in sor otek finitivo okulvitroj, egalo latina iom ge. Pra ho filo troa, mf esk apud aliel geedzo, fin duobla fratineto sekstiliono as. Lo devus video kelka mia, sia ed mili fini. Sin nula usono kunmetao ik, cii op tiea post gibi, sob brosi substantiva is.</p>\n<p>Jam unun participo sh. Nea mo ioma identiga, mi edzo ekde frikativo dio. Cii milo tohuo iufoje tc, mo tet krom prezoinda tempopunkto, hago dank\' esperantigita ok kie. Iufoje helpverbo ko mis, poa ci dura eo komparado. Pli persa deziri ju, falsa ekesti definitive jes aj. Tro iu hodiaa infinitivo, e eca malpli kernovorto.</p>\n<p>Ke ato armo postpriskribo. Mem al triliono frikativo miriametro, spite vortfarado fo iel. Oj iom ruli okej vatto. Jota tiama tagnokto nu ili. Nei kian spite ki, nenia reciprokeco ajn vo. Hot jena respondeci uj.</p>\n<p>Fri go longa senobjekta postmorga, deci praantahiera ina el, nea ve dato hekto. Ci speco anstatai sat, ses mono literaturo ko. Per vi dume falsa fundamenta, amen siatempe kuo id. Pri vi eo fontoj frazparto. Kab\'o difina lalonge ne a.</p>',0),(68,1,'Putant conceptam id pri, at vis fuisset invidunt. Alia viderer te mel. An per sale malorum sadipscing, saepe graeco accusata in cum.','<p>It plu plia olda nula, lo ekoo interjekcio a. Iom inkluzive dividostreko sh, subtraho praantahiera bio fo. San go povi triliono kunmetita, anstata supersigno mallongigita iom kz. Tiel ofon iometo dio at, vir alikvante montrovorto prirespondi re, sis tiam reen frazparto jh. Pov mi pobo infra alternativo, nenio geedzo alimaniere sor um.</p>\n<p>Tek in dekoj komplika kernovorto, dekuma disskribado je end. Vendo posttagmezo um esk, ki nedifina personalo, unt. Sen ki tiele aligi resti. Diesa resti alikaze enz us, cii gardi duobla vi, ajna ceceo nelimigita oid no. Oho negi antaparto alternativdemando si, adjektivo multiplikite bv ism, ind jh prepozitivo antaelemento. He ano orda nekutima, mil fi alia patro solstariva.</p>\n<p>Tia zepto rolvorteto du. Ar duo frota sepen dikfingro. Des vavo senforte ed. Mano halt\' onklo sur nv, aliu help transigi ian o, amen multe kompreneble ena er. Nul tiuj fora nano jo.</p>\n<p>Kuo op negi posta. Kazablanko subpropozicio mal ne. End ad ekoo sori, in sor otek finitivo okulvitroj, egalo latina iom ge. Pra ho filo troa, mf esk apud aliel geedzo, fin duobla fratineto sekstiliono as. Lo devus video kelka mia, sia ed mili fini. Sin nula usono kunmetao ik, cii op tiea post gibi, sob brosi substantiva is.</p>\n<p>Jam unun participo sh. Nea mo ioma identiga, mi edzo ekde frikativo dio. Cii milo tohuo iufoje tc, mo tet krom prezoinda tempopunkto, hago dank\' esperantigita ok kie. Iufoje helpverbo ko mis, poa ci dura eo komparado. Pli persa deziri ju, falsa ekesti definitive jes aj. Tro iu hodiaa infinitivo, e eca malpli kernovorto.</p>\n<p>Ke ato armo postpriskribo. Mem al triliono frikativo miriametro, spite vortfarado fo iel. Oj iom ruli okej vatto. Jota tiama tagnokto nu ili. Nei kian spite ki, nenia reciprokeco ajn vo. Hot jena respondeci uj.</p>\n<p>Fri go longa senobjekta postmorga, deci praantahiera ina el, nea ve dato hekto. Ci speco anstatai sat, ses mono literaturo ko. Per vi dume falsa fundamenta, amen siatempe kuo id. Pri vi eo fontoj frazparto. Kab\'o difina lalonge ne a.</p>',0),(69,1,'An vel laoreet molestiae. Est nobis eripuit probatus an, te his illum dicant. Eu dicit verterem assueverit duo. Vix ei audire latine virtute, quod nonummy nam et, ad per graece vituperata.','<p>It plu plia olda nula, lo ekoo interjekcio a. Iom inkluzive dividostreko sh, subtraho praantahiera bio fo. San go povi triliono kunmetita, anstata supersigno mallongigita iom kz. Tiel ofon iometo dio at, vir alikvante montrovorto prirespondi re, sis tiam reen frazparto jh. Pov mi pobo infra alternativo, nenio geedzo alimaniere sor um.</p>\n<p>Tek in dekoj komplika kernovorto, dekuma disskribado je end. Vendo posttagmezo um esk, ki nedifina personalo, unt. Sen ki tiele aligi resti. Diesa resti alikaze enz us, cii gardi duobla vi, ajna ceceo nelimigita oid no. Oho negi antaparto alternativdemando si, adjektivo multiplikite bv ism, ind jh prepozitivo antaelemento. He ano orda nekutima, mil fi alia patro solstariva.</p>\n<p>Tia zepto rolvorteto du. Ar duo frota sepen dikfingro. Des vavo senforte ed. Mano halt\' onklo sur nv, aliu help transigi ian o, amen multe kompreneble ena er. Nul tiuj fora nano jo.</p>\n<p>Kuo op negi posta. Kazablanko subpropozicio mal ne. End ad ekoo sori, in sor otek finitivo okulvitroj, egalo latina iom ge. Pra ho filo troa, mf esk apud aliel geedzo, fin duobla fratineto sekstiliono as. Lo devus video kelka mia, sia ed mili fini. Sin nula usono kunmetao ik, cii op tiea post gibi, sob brosi substantiva is.</p>\n<p>Jam unun participo sh. Nea mo ioma identiga, mi edzo ekde frikativo dio. Cii milo tohuo iufoje tc, mo tet krom prezoinda tempopunkto, hago dank\' esperantigita ok kie. Iufoje helpverbo ko mis, poa ci dura eo komparado. Pli persa deziri ju, falsa ekesti definitive jes aj. Tro iu hodiaa infinitivo, e eca malpli kernovorto.</p>\n<p>Ke ato armo postpriskribo. Mem al triliono frikativo miriametro, spite vortfarado fo iel. Oj iom ruli okej vatto. Jota tiama tagnokto nu ili. Nei kian spite ki, nenia reciprokeco ajn vo. Hot jena respondeci uj.</p>\n<p>Fri go longa senobjekta postmorga, deci praantahiera ina el, nea ve dato hekto. Ci speco anstatai sat, ses mono literaturo ko. Per vi dume falsa fundamenta, amen siatempe kuo id. Pri vi eo fontoj frazparto. Kab\'o difina lalonge ne a.</p>',1),(70,1,'Qui utinam aperiri scribentur ex, eum an doming veritus omnesque. Pro ne impedit molestie, oratio alterum ex nec. Vivendum pertinacia ne his, est in mucius euismod splendide, id assum appareat vis.','<p>It plu plia olda nula, lo ekoo interjekcio a. Iom inkluzive dividostreko sh, subtraho praantahiera bio fo. San go povi triliono kunmetita, anstata supersigno mallongigita iom kz. Tiel ofon iometo dio at, vir alikvante montrovorto prirespondi re, sis tiam reen frazparto jh. Pov mi pobo infra alternativo, nenio geedzo alimaniere sor um.</p>\n<p>Tek in dekoj komplika kernovorto, dekuma disskribado je end. Vendo posttagmezo um esk, ki nedifina personalo, unt. Sen ki tiele aligi resti. Diesa resti alikaze enz us, cii gardi duobla vi, ajna ceceo nelimigita oid no. Oho negi antaparto alternativdemando si, adjektivo multiplikite bv ism, ind jh prepozitivo antaelemento. He ano orda nekutima, mil fi alia patro solstariva.</p>\n<p>Tia zepto rolvorteto du. Ar duo frota sepen dikfingro. Des vavo senforte ed. Mano halt\' onklo sur nv, aliu help transigi ian o, amen multe kompreneble ena er. Nul tiuj fora nano jo.</p>\n<p>Kuo op negi posta. Kazablanko subpropozicio mal ne. End ad ekoo sori, in sor otek finitivo okulvitroj, egalo latina iom ge. Pra ho filo troa, mf esk apud aliel geedzo, fin duobla fratineto sekstiliono as. Lo devus video kelka mia, sia ed mili fini. Sin nula usono kunmetao ik, cii op tiea post gibi, sob brosi substantiva is.</p>\n<p>Jam unun participo sh. Nea mo ioma identiga, mi edzo ekde frikativo dio. Cii milo tohuo iufoje tc, mo tet krom prezoinda tempopunkto, hago dank\' esperantigita ok kie. Iufoje helpverbo ko mis, poa ci dura eo komparado. Pli persa deziri ju, falsa ekesti definitive jes aj. Tro iu hodiaa infinitivo, e eca malpli kernovorto.</p>\n<p>Ke ato armo postpriskribo. Mem al triliono frikativo miriametro, spite vortfarado fo iel. Oj iom ruli okej vatto. Jota tiama tagnokto nu ili. Nei kian spite ki, nenia reciprokeco ajn vo. Hot jena respondeci uj.</p>\n<p>Fri go longa senobjekta postmorga, deci praantahiera ina el, nea ve dato hekto. Ci speco anstatai sat, ses mono literaturo ko. Per vi dume falsa fundamenta, amen siatempe kuo id. Pri vi eo fontoj frazparto. Kab\'o difina lalonge ne a.</p>',0),(71,1,'Cu mutat nonummy accusata vis. Omnis labitur nec ea, ea quo noster periculis sententiae, detracto appareat eam an. Sed cu dicta accommodare. Id nibh mundi fierent his, id postea volutpat scripserit mel','<p>It plu plia olda nula, lo ekoo interjekcio a. Iom inkluzive dividostreko sh, subtraho praantahiera bio fo. San go povi triliono kunmetita, anstata supersigno mallongigita iom kz. Tiel ofon iometo dio at, vir alikvante montrovorto prirespondi re, sis tiam reen frazparto jh. Pov mi pobo infra alternativo, nenio geedzo alimaniere sor um.</p>\n<p>Tek in dekoj komplika kernovorto, dekuma disskribado je end. Vendo posttagmezo um esk, ki nedifina personalo, unt. Sen ki tiele aligi resti. Diesa resti alikaze enz us, cii gardi duobla vi, ajna ceceo nelimigita oid no. Oho negi antaparto alternativdemando si, adjektivo multiplikite bv ism, ind jh prepozitivo antaelemento. He ano orda nekutima, mil fi alia patro solstariva.</p>\n<p>Tia zepto rolvorteto du. Ar duo frota sepen dikfingro. Des vavo senforte ed. Mano halt\' onklo sur nv, aliu help transigi ian o, amen multe kompreneble ena er. Nul tiuj fora nano jo.</p>\n<p>Kuo op negi posta. Kazablanko subpropozicio mal ne. End ad ekoo sori, in sor otek finitivo okulvitroj, egalo latina iom ge. Pra ho filo troa, mf esk apud aliel geedzo, fin duobla fratineto sekstiliono as. Lo devus video kelka mia, sia ed mili fini. Sin nula usono kunmetao ik, cii op tiea post gibi, sob brosi substantiva is.</p>\n<p>Jam unun participo sh. Nea mo ioma identiga, mi edzo ekde frikativo dio. Cii milo tohuo iufoje tc, mo tet krom prezoinda tempopunkto, hago dank\' esperantigita ok kie. Iufoje helpverbo ko mis, poa ci dura eo komparado. Pli persa deziri ju, falsa ekesti definitive jes aj. Tro iu hodiaa infinitivo, e eca malpli kernovorto.</p>\n<p>Ke ato armo postpriskribo. Mem al triliono frikativo miriametro, spite vortfarado fo iel. Oj iom ruli okej vatto. Jota tiama tagnokto nu ili. Nei kian spite ki, nenia reciprokeco ajn vo. Hot jena respondeci uj.</p>\n<p>Fri go longa senobjekta postmorga, deci praantahiera ina el, nea ve dato hekto. Ci speco anstatai sat, ses mono literaturo ko. Per vi dume falsa fundamenta, amen siatempe kuo id. Pri vi eo fontoj frazparto. Kab\'o difina lalonge ne a.</p>',1),(72,1,'No ponderum conceptam sadipscing sit, puto iusto ea mel. Vel eu melius mandamus, kasd definitionem ne sit. Cum ei repudiandae instructior, eam id fabulas ornatus meliore.','<p>It plu plia olda nula, lo ekoo interjekcio a. Iom inkluzive dividostreko sh, subtraho praantahiera bio fo. San go povi triliono kunmetita, anstata supersigno mallongigita iom kz. Tiel ofon iometo dio at, vir alikvante montrovorto prirespondi re, sis tiam reen frazparto jh. Pov mi pobo infra alternativo, nenio geedzo alimaniere sor um.</p>\n<p>Tek in dekoj komplika kernovorto, dekuma disskribado je end. Vendo posttagmezo um esk, ki nedifina personalo, unt. Sen ki tiele aligi resti. Diesa resti alikaze enz us, cii gardi duobla vi, ajna ceceo nelimigita oid no. Oho negi antaparto alternativdemando si, adjektivo multiplikite bv ism, ind jh prepozitivo antaelemento. He ano orda nekutima, mil fi alia patro solstariva.</p>\n<p>Tia zepto rolvorteto du. Ar duo frota sepen dikfingro. Des vavo senforte ed. Mano halt\' onklo sur nv, aliu help transigi ian o, amen multe kompreneble ena er. Nul tiuj fora nano jo.</p>\n<p>Kuo op negi posta. Kazablanko subpropozicio mal ne. End ad ekoo sori, in sor otek finitivo okulvitroj, egalo latina iom ge. Pra ho filo troa, mf esk apud aliel geedzo, fin duobla fratineto sekstiliono as. Lo devus video kelka mia, sia ed mili fini. Sin nula usono kunmetao ik, cii op tiea post gibi, sob brosi substantiva is.</p>\n<p>Jam unun participo sh. Nea mo ioma identiga, mi edzo ekde frikativo dio. Cii milo tohuo iufoje tc, mo tet krom prezoinda tempopunkto, hago dank\' esperantigita ok kie. Iufoje helpverbo ko mis, poa ci dura eo komparado. Pli persa deziri ju, falsa ekesti definitive jes aj. Tro iu hodiaa infinitivo, e eca malpli kernovorto.</p>\n<p>Ke ato armo postpriskribo. Mem al triliono frikativo miriametro, spite vortfarado fo iel. Oj iom ruli okej vatto. Jota tiama tagnokto nu ili. Nei kian spite ki, nenia reciprokeco ajn vo. Hot jena respondeci uj.</p>\n<p>Fri go longa senobjekta postmorga, deci praantahiera ina el, nea ve dato hekto. Ci speco anstatai sat, ses mono literaturo ko. Per vi dume falsa fundamenta, amen siatempe kuo id. Pri vi eo fontoj frazparto. Kab\'o difina lalonge ne a.</p>',1),(73,1,'Est et utinam audire, habeo aliquyam his ne, ex ius iudico nostrud eripuit. Impetus eripuit pertinacia et mel, dicunt luptatum detraxit ne his. Ea sed dissentias inciderint, ea est graece meliore voluptatum.','<p>It plu plia olda nula, lo ekoo interjekcio a. Iom inkluzive dividostreko sh, subtraho praantahiera bio fo. San go povi triliono kunmetita, anstata supersigno mallongigita iom kz. Tiel ofon iometo dio at, vir alikvante montrovorto prirespondi re, sis tiam reen frazparto jh. Pov mi pobo infra alternativo, nenio geedzo alimaniere sor um.</p>\n<p>Tek in dekoj komplika kernovorto, dekuma disskribado je end. Vendo posttagmezo um esk, ki nedifina personalo, unt. Sen ki tiele aligi resti. Diesa resti alikaze enz us, cii gardi duobla vi, ajna ceceo nelimigita oid no. Oho negi antaparto alternativdemando si, adjektivo multiplikite bv ism, ind jh prepozitivo antaelemento. He ano orda nekutima, mil fi alia patro solstariva.</p>\n<p>Tia zepto rolvorteto du. Ar duo frota sepen dikfingro. Des vavo senforte ed. Mano halt\' onklo sur nv, aliu help transigi ian o, amen multe kompreneble ena er. Nul tiuj fora nano jo.</p>\n<p>Kuo op negi posta. Kazablanko subpropozicio mal ne. End ad ekoo sori, in sor otek finitivo okulvitroj, egalo latina iom ge. Pra ho filo troa, mf esk apud aliel geedzo, fin duobla fratineto sekstiliono as. Lo devus video kelka mia, sia ed mili fini. Sin nula usono kunmetao ik, cii op tiea post gibi, sob brosi substantiva is.</p>\n<p>Jam unun participo sh. Nea mo ioma identiga, mi edzo ekde frikativo dio. Cii milo tohuo iufoje tc, mo tet krom prezoinda tempopunkto, hago dank\' esperantigita ok kie. Iufoje helpverbo ko mis, poa ci dura eo komparado. Pli persa deziri ju, falsa ekesti definitive jes aj. Tro iu hodiaa infinitivo, e eca malpli kernovorto.</p>\n<p>Ke ato armo postpriskribo. Mem al triliono frikativo miriametro, spite vortfarado fo iel. Oj iom ruli okej vatto. Jota tiama tagnokto nu ili. Nei kian spite ki, nenia reciprokeco ajn vo. Hot jena respondeci uj.</p>\n<p>Fri go longa senobjekta postmorga, deci praantahiera ina el, nea ve dato hekto. Ci speco anstatai sat, ses mono literaturo ko. Per vi dume falsa fundamenta, amen siatempe kuo id. Pri vi eo fontoj frazparto. Kab\'o difina lalonge ne a.</p>',0),(74,1,'<p>Ex ius iudico nostrud eripuit. Impetus eripuit pertinacia et mel, dicunt luptatum detraxit ne his. Ea sed dissentias inciderint, ea est graece meliore voluptatum. Vis an dicta alterum theophrastus, lorem nonumy te has</p>','<p>It plu plia olda nula, lo ekoo interjekcio a. Iom inkluzive dividostreko sh, subtraho praantahiera bio fo. San go povi triliono kunmetita, anstata supersigno mallongigita iom kz. Tiel ofon iometo dio at, vir alikvante montrovorto prirespondi re, sis tiam reen frazparto jh. Pov mi pobo infra alternativo, nenio geedzo alimaniere sor um.</p>\r\n<p>Tek in dekoj komplika kernovorto, dekuma disskribado je end. Vendo posttagmezo um esk, ki nedifina personalo, unt. Sen ki tiele aligi resti. Diesa resti alikaze enz us, cii gardi duobla vi, ajna ceceo nelimigita oid no. Oho negi antaparto alternativdemando si, adjektivo multiplikite bv ism, ind jh prepozitivo antaelemento. He ano orda nekutima, mil fi alia patro solstariva.</p>\r\n<p>Tia zepto rolvorteto du. Ar duo frota sepen dikfingro. Des vavo senforte ed. Mano halt\' onklo sur nv, aliu help transigi ian o, amen multe kompreneble ena er. Nul tiuj fora nano jo.</p>\r\n<p>Kuo op negi posta. Kazablanko subpropozicio mal ne. End ad ekoo sori, in sor otek finitivo okulvitroj, egalo latina iom ge. Pra ho filo troa, mf esk apud aliel geedzo, fin duobla fratineto sekstiliono as. Lo devus video kelka mia, sia ed mili fini. Sin nula usono kunmetao ik, cii op tiea post gibi, sob brosi substantiva is.</p>\r\n<p>Jam unun participo sh. Nea mo ioma identiga, mi edzo ekde frikativo dio. Cii milo tohuo iufoje tc, mo tet krom prezoinda tempopunkto, hago dank\' esperantigita ok kie. Iufoje helpverbo ko mis, poa ci dura eo komparado. Pli persa deziri ju, falsa ekesti definitive jes aj. Tro iu hodiaa infinitivo, e eca malpli kernovorto.</p>\r\n<p>Ke ato armo postpriskribo. Mem al triliono frikativo miriametro, spite vortfarado fo iel. Oj iom ruli okej vatto. Jota tiama tagnokto nu ili. Nei kian spite ki, nenia reciprokeco ajn vo. Hot jena respondeci uj.</p>\r\n<p>Fri go longa senobjekta postmorga, deci praantahiera ina el, nea ve dato hekto. Ci speco anstatai sat, ses mono literaturo ko. Per vi dume falsa fundamenta, amen siatempe kuo id. Pri vi eo fontoj frazparto. Kab\'o difina lalonge ne a.</p>',0),(75,1,'Euripidis elaboraret conclusionemque cum an, pro ut exerci docendi. An ius nemore pericula consequuntur, in has reque errem populo. Ut pri nostro maiestatis, ne vero veri nulla eam, eos ea liber affert.','<p>It plu plia olda nula, lo ekoo interjekcio a. Iom inkluzive dividostreko sh, subtraho praantahiera bio fo. San go povi triliono kunmetita, anstata supersigno mallongigita iom kz. Tiel ofon iometo dio at, vir alikvante montrovorto prirespondi re, sis tiam reen frazparto jh. Pov mi pobo infra alternativo, nenio geedzo alimaniere sor um.</p>\n<p>Tek in dekoj komplika kernovorto, dekuma disskribado je end. Vendo posttagmezo um esk, ki nedifina personalo, unt. Sen ki tiele aligi resti. Diesa resti alikaze enz us, cii gardi duobla vi, ajna ceceo nelimigita oid no. Oho negi antaparto alternativdemando si, adjektivo multiplikite bv ism, ind jh prepozitivo antaelemento. He ano orda nekutima, mil fi alia patro solstariva.</p>\n<p>Tia zepto rolvorteto du. Ar duo frota sepen dikfingro. Des vavo senforte ed. Mano halt\' onklo sur nv, aliu help transigi ian o, amen multe kompreneble ena er. Nul tiuj fora nano jo.</p>\n<p>Kuo op negi posta. Kazablanko subpropozicio mal ne. End ad ekoo sori, in sor otek finitivo okulvitroj, egalo latina iom ge. Pra ho filo troa, mf esk apud aliel geedzo, fin duobla fratineto sekstiliono as. Lo devus video kelka mia, sia ed mili fini. Sin nula usono kunmetao ik, cii op tiea post gibi, sob brosi substantiva is.</p>\n<p>Jam unun participo sh. Nea mo ioma identiga, mi edzo ekde frikativo dio. Cii milo tohuo iufoje tc, mo tet krom prezoinda tempopunkto, hago dank\' esperantigita ok kie. Iufoje helpverbo ko mis, poa ci dura eo komparado. Pli persa deziri ju, falsa ekesti definitive jes aj. Tro iu hodiaa infinitivo, e eca malpli kernovorto.</p>\n<p>Ke ato armo postpriskribo. Mem al triliono frikativo miriametro, spite vortfarado fo iel. Oj iom ruli okej vatto. Jota tiama tagnokto nu ili. Nei kian spite ki, nenia reciprokeco ajn vo. Hot jena respondeci uj.</p>\n<p>Fri go longa senobjekta postmorga, deci praantahiera ina el, nea ve dato hekto. Ci speco anstatai sat, ses mono literaturo ko. Per vi dume falsa fundamenta, amen siatempe kuo id. Pri vi eo fontoj frazparto. Kab\'o difina lalonge ne a.</p>',0),(76,1,'Nec ne justo ridens vulputate, mel labores vulputate mnesarchum at. Cu unum ornatus albucius eam, nusquam singulis ne quo, et vix ullum ocurreret. Commodo constituam an usu, aliquam eloquentiam','<p>It plu plia olda nula, lo ekoo interjekcio a. Iom inkluzive dividostreko sh, subtraho praantahiera bio fo. San go povi triliono kunmetita, anstata supersigno mallongigita iom kz. Tiel ofon iometo dio at, vir alikvante montrovorto prirespondi re, sis tiam reen frazparto jh. Pov mi pobo infra alternativo, nenio geedzo alimaniere sor um.</p>\n<p>Tek in dekoj komplika kernovorto, dekuma disskribado je end. Vendo posttagmezo um esk, ki nedifina personalo, unt. Sen ki tiele aligi resti. Diesa resti alikaze enz us, cii gardi duobla vi, ajna ceceo nelimigita oid no. Oho negi antaparto alternativdemando si, adjektivo multiplikite bv ism, ind jh prepozitivo antaelemento. He ano orda nekutima, mil fi alia patro solstariva.</p>\n<p>Tia zepto rolvorteto du. Ar duo frota sepen dikfingro. Des vavo senforte ed. Mano halt\' onklo sur nv, aliu help transigi ian o, amen multe kompreneble ena er. Nul tiuj fora nano jo.</p>\n<p>Kuo op negi posta. Kazablanko subpropozicio mal ne. End ad ekoo sori, in sor otek finitivo okulvitroj, egalo latina iom ge. Pra ho filo troa, mf esk apud aliel geedzo, fin duobla fratineto sekstiliono as. Lo devus video kelka mia, sia ed mili fini. Sin nula usono kunmetao ik, cii op tiea post gibi, sob brosi substantiva is.</p>\n<p>Jam unun participo sh. Nea mo ioma identiga, mi edzo ekde frikativo dio. Cii milo tohuo iufoje tc, mo tet krom prezoinda tempopunkto, hago dank\' esperantigita ok kie. Iufoje helpverbo ko mis, poa ci dura eo komparado. Pli persa deziri ju, falsa ekesti definitive jes aj. Tro iu hodiaa infinitivo, e eca malpli kernovorto.</p>\n<p>Ke ato armo postpriskribo. Mem al triliono frikativo miriametro, spite vortfarado fo iel. Oj iom ruli okej vatto. Jota tiama tagnokto nu ili. Nei kian spite ki, nenia reciprokeco ajn vo. Hot jena respondeci uj.</p>\n<p>Fri go longa senobjekta postmorga, deci praantahiera ina el, nea ve dato hekto. Ci speco anstatai sat, ses mono literaturo ko. Per vi dume falsa fundamenta, amen siatempe kuo id. Pri vi eo fontoj frazparto. Kab\'o difina lalonge ne a.</p>',0),(77,1,'<p>Usu an sale epicuri, sit voluptua inimicus argumentum ne. Sit te possim tibique, eum an quando tibique praesent, munere maiorum deleniti sea eu. Ut duo nisl sale eleifend, et eum sapientem laboramus vulputate.</p>','<p>It plu plia olda nula, lo ekoo interjekcio a. Iom inkluzive dividostreko sh, subtraho praantahiera bio fo. San go povi triliono kunmetita, anstata supersigno mallongigita iom kz. Tiel ofon iometo dio at, vir alikvante montrovorto prirespondi re, sis tiam reen frazparto jh. Pov mi pobo infra alternativo, nenio geedzo alimaniere sor um.</p>\r\n<p>Tek in dekoj komplika kernovorto, dekuma disskribado je end. Vendo posttagmezo um esk, ki nedifina personalo, unt. Sen ki tiele aligi resti. Diesa resti alikaze enz us, cii gardi duobla vi, ajna ceceo nelimigita oid no. Oho negi antaparto alternativdemando si, adjektivo multiplikite bv ism, ind jh prepozitivo antaelemento. He ano orda nekutima, mil fi alia patro solstariva.</p>\r\n<p>Tia zepto rolvorteto du. Ar duo frota sepen dikfingro. Des vavo senforte ed. Mano halt\' onklo sur nv, aliu help transigi ian o, amen multe kompreneble ena er. Nul tiuj fora nano jo.</p>\r\n<p>Kuo op negi posta. Kazablanko subpropozicio mal ne. End ad ekoo sori, in sor otek finitivo okulvitroj, egalo latina iom ge. Pra ho filo troa, mf esk apud aliel geedzo, fin duobla fratineto sekstiliono as. Lo devus video kelka mia, sia ed mili fini. Sin nula usono kunmetao ik, cii op tiea post gibi, sob brosi substantiva is.</p>\r\n<p>Jam unun participo sh. Nea mo ioma identiga, mi edzo ekde frikativo dio. Cii milo tohuo iufoje tc, mo tet krom prezoinda tempopunkto, hago dank\' esperantigita ok kie. Iufoje helpverbo ko mis, poa ci dura eo komparado. Pli persa deziri ju, falsa ekesti definitive jes aj. Tro iu hodiaa infinitivo, e eca malpli kernovorto.</p>\r\n<p>Ke ato armo postpriskribo. Mem al triliono frikativo miriametro, spite vortfarado fo iel. Oj iom ruli okej vatto. Jota tiama tagnokto nu ili. Nei kian spite ki, nenia reciprokeco ajn vo. Hot jena respondeci uj.</p>\r\n<p>Fri go longa senobjekta postmorga, deci praantahiera ina el, nea ve dato hekto. Ci speco anstatai sat, ses mono literaturo ko. Per vi dume falsa fundamenta, amen siatempe kuo id. Pri vi eo fontoj frazparto. Kab\'o difina lalonge ne a.</p>',0),(78,1,'Cu unum ornatus albucius eam, nusquam singulis ne quo, et vix ullum ocurreret. Commodo constituam an usu, aliquam eloquentiam theophrastus et sea. Vidit ferri ex sit. Et debitis copiosae legendos duo','<p>It plu plia olda nula, lo ekoo interjekcio a. Iom inkluzive dividostreko sh, subtraho praantahiera bio fo. San go povi triliono kunmetita, anstata supersigno mallongigita iom kz. Tiel ofon iometo dio at, vir alikvante montrovorto prirespondi re, sis tiam reen frazparto jh. Pov mi pobo infra alternativo, nenio geedzo alimaniere sor um.</p>\n<p>Tek in dekoj komplika kernovorto, dekuma disskribado je end. Vendo posttagmezo um esk, ki nedifina personalo, unt. Sen ki tiele aligi resti. Diesa resti alikaze enz us, cii gardi duobla vi, ajna ceceo nelimigita oid no. Oho negi antaparto alternativdemando si, adjektivo multiplikite bv ism, ind jh prepozitivo antaelemento. He ano orda nekutima, mil fi alia patro solstariva.</p>\n<p>Tia zepto rolvorteto du. Ar duo frota sepen dikfingro. Des vavo senforte ed. Mano halt\' onklo sur nv, aliu help transigi ian o, amen multe kompreneble ena er. Nul tiuj fora nano jo.</p>\n<p>Kuo op negi posta. Kazablanko subpropozicio mal ne. End ad ekoo sori, in sor otek finitivo okulvitroj, egalo latina iom ge. Pra ho filo troa, mf esk apud aliel geedzo, fin duobla fratineto sekstiliono as. Lo devus video kelka mia, sia ed mili fini. Sin nula usono kunmetao ik, cii op tiea post gibi, sob brosi substantiva is.</p>\n<p>Jam unun participo sh. Nea mo ioma identiga, mi edzo ekde frikativo dio. Cii milo tohuo iufoje tc, mo tet krom prezoinda tempopunkto, hago dank\' esperantigita ok kie. Iufoje helpverbo ko mis, poa ci dura eo komparado. Pli persa deziri ju, falsa ekesti definitive jes aj. Tro iu hodiaa infinitivo, e eca malpli kernovorto.</p>\n<p>Ke ato armo postpriskribo. Mem al triliono frikativo miriametro, spite vortfarado fo iel. Oj iom ruli okej vatto. Jota tiama tagnokto nu ili. Nei kian spite ki, nenia reciprokeco ajn vo. Hot jena respondeci uj.</p>\n<p>Fri go longa senobjekta postmorga, deci praantahiera ina el, nea ve dato hekto. Ci speco anstatai sat, ses mono literaturo ko. Per vi dume falsa fundamenta, amen siatempe kuo id. Pri vi eo fontoj frazparto. Kab\'o difina lalonge ne a.</p>',0),(79,1,'Vis eu melius tibique, ex quas assentior eos, exerci soleat ea mei. Malorum prompta maiestatis ius at, vim movet cotidieque ei. Erroribus torquatos vel et, pri nostro causae gubergren id.','<p>It plu plia olda nula, lo ekoo interjekcio a. Iom inkluzive dividostreko sh, subtraho praantahiera bio fo. San go povi triliono kunmetita, anstata supersigno mallongigita iom kz. Tiel ofon iometo dio at, vir alikvante montrovorto prirespondi re, sis tiam reen frazparto jh. Pov mi pobo infra alternativo, nenio geedzo alimaniere sor um.</p>\n<p>Tek in dekoj komplika kernovorto, dekuma disskribado je end. Vendo posttagmezo um esk, ki nedifina personalo, unt. Sen ki tiele aligi resti. Diesa resti alikaze enz us, cii gardi duobla vi, ajna ceceo nelimigita oid no. Oho negi antaparto alternativdemando si, adjektivo multiplikite bv ism, ind jh prepozitivo antaelemento. He ano orda nekutima, mil fi alia patro solstariva.</p>\n<p>Tia zepto rolvorteto du. Ar duo frota sepen dikfingro. Des vavo senforte ed. Mano halt\' onklo sur nv, aliu help transigi ian o, amen multe kompreneble ena er. Nul tiuj fora nano jo.</p>\n<p>Kuo op negi posta. Kazablanko subpropozicio mal ne. End ad ekoo sori, in sor otek finitivo okulvitroj, egalo latina iom ge. Pra ho filo troa, mf esk apud aliel geedzo, fin duobla fratineto sekstiliono as. Lo devus video kelka mia, sia ed mili fini. Sin nula usono kunmetao ik, cii op tiea post gibi, sob brosi substantiva is.</p>\n<p>Jam unun participo sh. Nea mo ioma identiga, mi edzo ekde frikativo dio. Cii milo tohuo iufoje tc, mo tet krom prezoinda tempopunkto, hago dank\' esperantigita ok kie. Iufoje helpverbo ko mis, poa ci dura eo komparado. Pli persa deziri ju, falsa ekesti definitive jes aj. Tro iu hodiaa infinitivo, e eca malpli kernovorto.</p>\n<p>Ke ato armo postpriskribo. Mem al triliono frikativo miriametro, spite vortfarado fo iel. Oj iom ruli okej vatto. Jota tiama tagnokto nu ili. Nei kian spite ki, nenia reciprokeco ajn vo. Hot jena respondeci uj.</p>\n<p>Fri go longa senobjekta postmorga, deci praantahiera ina el, nea ve dato hekto. Ci speco anstatai sat, ses mono literaturo ko. Per vi dume falsa fundamenta, amen siatempe kuo id. Pri vi eo fontoj frazparto. Kab\'o difina lalonge ne a.</p>',0),(80,1,'Malorum prompta maiestatis ius at, vim movet cotidieque ei. Erroribus torquatos vel et, pri nostro causae gubergren id. Per ut cetero laoreet recteque, cetero lucilius phaedrum his at','<p>It plu plia olda nula, lo ekoo interjekcio a. Iom inkluzive dividostreko sh, subtraho praantahiera bio fo. San go povi triliono kunmetita, anstata supersigno mallongigita iom kz. Tiel ofon iometo dio at, vir alikvante montrovorto prirespondi re, sis tiam reen frazparto jh. Pov mi pobo infra alternativo, nenio geedzo alimaniere sor um.</p>\n<p>Tek in dekoj komplika kernovorto, dekuma disskribado je end. Vendo posttagmezo um esk, ki nedifina personalo, unt. Sen ki tiele aligi resti. Diesa resti alikaze enz us, cii gardi duobla vi, ajna ceceo nelimigita oid no. Oho negi antaparto alternativdemando si, adjektivo multiplikite bv ism, ind jh prepozitivo antaelemento. He ano orda nekutima, mil fi alia patro solstariva.</p>\n<p>Tia zepto rolvorteto du. Ar duo frota sepen dikfingro. Des vavo senforte ed. Mano halt\' onklo sur nv, aliu help transigi ian o, amen multe kompreneble ena er. Nul tiuj fora nano jo.</p>\n<p>Kuo op negi posta. Kazablanko subpropozicio mal ne. End ad ekoo sori, in sor otek finitivo okulvitroj, egalo latina iom ge. Pra ho filo troa, mf esk apud aliel geedzo, fin duobla fratineto sekstiliono as. Lo devus video kelka mia, sia ed mili fini. Sin nula usono kunmetao ik, cii op tiea post gibi, sob brosi substantiva is.</p>\n<p>Jam unun participo sh. Nea mo ioma identiga, mi edzo ekde frikativo dio. Cii milo tohuo iufoje tc, mo tet krom prezoinda tempopunkto, hago dank\' esperantigita ok kie. Iufoje helpverbo ko mis, poa ci dura eo komparado. Pli persa deziri ju, falsa ekesti definitive jes aj. Tro iu hodiaa infinitivo, e eca malpli kernovorto.</p>\n<p>Ke ato armo postpriskribo. Mem al triliono frikativo miriametro, spite vortfarado fo iel. Oj iom ruli okej vatto. Jota tiama tagnokto nu ili. Nei kian spite ki, nenia reciprokeco ajn vo. Hot jena respondeci uj.</p>\n<p>Fri go longa senobjekta postmorga, deci praantahiera ina el, nea ve dato hekto. Ci speco anstatai sat, ses mono literaturo ko. Per vi dume falsa fundamenta, amen siatempe kuo id. Pri vi eo fontoj frazparto. Kab\'o difina lalonge ne a.</p>',0),(81,1,'<p>Malorum prompta maiestatis ius at, vim movet cotidieque ei. Erroribus torquatos vel et, pri nostro causae gubergren id. Per ut cetero laoreet recteque, cetero lucilius phaedrum his at</p>','<p>It plu plia olda nula, lo ekoo interjekcio a. Iom inkluzive dividostreko sh, subtraho praantahiera bio fo. San go povi triliono kunmetita, anstata supersigno mallongigita iom kz. Tiel ofon iometo dio at, vir alikvante montrovorto prirespondi re, sis tiam reen frazparto jh. Pov mi pobo infra alternativo, nenio geedzo alimaniere sor um.</p>\r\n<p>Tek in dekoj komplika kernovorto, dekuma disskribado je end. Vendo posttagmezo um esk, ki nedifina personalo, unt. Sen ki tiele aligi resti. Diesa resti alikaze enz us, cii gardi duobla vi, ajna ceceo nelimigita oid no. Oho negi antaparto alternativdemando si, adjektivo multiplikite bv ism, ind jh prepozitivo antaelemento. He ano orda nekutima, mil fi alia patro solstariva.</p>\r\n<p>Tia zepto rolvorteto du. Ar duo frota sepen dikfingro. Des vavo senforte ed. Mano halt\' onklo sur nv, aliu help transigi ian o, amen multe kompreneble ena er. Nul tiuj fora nano jo.</p>\r\n<p>Kuo op negi posta. Kazablanko subpropozicio mal ne. End ad ekoo sori, in sor otek finitivo okulvitroj, egalo latina iom ge. Pra ho filo troa, mf esk apud aliel geedzo, fin duobla fratineto sekstiliono as. Lo devus video kelka mia, sia ed mili fini. Sin nula usono kunmetao ik, cii op tiea post gibi, sob brosi substantiva is.</p>\r\n<p>Jam unun participo sh. Nea mo ioma identiga, mi edzo ekde frikativo dio. Cii milo tohuo iufoje tc, mo tet krom prezoinda tempopunkto, hago dank\' esperantigita ok kie. Iufoje helpverbo ko mis, poa ci dura eo komparado. Pli persa deziri ju, falsa ekesti definitive jes aj. Tro iu hodiaa infinitivo, e eca malpli kernovorto.</p>\r\n<p>Ke ato armo postpriskribo. Mem al triliono frikativo miriametro, spite vortfarado fo iel. Oj iom ruli okej vatto. Jota tiama tagnokto nu ili. Nei kian spite ki, nenia reciprokeco ajn vo. Hot jena respondeci uj.</p>\r\n<p>Fri go longa senobjekta postmorga, deci praantahiera ina el, nea ve dato hekto. Ci speco anstatai sat, ses mono literaturo ko. Per vi dume falsa fundamenta, amen siatempe kuo id. Pri vi eo fontoj frazparto. Kab\'o difina lalonge ne a.</p>\r\n<p></p>',0),(82,1,'<p>Vidit ferri ex sit. Et debitis copiosae legendos duo, usu ea tota atomorum philosophia. Eum expetenda vulputate persecuti ad, cu erant menandri scripserit qui.</p>','<p>It plu plia olda nula, lo ekoo interjekcio a. Iom inkluzive dividostreko sh, subtraho praantahiera bio fo. San go povi triliono kunmetita, anstata supersigno mallongigita iom kz. Tiel ofon iometo dio at, vir alikvante montrovorto prirespondi re, sis tiam reen frazparto jh. Pov mi pobo infra alternativo, nenio geedzo alimaniere sor um.</p>\r\n<p>Tek in dekoj komplika kernovorto, dekuma disskribado je end. Vendo posttagmezo um esk, ki nedifina personalo, unt. Sen ki tiele aligi resti. Diesa resti alikaze enz us, cii gardi duobla vi, ajna ceceo nelimigita oid no. Oho negi antaparto alternativdemando si, adjektivo multiplikite bv ism, ind jh prepozitivo antaelemento. He ano orda nekutima, mil fi alia patro solstariva.</p>\r\n<p>Tia zepto rolvorteto du. Ar duo frota sepen dikfingro. Des vavo senforte ed. Mano halt\' onklo sur nv, aliu help transigi ian o, amen multe kompreneble ena er. Nul tiuj fora nano jo.</p>\r\n<p>Kuo op negi posta. Kazablanko subpropozicio mal ne. End ad ekoo sori, in sor otek finitivo okulvitroj, egalo latina iom ge. Pra ho filo troa, mf esk apud aliel geedzo, fin duobla fratineto sekstiliono as. Lo devus video kelka mia, sia ed mili fini. Sin nula usono kunmetao ik, cii op tiea post gibi, sob brosi substantiva is.</p>\r\n<p>Jam unun participo sh. Nea mo ioma identiga, mi edzo ekde frikativo dio. Cii milo tohuo iufoje tc, mo tet krom prezoinda tempopunkto, hago dank\' esperantigita ok kie. Iufoje helpverbo ko mis, poa ci dura eo komparado. Pli persa deziri ju, falsa ekesti definitive jes aj. Tro iu hodiaa infinitivo, e eca malpli kernovorto.</p>\r\n<p>Ke ato armo postpriskribo. Mem al triliono frikativo miriametro, spite vortfarado fo iel. Oj iom ruli okej vatto. Jota tiama tagnokto nu ili. Nei kian spite ki, nenia reciprokeco ajn vo. Hot jena respondeci uj.</p>\r\n<p>Fri go longa senobjekta postmorga, deci praantahiera ina el, nea ve dato hekto. Ci speco anstatai sat, ses mono literaturo ko. Per vi dume falsa fundamenta, amen siatempe kuo id. Pri vi eo fontoj frazparto. Kab\'o difina lalonge ne a.</p>',0),(83,1,'Pro ne fabulas quaestio, sit ridens consectetuer et, te has dicunt ornatus minimum. Ius elit ornatus an. Has in dictas noluisse insolens, has cu postea sensibus','<p>It plu plia olda nula, lo ekoo interjekcio a. Iom inkluzive dividostreko sh, subtraho praantahiera bio fo. San go povi triliono kunmetita, anstata supersigno mallongigita iom kz. Tiel ofon iometo dio at, vir alikvante montrovorto prirespondi re, sis tiam reen frazparto jh. Pov mi pobo infra alternativo, nenio geedzo alimaniere sor um.</p>\n<p>Tek in dekoj komplika kernovorto, dekuma disskribado je end. Vendo posttagmezo um esk, ki nedifina personalo, unt. Sen ki tiele aligi resti. Diesa resti alikaze enz us, cii gardi duobla vi, ajna ceceo nelimigita oid no. Oho negi antaparto alternativdemando si, adjektivo multiplikite bv ism, ind jh prepozitivo antaelemento. He ano orda nekutima, mil fi alia patro solstariva.</p>\n<p>Tia zepto rolvorteto du. Ar duo frota sepen dikfingro. Des vavo senforte ed. Mano halt\' onklo sur nv, aliu help transigi ian o, amen multe kompreneble ena er. Nul tiuj fora nano jo.</p>\n<p>Kuo op negi posta. Kazablanko subpropozicio mal ne. End ad ekoo sori, in sor otek finitivo okulvitroj, egalo latina iom ge. Pra ho filo troa, mf esk apud aliel geedzo, fin duobla fratineto sekstiliono as. Lo devus video kelka mia, sia ed mili fini. Sin nula usono kunmetao ik, cii op tiea post gibi, sob brosi substantiva is.</p>\n<p>Jam unun participo sh. Nea mo ioma identiga, mi edzo ekde frikativo dio. Cii milo tohuo iufoje tc, mo tet krom prezoinda tempopunkto, hago dank\' esperantigita ok kie. Iufoje helpverbo ko mis, poa ci dura eo komparado. Pli persa deziri ju, falsa ekesti definitive jes aj. Tro iu hodiaa infinitivo, e eca malpli kernovorto.</p>\n<p>Ke ato armo postpriskribo. Mem al triliono frikativo miriametro, spite vortfarado fo iel. Oj iom ruli okej vatto. Jota tiama tagnokto nu ili. Nei kian spite ki, nenia reciprokeco ajn vo. Hot jena respondeci uj.</p>\n<p>Fri go longa senobjekta postmorga, deci praantahiera ina el, nea ve dato hekto. Ci speco anstatai sat, ses mono literaturo ko. Per vi dume falsa fundamenta, amen siatempe kuo id. Pri vi eo fontoj frazparto. Kab\'o difina lalonge ne a.</p>',0),(84,1,'Est dolor dissentias quaerendum ne, per bonorum accusata at. Et mea graeci rationibus, in qui scribentur adversarium efficiantur. Ea tantas decore evertitur mei.','<p>It plu plia olda nula, lo ekoo interjekcio a. Iom inkluzive dividostreko sh, subtraho praantahiera bio fo. San go povi triliono kunmetita, anstata supersigno mallongigita iom kz. Tiel ofon iometo dio at, vir alikvante montrovorto prirespondi re, sis tiam reen frazparto jh. Pov mi pobo infra alternativo, nenio geedzo alimaniere sor um.</p>\n<p>Tek in dekoj komplika kernovorto, dekuma disskribado je end. Vendo posttagmezo um esk, ki nedifina personalo, unt. Sen ki tiele aligi resti. Diesa resti alikaze enz us, cii gardi duobla vi, ajna ceceo nelimigita oid no. Oho negi antaparto alternativdemando si, adjektivo multiplikite bv ism, ind jh prepozitivo antaelemento. He ano orda nekutima, mil fi alia patro solstariva.</p>\n<p>Tia zepto rolvorteto du. Ar duo frota sepen dikfingro. Des vavo senforte ed. Mano halt\' onklo sur nv, aliu help transigi ian o, amen multe kompreneble ena er. Nul tiuj fora nano jo.</p>\n<p>Kuo op negi posta. Kazablanko subpropozicio mal ne. End ad ekoo sori, in sor otek finitivo okulvitroj, egalo latina iom ge. Pra ho filo troa, mf esk apud aliel geedzo, fin duobla fratineto sekstiliono as. Lo devus video kelka mia, sia ed mili fini. Sin nula usono kunmetao ik, cii op tiea post gibi, sob brosi substantiva is.</p>\n<p>Jam unun participo sh. Nea mo ioma identiga, mi edzo ekde frikativo dio. Cii milo tohuo iufoje tc, mo tet krom prezoinda tempopunkto, hago dank\' esperantigita ok kie. Iufoje helpverbo ko mis, poa ci dura eo komparado. Pli persa deziri ju, falsa ekesti definitive jes aj. Tro iu hodiaa infinitivo, e eca malpli kernovorto.</p>\n<p>Ke ato armo postpriskribo. Mem al triliono frikativo miriametro, spite vortfarado fo iel. Oj iom ruli okej vatto. Jota tiama tagnokto nu ili. Nei kian spite ki, nenia reciprokeco ajn vo. Hot jena respondeci uj.</p>\n<p>Fri go longa senobjekta postmorga, deci praantahiera ina el, nea ve dato hekto. Ci speco anstatai sat, ses mono literaturo ko. Per vi dume falsa fundamenta, amen siatempe kuo id. Pri vi eo fontoj frazparto. Kab\'o difina lalonge ne a.</p>',0),(85,1,'Pri rebum labitur principes at, te nec agam discere ornatus. Nonummy convenire has eu.','<p>It plu plia olda nula, lo ekoo interjekcio a. Iom inkluzive dividostreko sh, subtraho praantahiera bio fo. San go povi triliono kunmetita, anstata supersigno mallongigita iom kz. Tiel ofon iometo dio at, vir alikvante montrovorto prirespondi re, sis tiam reen frazparto jh. Pov mi pobo infra alternativo, nenio geedzo alimaniere sor um.</p>\n<p>Tek in dekoj komplika kernovorto, dekuma disskribado je end. Vendo posttagmezo um esk, ki nedifina personalo, unt. Sen ki tiele aligi resti. Diesa resti alikaze enz us, cii gardi duobla vi, ajna ceceo nelimigita oid no. Oho negi antaparto alternativdemando si, adjektivo multiplikite bv ism, ind jh prepozitivo antaelemento. He ano orda nekutima, mil fi alia patro solstariva.</p>\n<p>Tia zepto rolvorteto du. Ar duo frota sepen dikfingro. Des vavo senforte ed. Mano halt\' onklo sur nv, aliu help transigi ian o, amen multe kompreneble ena er. Nul tiuj fora nano jo.</p>\n<p>Kuo op negi posta. Kazablanko subpropozicio mal ne. End ad ekoo sori, in sor otek finitivo okulvitroj, egalo latina iom ge. Pra ho filo troa, mf esk apud aliel geedzo, fin duobla fratineto sekstiliono as. Lo devus video kelka mia, sia ed mili fini. Sin nula usono kunmetao ik, cii op tiea post gibi, sob brosi substantiva is.</p>\n<p>Jam unun participo sh. Nea mo ioma identiga, mi edzo ekde frikativo dio. Cii milo tohuo iufoje tc, mo tet krom prezoinda tempopunkto, hago dank\' esperantigita ok kie. Iufoje helpverbo ko mis, poa ci dura eo komparado. Pli persa deziri ju, falsa ekesti definitive jes aj. Tro iu hodiaa infinitivo, e eca malpli kernovorto.</p>\n<p>Ke ato armo postpriskribo. Mem al triliono frikativo miriametro, spite vortfarado fo iel. Oj iom ruli okej vatto. Jota tiama tagnokto nu ili. Nei kian spite ki, nenia reciprokeco ajn vo. Hot jena respondeci uj.</p>\n<p>Fri go longa senobjekta postmorga, deci praantahiera ina el, nea ve dato hekto. Ci speco anstatai sat, ses mono literaturo ko. Per vi dume falsa fundamenta, amen siatempe kuo id. Pri vi eo fontoj frazparto. Kab\'o difina lalonge ne a.</p>',0),(86,1,'Has scaevola moderatius ei, cu vitae expetendis quaerendum vix. Eu ius dicat euismod, ea vix dicit audire epicurei.','<p>It plu plia olda nula, lo ekoo interjekcio a. Iom inkluzive dividostreko sh, subtraho praantahiera bio fo. San go povi triliono kunmetita, anstata supersigno mallongigita iom kz. Tiel ofon iometo dio at, vir alikvante montrovorto prirespondi re, sis tiam reen frazparto jh. Pov mi pobo infra alternativo, nenio geedzo alimaniere sor um.</p>\n<p>Tek in dekoj komplika kernovorto, dekuma disskribado je end. Vendo posttagmezo um esk, ki nedifina personalo, unt. Sen ki tiele aligi resti. Diesa resti alikaze enz us, cii gardi duobla vi, ajna ceceo nelimigita oid no. Oho negi antaparto alternativdemando si, adjektivo multiplikite bv ism, ind jh prepozitivo antaelemento. He ano orda nekutima, mil fi alia patro solstariva.</p>\n<p>Tia zepto rolvorteto du. Ar duo frota sepen dikfingro. Des vavo senforte ed. Mano halt\' onklo sur nv, aliu help transigi ian o, amen multe kompreneble ena er. Nul tiuj fora nano jo.</p>\n<p>Kuo op negi posta. Kazablanko subpropozicio mal ne. End ad ekoo sori, in sor otek finitivo okulvitroj, egalo latina iom ge. Pra ho filo troa, mf esk apud aliel geedzo, fin duobla fratineto sekstiliono as. Lo devus video kelka mia, sia ed mili fini. Sin nula usono kunmetao ik, cii op tiea post gibi, sob brosi substantiva is.</p>\n<p>Jam unun participo sh. Nea mo ioma identiga, mi edzo ekde frikativo dio. Cii milo tohuo iufoje tc, mo tet krom prezoinda tempopunkto, hago dank\' esperantigita ok kie. Iufoje helpverbo ko mis, poa ci dura eo komparado. Pli persa deziri ju, falsa ekesti definitive jes aj. Tro iu hodiaa infinitivo, e eca malpli kernovorto.</p>\n<p>Ke ato armo postpriskribo. Mem al triliono frikativo miriametro, spite vortfarado fo iel. Oj iom ruli okej vatto. Jota tiama tagnokto nu ili. Nei kian spite ki, nenia reciprokeco ajn vo. Hot jena respondeci uj.</p>\n<p>Fri go longa senobjekta postmorga, deci praantahiera ina el, nea ve dato hekto. Ci speco anstatai sat, ses mono literaturo ko. Per vi dume falsa fundamenta, amen siatempe kuo id. Pri vi eo fontoj frazparto. Kab\'o difina lalonge ne a.</p>',0),(87,1,'<p>Quo id offendit postulant, erat nonummy fastidii ea sea, has te adhuc ipsum. Ius diam rebum eirmod ea. Ne latine labores quo, est quas dissentiunt ex, ei sed legimus intellegat assueverit</p>','<p>It plu plia olda nula, lo ekoo interjekcio a. Iom inkluzive dividostreko sh, subtraho praantahiera bio fo. San go povi triliono kunmetita, anstata supersigno mallongigita iom kz. Tiel ofon iometo dio at, vir alikvante montrovorto prirespondi re, sis tiam reen frazparto jh. Pov mi pobo infra alternativo, nenio geedzo alimaniere sor um.</p>\r\n<p>Tek in dekoj komplika kernovorto, dekuma disskribado je end. Vendo posttagmezo um esk, ki nedifina personalo, unt. Sen ki tiele aligi resti. Diesa resti alikaze enz us, cii gardi duobla vi, ajna ceceo nelimigita oid no. Oho negi antaparto alternativdemando si, adjektivo multiplikite bv ism, ind jh prepozitivo antaelemento. He ano orda nekutima, mil fi alia patro solstariva.</p>\r\n<p>Tia zepto rolvorteto du. Ar duo frota sepen dikfingro. Des vavo senforte ed. Mano halt\' onklo sur nv, aliu help transigi ian o, amen multe kompreneble ena er. Nul tiuj fora nano jo.</p>\r\n<p>Kuo op negi posta. Kazablanko subpropozicio mal ne. End ad ekoo sori, in sor otek finitivo okulvitroj, egalo latina iom ge. Pra ho filo troa, mf esk apud aliel geedzo, fin duobla fratineto sekstiliono as. Lo devus video kelka mia, sia ed mili fini. Sin nula usono kunmetao ik, cii op tiea post gibi, sob brosi substantiva is.</p>\r\n<p>Jam unun participo sh. Nea mo ioma identiga, mi edzo ekde frikativo dio. Cii milo tohuo iufoje tc, mo tet krom prezoinda tempopunkto, hago dank\' esperantigita ok kie. Iufoje helpverbo ko mis, poa ci dura eo komparado. Pli persa deziri ju, falsa ekesti definitive jes aj. Tro iu hodiaa infinitivo, e eca malpli kernovorto.</p>\r\n<p>Ke ato armo postpriskribo. Mem al triliono frikativo miriametro, spite vortfarado fo iel. Oj iom ruli okej vatto. Jota tiama tagnokto nu ili. Nei kian spite ki, nenia reciprokeco ajn vo. Hot jena respondeci uj.</p>\r\n<p>Fri go longa senobjekta postmorga, deci praantahiera ina el, nea ve dato hekto. Ci speco anstatai sat, ses mono literaturo ko. Per vi dume falsa fundamenta, amen siatempe kuo id. Pri vi eo fontoj frazparto. Kab\'o difina lalonge ne a.</p>',0),(88,1,'Cu mel quot instructior, cu has consul delenit senserit. Ei duo nihil oblique mandamus. Est ad agam puto, ea quo suscipit honestatis, quidam repudiandae ius in.','<p>It plu plia olda nula, lo ekoo interjekcio a. Iom inkluzive dividostreko sh, subtraho praantahiera bio fo. San go povi triliono kunmetita, anstata supersigno mallongigita iom kz. Tiel ofon iometo dio at, vir alikvante montrovorto prirespondi re, sis tiam reen frazparto jh. Pov mi pobo infra alternativo, nenio geedzo alimaniere sor um.</p>\n<p>Tek in dekoj komplika kernovorto, dekuma disskribado je end. Vendo posttagmezo um esk, ki nedifina personalo, unt. Sen ki tiele aligi resti. Diesa resti alikaze enz us, cii gardi duobla vi, ajna ceceo nelimigita oid no. Oho negi antaparto alternativdemando si, adjektivo multiplikite bv ism, ind jh prepozitivo antaelemento. He ano orda nekutima, mil fi alia patro solstariva.</p>\n<p>Tia zepto rolvorteto du. Ar duo frota sepen dikfingro. Des vavo senforte ed. Mano halt\' onklo sur nv, aliu help transigi ian o, amen multe kompreneble ena er. Nul tiuj fora nano jo.</p>\n<p>Kuo op negi posta. Kazablanko subpropozicio mal ne. End ad ekoo sori, in sor otek finitivo okulvitroj, egalo latina iom ge. Pra ho filo troa, mf esk apud aliel geedzo, fin duobla fratineto sekstiliono as. Lo devus video kelka mia, sia ed mili fini. Sin nula usono kunmetao ik, cii op tiea post gibi, sob brosi substantiva is.</p>\n<p>Jam unun participo sh. Nea mo ioma identiga, mi edzo ekde frikativo dio. Cii milo tohuo iufoje tc, mo tet krom prezoinda tempopunkto, hago dank\' esperantigita ok kie. Iufoje helpverbo ko mis, poa ci dura eo komparado. Pli persa deziri ju, falsa ekesti definitive jes aj. Tro iu hodiaa infinitivo, e eca malpli kernovorto.</p>\n<p>Ke ato armo postpriskribo. Mem al triliono frikativo miriametro, spite vortfarado fo iel. Oj iom ruli okej vatto. Jota tiama tagnokto nu ili. Nei kian spite ki, nenia reciprokeco ajn vo. Hot jena respondeci uj.</p>\n<p>Fri go longa senobjekta postmorga, deci praantahiera ina el, nea ve dato hekto. Ci speco anstatai sat, ses mono literaturo ko. Per vi dume falsa fundamenta, amen siatempe kuo id. Pri vi eo fontoj frazparto. Kab\'o difina lalonge ne a.</p>',0),(89,1,'Ea gloriatur rationibus efficiendi vis, his an esse adhuc dolor. Sea aperiri alienum definiebas ad. Sea id quod vide consul, et qui tractatos scripserit.','<p>It plu plia olda nula, lo ekoo interjekcio a. Iom inkluzive dividostreko sh, subtraho praantahiera bio fo. San go povi triliono kunmetita, anstata supersigno mallongigita iom kz. Tiel ofon iometo dio at, vir alikvante montrovorto prirespondi re, sis tiam reen frazparto jh. Pov mi pobo infra alternativo, nenio geedzo alimaniere sor um.</p>\n<p>Tek in dekoj komplika kernovorto, dekuma disskribado je end. Vendo posttagmezo um esk, ki nedifina personalo, unt. Sen ki tiele aligi resti. Diesa resti alikaze enz us, cii gardi duobla vi, ajna ceceo nelimigita oid no. Oho negi antaparto alternativdemando si, adjektivo multiplikite bv ism, ind jh prepozitivo antaelemento. He ano orda nekutima, mil fi alia patro solstariva.</p>\n<p>Tia zepto rolvorteto du. Ar duo frota sepen dikfingro. Des vavo senforte ed. Mano halt\' onklo sur nv, aliu help transigi ian o, amen multe kompreneble ena er. Nul tiuj fora nano jo.</p>\n<p>Kuo op negi posta. Kazablanko subpropozicio mal ne. End ad ekoo sori, in sor otek finitivo okulvitroj, egalo latina iom ge. Pra ho filo troa, mf esk apud aliel geedzo, fin duobla fratineto sekstiliono as. Lo devus video kelka mia, sia ed mili fini. Sin nula usono kunmetao ik, cii op tiea post gibi, sob brosi substantiva is.</p>\n<p>Jam unun participo sh. Nea mo ioma identiga, mi edzo ekde frikativo dio. Cii milo tohuo iufoje tc, mo tet krom prezoinda tempopunkto, hago dank\' esperantigita ok kie. Iufoje helpverbo ko mis, poa ci dura eo komparado. Pli persa deziri ju, falsa ekesti definitive jes aj. Tro iu hodiaa infinitivo, e eca malpli kernovorto.</p>\n<p>Ke ato armo postpriskribo. Mem al triliono frikativo miriametro, spite vortfarado fo iel. Oj iom ruli okej vatto. Jota tiama tagnokto nu ili. Nei kian spite ki, nenia reciprokeco ajn vo. Hot jena respondeci uj.</p>\n<p>Fri go longa senobjekta postmorga, deci praantahiera ina el, nea ve dato hekto. Ci speco anstatai sat, ses mono literaturo ko. Per vi dume falsa fundamenta, amen siatempe kuo id. Pri vi eo fontoj frazparto. Kab\'o difina lalonge ne a.</p>',0),(101,1,'<p>Ei libris facete ccusam eum. Etiam viderer in me, vel alienum rtionibus in. Laudem maiestatis et nm. Dicam orati has t. Nobis invenire an cum, usu n delectus electram moderatius. Aperiri repudiare me t, ex nec enim repudiare ssentior.</p>','<p>Pr sale option te, nec n cibo cmprehensm. Qui aperiri sapientem in, vix eu dolorum disputtioni. Eos in pparet expetend iudicabit. Ad ius elit honestatis ctidieque, in euismod fuisset corpor usu. Ludus expetenda conclusionemque te qui, autem mucius complectitur ut per. Sed te porro recteque intellegam.</p>\r\n<p>Vim id aeterno fabulas, pro ex prima nemre mentitum. Paulo dolor ei mea. No iuvaret aliquam eam. Eu illum fficiis nominti vim. Vim ei decre libervisse, ei eos nihil perfecto, cu habeo oblique antiopm pro.</p>\r\n<p>Vel summo mderatius ei, ex pri sonet lienum praesent. Eu est consulatu instructior, id novum snctus temporibus has. Corpora percipit his ut. Sed in probo prim, pro slet verear deserunt et. Ei quem malis usu, diceret delectus apeirin n vis. Falli legimus instructior est te, et slet perfecto eam, laoreet fcilis ne me.</p>\r\n<p>n vel brute forensibus. Utinm consulatu an nec, cu quo regione feugait phaedrum. Id sit alterum adolescens instructior. Decore viderer em an. Tot quaerendum at eum, mei aliquip bonorum percipit ei. Meis gloriatur vis cu, nisl ferri illum t mei. Cu pri essent dissentiunt.</p>\r\n<p>Nm an constituto intellegm ullamcorper, me aliquip cmmune in. Nominavi quaerendum sea id, te sit elit civibus delicatissimi, eu est sumo vidit docendi. Ex rebum liber nam, in est atomorum definitines. t ius offendit questio suvitte, nominvi detrxit ut se. Minimum definiebs cu vix, ad eos pulo convenire, sea inni ccusmus ei. Eos ex aliquid accusm luptatum, ad ius integre argumentum, movet erroribus posidnium id has.</p>\r\n<p>Cum ei porr veniam delectus, me ad noluisse persecuti. Eu pulo oratio diceret pri. Hs nusqum tacimtes ei, te me nobis qualisque, et cetero phaedrum antiopam mea. Vocent utroque mei no, equidem insolens recteque ad sit, ne wisi singulis necessitatibus vel. Mel ad ferri referrentur. Nec habemus docendi in, mea case lorem essent ei.</p>',1);
/*!40000 ALTER TABLE `Xnews` ENABLE KEYS */;
UNLOCK TABLES;

--
-- Dumping data for table `Xpage`
--

LOCK TABLES `Xpage` WRITE;
/*!40000 ALTER TABLE `Xpage` DISABLE KEYS */;
INSERT INTO `Xpage` (`NrArticle`, `IdLanguage`, `Ffull_text`) VALUES (95,1,'<!** Image 1 align=\"right\" alt=\"Old Guys\" sub=\"Old Guys\"   >\n<p>Et integre nusquam mediocritatem has, usu hinc magna mutat eu. Qui ea hinc postulant, tritani fabellas eos ad, eu vim error putant. Habeo corpora mea te. Usu nihil bonorum apeirian cu. Error decore officiis cum cu. An duo alii dico, in nisl meliore nec, ei soleat dolorem sensibus sea.</p>\n<p>Cu pri alterum omittam disputationi, pri ad possim ponderum vituperatoribus. Cu tollit interpretaris mel. No posse perfecto vis, ex vix sanctus percipitur. Nihil oratio appareat et sit. Nam dolorum accommodare ei, nonumy quidam splendide at sit, vim nobis deseruisse efficiendi no. Adipisci elaboraret accommodare mea at, in tantas everti forensibus pro.</p>\n<p>At est esse vidit latine, malorum gubergren voluptaria ne mei. Ut duo duis sapientem rationibus. Movet oratio mel no, nam ut exerci necessitatibus. Mel inani oratio complectitur no, no atomorum consulatu hendrerit ius. An sit ridens sanctus suscipiantur. Ad nam alienum offendit.</p>\n<p>Et integre nusquam mediocritatem has, usu hinc magna mutat eu. Qui ea hinc postulant, tritani fabellas eos ad, eu vim error putant. Habeo corpora mea te. Usu nihil bonorum apeirian cu. Error decore officiis cum cu. An duo alii dico, in nisl meliore nec, ei soleat dolorem sensibus sea.</p>\n<p>Cu pri alterum omittam disputationi, pri ad possim ponderum vituperatoribus. Cu tollit interpretaris mel. No posse perfecto vis, ex vix sanctus percipitur. Nihil oratio appareat et sit. Nam dolorum accommodare ei, nonumy quidam splendide at sit, vim nobis deseruisse efficiendi no. Adipisci elaboraret accommodare mea at, in tantas everti forensibus pro.At est esse vidit latine, malorum gubergren voluptaria ne mei. Ut duo duis sapientem rationibus. Movet oratio mel no, nam ut exerci necessitatibus. Mel inani oratio complectitur no, no atomorum consulatu hendrerit ius. An sit ridens sanctus suscipiantur. Ad nam alienum offendit.</p>'),(96,1,'<p><!** Image 1 align=\"right\" alt=\"Home Cooking\" sub=\"Home Cooking\"   ></p>\n<p>We\'re always happy to hear from you. You can contact us via email at <a href=\"mailto:contact@sourcefabric.org\">contact@sourcefabric.org</a></p>\n<p><strong>Postal Address:</strong></p>\n<p>Sourcefabric o.p.s.<br />Salv&aacute;torsk&aacute; 10<br />110 00 Praha 1<br />Czech Republic</p>\n<p>phone: +420 222 362 540</p>\n<p><strong>Toronto office:</strong></p>\n<p>Sourcefabric<br />Centre for Social Innovation<br />720 Bathurst St. Suite 203<br />Toronto, Ontario<br />M5S 2R4<br />Canada</p>\n<p><strong>Berlin office:</strong></p>\n<p>Sourcefabric<br />Prinzessinnenstra&szlig;e 20<br />Aufgang A<br />10969 Berlin<br />Germany</p>\n<p>+49 (0)30 44044999</p>\n<p>If  you need  technical support, please visit our <a href=\"/en/home/support/13/?tpl=15\">Get Help</a> pages. We   also frequent our <a href=\"http://forum.sourcefabric.org\">forums</a> on a very regular  basis; a post there will get a  quick answer!</p>\n<p>Follow us   or contact us on these online social networks also: <a href=\"http://www.facebook.com/pages/Sourcefabric/10150120691955646\" target=\"_blank\">Facebook</a>, <a href=\"http://twitter.com/Sourcefabric\" target=\"_blank\">Twitter</a>, <a href=\"http://friendfeed.com/sourcefabric\" target=\"_blank\">FriendFeed</a>,  <a href=\"http://identi.ca/sourcefabric\" target=\"_blank\">identi.ca</a>, <a href=\"http://www.koornk.com/user/Sourcefabric/\" target=\"_blank\">Koornk</a>,  <a href=\"http://sourcefabric.tumblr.com/\" target=\"_blank\">Tumblr</a>, <a href=\"http://www.youtube.com/user/Sourcefabric\" target=\"_blank\">YouTube</a> and <a href=\"http://vimeo.com/user3337341\" target=\"_blank\">Vimeo</a>.<strong><a href=\"http://forum.sourcefabric.org/blip.tv\" target=\"_blank\"></a> <br /><br /></strong></p>'),(97,1,'<!** Image 1 align=\"right\" alt=\"Grenoble\" sub=\"Grenoble\"   >\n<p>Et integre nusquam mediocritatem has, usu hinc magna mutat eu. Qui ea hinc postulant, tritani fabellas eos ad, eu vim error putant. Habeo corpora mea te. Usu nihil bonorum apeirian cu. Error decore officiis cum cu. An duo alii dico, in nisl meliore nec, ei soleat dolorem sensibus sea.</p>\n<p>Cu pri alterum omittam disputationi, pri ad possim ponderum vituperatoribus. Cu tollit interpretaris mel. No posse perfecto vis, ex vix sanctus percipitur. Nihil oratio appareat et sit. Nam dolorum accommodare ei, nonumy quidam splendide at sit, vim nobis deseruisse efficiendi no. Adipisci elaboraret accommodare mea at, in tantas everti forensibus pro.</p>\n<p>At est esse vidit latine, malorum gubergren voluptaria ne mei. Ut duo duis sapientem rationibus. Movet oratio mel no, nam ut exerci necessitatibus. Mel inani oratio complectitur no, no atomorum consulatu hendrerit ius. An sit ridens sanctus suscipiantur. Ad nam alienum offendit.</p>\n<p>Et integre nusquam mediocritatem has, usu hinc magna mutat eu. Qui ea hinc postulant, tritani fabellas eos ad, eu vim error putant. Habeo corpora mea te. Usu nihil bonorum apeirian cu. Error decore officiis cum cu. An duo alii dico, in nisl meliore nec, ei soleat dolorem sensibus sea.</p>\n<p>Cu pri alterum omittam disputationi, pri ad possim ponderum vituperatoribus. Cu tollit interpretaris mel. No posse perfecto vis, ex vix sanctus percipitur. Nihil oratio appareat et sit. Nam dolorum accommodare ei, nonumy quidam splendide at sit, vim nobis deseruisse efficiendi no. Adipisci elaboraret accommodare mea at, in tantas everti forensibus pro.At est esse vidit latine, malorum gubergren voluptaria ne mei. Ut duo duis sapientem rationibus. Movet oratio mel no, nam ut exerci necessitatibus. Mel inani oratio complectitur no, no atomorum consulatu hendrerit ius. An sit ridens sanctus suscipiantur. Ad nam alienum offendit.</p>'),(98,1,'<!** Image 1 align=\"right\" alt=\"Tara Rafting\" sub=\"Tara Rafting\"   >\n<p>Et integre nusquam mediocritatem has, usu hinc magna mutat eu. Qui ea hinc postulant, tritani fabellas eos ad, eu vim error putant. Habeo corpora mea te. Usu nihil bonorum apeirian cu. Error decore officiis cum cu. An duo alii dico, in nisl meliore nec, ei soleat dolorem sensibus sea.</p>\n<p>Cu pri alterum omittam disputationi, pri ad possim ponderum vituperatoribus. Cu tollit interpretaris mel. No posse perfecto vis, ex vix sanctus percipitur. Nihil oratio appareat et sit. Nam dolorum accommodare ei, nonumy quidam splendide at sit, vim nobis deseruisse efficiendi no. Adipisci elaboraret accommodare mea at, in tantas everti forensibus pro.</p>\n<p>At est esse vidit latine, malorum gubergren voluptaria ne mei. Ut duo duis sapientem rationibus. Movet oratio mel no, nam ut exerci necessitatibus. Mel inani oratio complectitur no, no atomorum consulatu hendrerit ius. An sit ridens sanctus suscipiantur. Ad nam alienum offendit.</p>\n<p>Et integre nusquam mediocritatem has, usu hinc magna mutat eu. Qui ea hinc postulant, tritani fabellas eos ad, eu vim error putant. Habeo corpora mea te. Usu nihil bonorum apeirian cu. Error decore officiis cum cu. An duo alii dico, in nisl meliore nec, ei soleat dolorem sensibus sea.</p>\n<p>Cu pri alterum omittam disputationi, pri ad possim ponderum vituperatoribus. Cu tollit interpretaris mel. No posse perfecto vis, ex vix sanctus percipitur. Nihil oratio appareat et sit. Nam dolorum accommodare ei, nonumy quidam splendide at sit, vim nobis deseruisse efficiendi no. Adipisci elaboraret accommodare mea at, in tantas everti forensibus pro.At est esse vidit latine, malorum gubergren voluptaria ne mei. Ut duo duis sapientem rationibus. Movet oratio mel no, nam ut exerci necessitatibus. Mel inani oratio complectitur no, no atomorum consulatu hendrerit ius. An sit ridens sanctus suscipiantur. Ad nam alienum offendit.</p>');
/*!40000 ALTER TABLE `Xpage` ENABLE KEYS */;
UNLOCK TABLES;

--
-- Dumping data for table `acl_role`
--

LOCK TABLES `acl_role` WRITE;
/*!40000 ALTER TABLE `acl_role` DISABLE KEYS */;
INSERT INTO `acl_role` (`id`) VALUES (1),(2),(3),(4),(5),(6),(7),(8),(9),(10),(11),(12),(13),(14),(15),(16),(17),(18),(19),(20),(21),(22),(23),(24),(25),(26),(27),(28),(29),(30),(31),(32),(33),(34),(35),(36),(37),(38),(39),(40);
/*!40000 ALTER TABLE `acl_role` ENABLE KEYS */;
UNLOCK TABLES;

--
-- Dumping data for table `acl_rule`
--

LOCK TABLES `acl_rule` WRITE;
/*!40000 ALTER TABLE `acl_rule` DISABLE KEYS */;
INSERT INTO `acl_rule` VALUES (1,'allow',1,'article','add'),(2,'allow',1,'audioclip','add'),(3,'allow',1,'file','add'),(4,'allow',1,'image','add'),(5,'allow',1,'audioclip','attach'),(6,'allow',1,'image','attach'),(7,'allow',1,'topic','attach'),(8,'allow',1,'article','edit'),(9,'allow',1,'file','edit'),(10,'allow',1,'image','edit'),(11,'allow',1,'system-preferences','edit'),(12,'allow',1,'cache','clear'),(13,'allow',1,'comment','enable'),(14,'allow',1,'comment','moderate'),(15,'allow',1,'article','delete'),(16,'allow',1,'article-type','delete'),(17,'allow',1,'country','delete'),(18,'allow',1,'file','delete'),(19,'allow',1,'image','delete'),(20,'allow',1,'issue','delete'),(21,'allow',1,'language','delete'),(22,'allow',1,'publication','delete'),(23,'allow',1,'section','delete'),(24,'allow',1,'template','delete'),(25,'allow',1,'user','delete'),(26,'allow',1,'editor','bold'),(27,'allow',1,'editor','charactermap'),(28,'allow',1,'editor','copycutpaste'),(29,'allow',1,'editor','enlarge'),(30,'allow',1,'editor','findreplace'),(31,'allow',1,'editor','fontcolor'),(32,'allow',1,'editor','fontface'),(33,'allow',1,'editor','fontsize'),(34,'allow',1,'editor','horizontalrule'),(35,'allow',1,'editor','image'),(36,'allow',1,'editor','indent'),(37,'allow',1,'editor','italic'),(38,'allow',1,'editor','link'),(39,'allow',1,'editor','listbullet'),(40,'allow',1,'editor','listnumber'),(41,'allow',1,'editor','sourceview'),(42,'allow',1,'editor','strikethrough'),(43,'allow',1,'editor','subhead'),(44,'allow',1,'editor','subscript'),(45,'allow',1,'editor','superscript'),(46,'allow',1,'editor','table'),(47,'allow',1,'editor','textalignment'),(48,'allow',1,'editor','textdirection'),(49,'allow',1,'editor','underline'),(50,'allow',1,'editor','undoredo'),(51,'allow',1,'plugin','manage'),(52,'allow',1,'article-type','manage'),(53,'allow',1,'country','manage'),(54,'allow',1,'issue','manage'),(55,'allow',1,'language','manage'),(56,'allow',1,'localizer','manage'),(57,'allow',1,'publication','manage'),(58,'allow',1,'subscriber','manage'),(59,'allow',1,'section','manage'),(60,'allow',1,'subscription','manage'),(61,'allow',1,'template','manage'),(62,'allow',1,'theme','manage'),(63,'allow',1,'topic','manage'),(64,'allow',1,'user-group','manage'),(65,'allow',1,'user','manage'),(66,'allow',1,'article','move'),(67,'allow',1,'article','publish'),(68,'allow',1,'article','translate'),(69,'allow',1,'log','view'),(70,'allow',1,'editor','statusbar'),(71,'allow',1,'editor','spellcheckerenabled'),(72,'allow',1,'backup','manage'),(73,'allow',1,'plugin-blog','admin'),(74,'allow',1,'plugin-blog','moderator'),(75,'allow',1,'pluginpoll','enable'),(78,'allow',1,'author','edit'),(79,'allow',1,'plugin-recaptcha','admin'),(80,'allow',2,'article','add'),(81,'allow',2,'audioclip','add'),(82,'allow',2,'file','add'),(83,'allow',2,'image','add'),(84,'allow',2,'audioclip','attach'),(85,'allow',2,'image','attach'),(322,'allow',2,'topic','attach'),(87,'allow',2,'article','edit'),(88,'allow',2,'file','edit'),(89,'allow',2,'image','edit'),(90,'allow',2,'cache','clear'),(317,'allow',2,'comment','enable'),(318,'allow',2,'comment','moderate'),(93,'allow',2,'article','delete'),(328,'allow',2,'log','view'),(95,'allow',2,'file','delete'),(96,'allow',2,'image','delete'),(97,'allow',2,'publication','delete'),(98,'allow',2,'template','delete'),(99,'allow',2,'user','delete'),(100,'allow',2,'editor','bold'),(101,'allow',2,'editor','charactermap'),(102,'allow',2,'editor','copycutpaste'),(103,'allow',2,'editor','enlarge'),(104,'allow',2,'editor','findreplace'),(105,'allow',2,'editor','horizontalrule'),(106,'allow',2,'editor','image'),(107,'allow',2,'editor','indent'),(108,'allow',2,'editor','italic'),(109,'allow',2,'editor','link'),(110,'allow',2,'editor','listbullet'),(111,'allow',2,'editor','sourceview'),(112,'allow',2,'editor','strikethrough'),(113,'allow',2,'editor','subhead'),(114,'allow',2,'editor','subscript'),(115,'allow',2,'editor','superscript'),(116,'allow',2,'editor','textalignment'),(117,'allow',2,'editor','textdirection'),(118,'allow',2,'editor','underline'),(330,'allow',2,'notification','get'),(120,'allow',2,'indexer','manage'),(121,'allow',2,'language','manage'),(122,'allow',2,'publication','manage'),(123,'allow',2,'subscriber','manage'),(124,'allow',2,'template','manage'),(125,'allow',2,'theme','manage'),(126,'allow',2,'user-group','manage'),(127,'allow',2,'user','manage'),(128,'allow',2,'article','move'),(129,'allow',2,'article','publish'),(130,'allow',2,'article','translate'),(131,'allow',2,'editor','spellcheckerenabled'),(132,'allow',2,'plugin-blog','moderator'),(133,'allow',2,'pluginpoll','enable'),(241,'allow',3,'article','add'),(136,'allow',3,'audioclip','add'),(137,'allow',3,'file','add'),(244,'allow',3,'image','add'),(139,'allow',3,'audioclip','attach'),(245,'allow',3,'image','attach'),(315,'allow',3,'plugin-soundcloud','upload'),(239,'allow',3,'article','edit'),(143,'allow',3,'file','edit'),(246,'allow',3,'image','edit'),(145,'allow',3,'comment','moderate'),(312,'allow',3,'plugin-soundcloud','browser'),(147,'allow',3,'file','delete'),(148,'allow',3,'user','delete'),(307,'allow',3,'editor','textalignment'),(306,'allow',3,'editor','table'),(305,'allow',3,'editor','superscript'),(296,'allow',3,'editor','image'),(295,'allow',3,'editor','copycutpaste'),(300,'allow',3,'editor','horizontalrule'),(292,'allow',3,'editor','bold'),(299,'allow',3,'editor','indent'),(294,'allow',3,'editor','enlarge'),(165,'allow',3,'user','manage'),(238,'allow',3,'article','publish'),(298,'allow',3,'editor','link'),(168,'allow',3,'pluginpoll','enable'),(169,'allow',4,'article','add'),(170,'allow',4,'audioclip','add'),(171,'allow',4,'file','add'),(226,'allow',4,'image','add'),(173,'allow',4,'audioclip','attach'),(227,'allow',4,'image','attach'),(175,'allow',4,'topic','attach'),(176,'allow',4,'file','edit'),(228,'allow',4,'image','edit'),(178,'allow',4,'user','delete'),(179,'allow',4,'editor','bold'),(180,'allow',4,'editor','charactermap'),(181,'allow',4,'editor','copycutpaste'),(182,'allow',4,'editor','enlarge'),(183,'allow',4,'editor','horizontalrule'),(184,'allow',4,'editor','indent'),(185,'allow',4,'editor','italic'),(186,'allow',4,'editor','link'),(187,'allow',4,'editor','listbullet'),(188,'allow',4,'editor','strikethrough'),(189,'allow',4,'editor','textdirection'),(190,'allow',4,'editor','underline'),(225,'allow',4,'article','move'),(192,'allow',4,'editor','spellcheckerenabled'),(193,'allow',5,'publication','manage'),(194,'allow',5,'section','manage'),(195,'allow',1,'feedback','manage'),(196,'allow',2,'feedback','manage'),(197,'allow',1,'user-points','manage'),(198,'allow',1,'ingest','manage'),(199,'allow',2,'ingest','manage'),(200,'allow',1,'plugin-debate','admin'),(201,'allow',2,'plugin-debate','admin'),(202,'allow',3,'plugin-debate','admin'),(203,'allow',1,'plugin-soundcloud','preferences'),(204,'allow',1,'plugin-soundcloud','browser'),(205,'allow',1,'plugin-soundcloud','upload'),(206,'allow',1,'plugin-soundcloud','update'),(207,'allow',1,'plugin-soundcloud','delete'),(208,'allow',9,'comment','edit'),(209,'allow',9,'playlist','manage'),(210,'allow',9,'indexer','manage'),(212,'deny',9,'notification','moderate-comment'),(217,'deny',9,'plugin-blog','admin'),(218,'deny',9,'plugin-blog','moderator'),(219,'deny',9,'pluginpoll','enable'),(222,'allow',31,'playlist','manage'),(223,'allow',1,'playlist','manage'),(224,'allow',4,'article','edit'),(229,'allow',4,'image','delete'),(230,'allow',4,'comment','enable'),(231,'allow',4,'comment','moderate'),(232,'allow',4,'comment','edit'),(233,'allow',4,'author','edit'),(234,'allow',4,'notification','moderate-comment'),(235,'allow',4,'plugin-soundcloud','browser'),(236,'allow',4,'plugin-soundcloud','update'),(237,'allow',4,'plugin-soundcloud','upload'),(240,'allow',3,'article','translate'),(242,'allow',3,'article','delete'),(243,'allow',3,'article','move'),(247,'allow',3,'image','delete'),(291,'allow',3,'comment','edit'),(249,'allow',3,'feedback','manage'),(303,'allow',3,'editor','strikethrough'),(304,'allow',3,'editor','subscript'),(302,'allow',3,'editor','spellcheckerenabled'),(297,'allow',3,'editor','italic'),(293,'allow',3,'editor','charactermap'),(320,'allow',2,'issue','manage'),(301,'allow',3,'editor','listbullet'),(319,'allow',2,'comment','edit'),(316,'allow',3,'plugin-soundcloud','update'),(310,'allow',3,'topic','attach'),(314,'allow',3,'plugin-soundcloud','preferences'),(313,'allow',3,'plugin-soundcloud','delete'),(311,'allow',3,'author','edit'),(308,'allow',3,'editor','textdirection'),(309,'allow',3,'editor','underline'),(321,'allow',2,'section','manage'),(323,'allow',2,'topic','manage'),(324,'allow',2,'playlist','manage'),(325,'allow',2,'author','edit'),(326,'allow',2,'subscription','manage'),(327,'allow',2,'country','manage'),(329,'allow',2,'notification','moderate-comment'),(331,'allow',2,'plugin','manage'),(332,'allow',2,'plugin-soundcloud','browser'),(333,'allow',2,'plugin-soundcloud','delete'),(334,'allow',2,'plugin-soundcloud','update'),(335,'allow',2,'plugin-soundcloud','upload');
/*!40000 ALTER TABLE `acl_rule` ENABLE KEYS */;
UNLOCK TABLES;

--
-- Dumping data for table `article_datetimes`
--

LOCK TABLES `article_datetimes` WRITE;
/*!40000 ALTER TABLE `article_datetimes` DISABLE KEYS */;
/*!40000 ALTER TABLE `article_datetimes` ENABLE KEYS */;
UNLOCK TABLES;

--
-- Dumping data for table `comment`
--

LOCK TABLES `comment` WRITE;
/*!40000 ALTER TABLE `comment` DISABLE KEYS */;
INSERT INTO `comment` (`id`, `fk_comment_commenter_id`, `fk_forum_id`, `fk_thread_id`, `fk_language_id`, `fk_parent_id`, `subject`, `message`, `thread_order`, `thread_level`, `status`, `ip`, `likes`, `dislikes`, `time_created`, `time_updated`, `recommended`) VALUES (1,1,2,68,1,NULL,'Advertisers target online demographic','',0,0,0,'79.101.185.177',0,0,'2010-12-30 09:28:14','2010-12-30 09:38:36',0),(2,2,2,68,1,1,'Somethnig','Something\'s got me started',1,1,0,'79.101.185.177',0,0,'2010-12-30 09:28:14','1970-01-01 00:00:00',0),(3,3,2,68,1,1,'Not ok','Ok, not ok, who knows? Lorem ipsum dolor sit amet, my friend.',2,1,0,'79.101.185.177',0,0,'2010-12-30 09:29:51','1970-01-01 00:00:00',1),(4,4,2,68,1,1,'Site comment','Well well, what you see is what you get, simple as that. An eam aliquam vulputate intellegebat, cu sea iudico suavitate, populo intellegat his ei. An vel laoreet molestiae. Est nobis eripuit probatus an, te his illum dicant. Eu dicit verterem assueverit duo, people!',3,1,0,'79.101.185.177',0,0,'2010-12-30 09:38:36','1970-01-01 00:00:00',0),(5,1,2,64,1,NULL,'European Council candidates set to be named','',0,0,0,'79.101.185.177',0,0,'2010-12-30 12:23:27','2011-07-07 09:32:38',0),(6,5,2,64,1,5,'Site comment','Congratulations to the Person!',1,1,0,'79.101.185.177',0,0,'2010-12-30 12:23:27','1970-01-01 00:00:00',0),(7,1,2,86,1,NULL,'Online security risks exposed','',0,0,0,'79.101.185.177',0,0,'2010-12-30 12:24:44','2010-12-30 12:24:44',1),(8,6,2,86,1,7,'Site comment','Hi, I adore twitter and tweet all the time. Id electram forensibus definiebas his, percipit expetendis vix no.',1,1,0,'79.101.185.177',0,0,'2010-12-30 12:24:44','1970-01-01 00:00:00',0),(9,1,2,87,1,NULL,'New horizons for the browser','',0,0,0,'79.101.185.177',0,0,'2010-12-30 12:26:02','2011-01-04 14:44:03',0),(10,4,2,87,1,9,'Site comment','Karmakoma, honestatis, quidam repudiandae ius in. Cheers! :)',1,1,0,'79.101.185.177',0,0,'2010-12-30 12:26:02','1970-01-01 00:00:00',0),(11,7,2,87,1,10,'Site comment','I agree and support.',2,2,0,'79.101.185.177',0,0,'2010-12-30 12:26:37','1970-01-01 00:00:00',0),(12,1,2,77,1,NULL,'New Cannes winner a taste of paradise','',0,0,0,'79.101.185.177',0,0,'2010-12-30 12:28:12','2010-12-30 12:28:12',0),(13,8,2,77,1,12,'Site comment','Knows not where he\'s going to, but nevertheless...',1,1,0,'79.101.185.177',0,0,'2010-12-30 12:28:12','1970-01-01 00:00:00',1),(14,1,2,76,1,NULL,'Berlin Film Festival unveils 2011 line-up','',0,0,0,'79.101.185.177',0,0,'2010-12-30 12:31:35','2010-12-30 12:31:35',1),(15,9,2,76,1,14,'Site comment','Sit te possim tibique, eum an quando tibique praesent, munere maiorum deleniti sea eu. Having said that, I also have to say that Erroribus torquatos vel et, pri nostro causae gubergren id. Per ut cetero laoreet recteque, cetero lucilius phaedrum his at.',1,1,0,'79.101.185.177',0,0,'2010-12-30 12:31:35','1970-01-01 00:00:00',1),(16,10,2,87,1,9,'Site comment','Hi, cu mel quot instructior, cu has consul delenit senserit. Other than that - perfect!',3,1,0,'94.189.197.96',0,0,'2011-01-04 14:44:03','1970-01-01 00:00:00',0),(17,11,2,64,1,5,'Some subject','I\'m comin\' home now baby, run away...',2,1,0,'46.4.76.175',0,0,'2011-07-07 09:32:38','1970-01-01 00:00:00',1);
/*!40000 ALTER TABLE `comment` ENABLE KEYS */;
UNLOCK TABLES;

--
-- Dumping data for table `comment_acceptance`
--

LOCK TABLES `comment_acceptance` WRITE;
/*!40000 ALTER TABLE `comment_acceptance` DISABLE KEYS */;
/*!40000 ALTER TABLE `comment_acceptance` ENABLE KEYS */;
UNLOCK TABLES;

--
-- Dumping data for table `comment_commenter`
--

LOCK TABLES `comment_commenter` WRITE;
/*!40000 ALTER TABLE `comment_commenter` DISABLE KEYS */;
INSERT INTO `comment_commenter` (`id`, `fk_user_id`, `email`, `url`, `name`, `ip`, `time_created`, `time_updated`) VALUES (1,NULL,'','','Anonymous User','79.101.185.177','2010-12-30 09:28:14','2010-12-30 09:38:36'),(2,NULL,'test@persona.com','','Test Persona','79.101.185.177','2010-12-30 09:28:14','1970-01-01 00:00:00'),(3,NULL,'rio@mutd.co.uk','','Rio Ferdinand','79.101.185.177','2010-12-30 09:29:51','1970-01-01 00:00:00'),(4,NULL,'jos@hua.com','','Joshua','79.101.185.177','2010-12-30 09:38:36','1970-01-01 00:00:00'),(5,NULL,'pia@gmail.com','','Pia Zadora','79.101.185.177','2010-12-30 12:23:27','1970-01-01 00:00:00'),(6,NULL,'ttm@gmail.com','','Twittermaniac','79.101.185.177','2010-12-30 12:24:44','1970-01-01 00:00:00'),(7,NULL,'swenge@gmail.com','','Swen','79.101.185.177','2010-12-30 12:26:37','1970-01-01 00:00:00'),(8,NULL,'pia@gmail.com','','Papadopulos','79.101.185.177','2010-12-30 12:28:12','1970-01-01 00:00:00'),(9,NULL,'bri@gitte.de','','Brigitte','79.101.185.177','2010-12-30 12:31:35','1970-01-01 00:00:00'),(10,NULL,'winn@eto.uu','','Winnetou','94.189.197.96','2011-01-04 14:44:03','1970-01-01 00:00:00'),(11,NULL,'black@georg.iye','','Black Georgios','46.4.76.175','2011-07-07 09:32:38','1970-01-01 00:00:00'),(12,47,'ozan@dispostable.com','','z','213.220.197.60','2012-03-08 10:48:44','0000-00-00 00:00:00'),(13,31,'ljuba.rankovic@sourcefabric.org','','Test Persona','79.101.75.169','2012-03-08 11:31:02','0000-00-00 00:00:00'),(14,NULL,'asd@asdqwd.com','','qweqwe','84.19.71.67','2012-03-13 09:40:36','0000-00-00 00:00:00'),(15,47,'ozan@dispostable.com','','<a href=\'/user/profile/Ozan+Ozbek\'>Ozan Ozbek</a>','84.19.71.67','2012-03-13 09:42:16','0000-00-00 00:00:00'),(16,31,'ljuba.rankovic@sourcefabric.org','','<a href=\'/user/profile/ljubar\'>Ljuba Rankovic</a>','188.2.52.247','2012-03-13 09:42:46','0000-00-00 00:00:00');
/*!40000 ALTER TABLE `comment_commenter` ENABLE KEYS */;
UNLOCK TABLES;

--
-- Dumping data for table `community_ticker_event`
--

LOCK TABLES `community_ticker_event` WRITE;
/*!40000 ALTER TABLE `community_ticker_event` DISABLE KEYS */;
INSERT INTO `community_ticker_event` (`id`, `event`, `params`, `created`, `user_id`) VALUES (2,'user.register','[]','2012-03-01 17:50:07',42),(3,'comment.recommended','{\"id\":17,\"subject\":\"Some subject\",\"article\":null,\"commenter\":\"Black Georgios\"}','2012-03-02 16:48:58',NULL),(4,'comment.recommended','{\"id\":14,\"subject\":\"Berlin Film Festival unveils 2011 line-up\",\"article\":null,\"commenter\":\"Anonymous User\"}','2012-03-02 16:49:04',NULL),(5,'comment.recommended','{\"id\":15,\"subject\":\"Site comment\",\"article\":null,\"commenter\":\"Brigitte\"}','2012-03-02 16:49:07',NULL),(6,'comment.recommended','{\"id\":13,\"subject\":\"Site comment\",\"article\":null,\"commenter\":\"Papadopulos\"}','2012-03-02 16:49:10',NULL),(7,'comment.recommended','{\"id\":7,\"subject\":\"Online security risks exposed\",\"article\":null,\"commenter\":\"Anonymous User\"}','2012-03-02 16:49:13',NULL),(8,'comment.recommended','{\"id\":3,\"subject\":\"Not ok\",\"article\":null,\"commenter\":\"Rio Ferdinand\"}','2012-03-02 16:49:19',NULL),(10,'comment.recommended','{\"id\":19,\"subject\":\"Bodo\",\"article\":null,\"commenter\":\"Test Persona\"}','2012-03-08 11:32:05',NULL),(14,'comment.recommended','{\"id\":22,\"subject\":\"\",\"article\":null,\"commenter\":\"<a href=\'\\/user\\/profile\\/ljubar\'>Ljuba Rankovic<\\/a>\"}','2012-03-13 09:43:31',NULL);
/*!40000 ALTER TABLE `community_ticker_event` ENABLE KEYS */;
UNLOCK TABLES;

--
-- Dumping data for table `context_articles`
--

LOCK TABLES `context_articles` WRITE;
/*!40000 ALTER TABLE `context_articles` DISABLE KEYS */;
INSERT INTO `context_articles` (`fk_context_id`, `fk_article_no`) VALUES (23,82),(23,66),(24,85),(24,84),(25,85),(25,87),(25,88);
/*!40000 ALTER TABLE `context_articles` ENABLE KEYS */;
UNLOCK TABLES;

--
-- Dumping data for table `context_boxes`
--

LOCK TABLES `context_boxes` WRITE;
/*!40000 ALTER TABLE `context_boxes` DISABLE KEYS */;
INSERT INTO `context_boxes` (`id`, `fk_article_no`) VALUES (21,64),(22,101),(23,83),(24,68),(25,86),(26,67),(27,74),(28,82),(29,87),(30,77),(31,85),(32,84),(33,71),(34,89),(35,88),(36,80),(37,81),(38,66),(39,65),(40,69),(41,72),(42,78),(43,75),(44,95),(45,96),(46,97),(47,98),(48,76),(49,79),(50,73),(51,70);
/*!40000 ALTER TABLE `context_boxes` ENABLE KEYS */;
UNLOCK TABLES;

--
-- Dumping data for table `feedback`
--

LOCK TABLES `feedback` WRITE;
/*!40000 ALTER TABLE `feedback` DISABLE KEYS */;
/*!40000 ALTER TABLE `feedback` ENABLE KEYS */;
UNLOCK TABLES;

--
-- Dumping data for table `liveuser_applications`
--

LOCK TABLES `liveuser_applications` WRITE;
/*!40000 ALTER TABLE `liveuser_applications` DISABLE KEYS */;
INSERT INTO `liveuser_applications` (`application_id`, `application_define_name`) VALUES (1,'Campsite'),(2,'Campcaster');
/*!40000 ALTER TABLE `liveuser_applications` ENABLE KEYS */;
UNLOCK TABLES;

--
-- Dumping data for table `liveuser_applications_application_id_seq`
--

LOCK TABLES `liveuser_applications_application_id_seq` WRITE;
/*!40000 ALTER TABLE `liveuser_applications_application_id_seq` DISABLE KEYS */;
INSERT INTO `liveuser_applications_application_id_seq` (`id`) VALUES (2);
/*!40000 ALTER TABLE `liveuser_applications_application_id_seq` ENABLE KEYS */;
UNLOCK TABLES;

--
-- Dumping data for table `liveuser_applications_seq`
--

LOCK TABLES `liveuser_applications_seq` WRITE;
/*!40000 ALTER TABLE `liveuser_applications_seq` DISABLE KEYS */;
/*!40000 ALTER TABLE `liveuser_applications_seq` ENABLE KEYS */;
UNLOCK TABLES;

--
-- Dumping data for table `liveuser_area_admin_areas`
--

LOCK TABLES `liveuser_area_admin_areas` WRITE;
/*!40000 ALTER TABLE `liveuser_area_admin_areas` DISABLE KEYS */;
/*!40000 ALTER TABLE `liveuser_area_admin_areas` ENABLE KEYS */;
UNLOCK TABLES;

--
-- Dumping data for table `liveuser_areas`
--

LOCK TABLES `liveuser_areas` WRITE;
/*!40000 ALTER TABLE `liveuser_areas` DISABLE KEYS */;
INSERT INTO `liveuser_areas` (`area_id`, `application_id`, `area_define_name`) VALUES (1,1,'Articles');
/*!40000 ALTER TABLE `liveuser_areas` ENABLE KEYS */;
UNLOCK TABLES;

--
-- Dumping data for table `liveuser_areas_seq`
--

LOCK TABLES `liveuser_areas_seq` WRITE;
/*!40000 ALTER TABLE `liveuser_areas_seq` DISABLE KEYS */;
/*!40000 ALTER TABLE `liveuser_areas_seq` ENABLE KEYS */;
UNLOCK TABLES;

--
-- Dumping data for table `liveuser_group_subgroups`
--

LOCK TABLES `liveuser_group_subgroups` WRITE;
/*!40000 ALTER TABLE `liveuser_group_subgroups` DISABLE KEYS */;
/*!40000 ALTER TABLE `liveuser_group_subgroups` ENABLE KEYS */;
UNLOCK TABLES;

--
-- Dumping data for table `liveuser_grouprights`
--

LOCK TABLES `liveuser_grouprights` WRITE;
/*!40000 ALTER TABLE `liveuser_grouprights` DISABLE KEYS */;
INSERT INTO `liveuser_grouprights` (`group_id`, `right_id`, `right_level`) VALUES (1,1,3),(1,2,3),(1,3,3),(1,4,3),(1,5,3),(1,6,3),(1,7,3),(1,8,3),(1,9,3),(1,10,3),(1,11,3),(1,12,3),(1,13,3),(1,14,3),(1,15,3),(1,16,3),(1,17,3),(1,18,3),(1,19,3),(1,20,3),(1,21,3),(1,22,3),(1,23,3),(1,24,3),(1,25,3),(1,26,3),(1,27,3),(1,28,3),(1,29,3),(1,30,3),(1,31,3),(1,32,3),(1,33,3),(1,34,3),(1,35,3),(1,36,3),(1,37,3),(1,38,3),(1,39,3),(1,40,3),(1,41,3),(1,42,3),(1,43,3),(1,44,3),(1,45,3),(1,46,3),(1,47,3),(1,48,3),(1,49,3),(1,50,3),(1,51,3),(1,53,3),(1,56,3),(1,57,3),(1,58,3),(1,59,3),(1,60,3),(1,61,3),(1,62,3),(1,63,3),(1,65,3),(1,64,3),(1,66,3),(1,67,3),(1,68,3),(1,69,3),(1,70,3),(1,73,3),(2,1,3),(2,2,3),(2,3,3),(2,4,3),(2,5,3),(2,6,3),(2,7,3),(2,8,3),(2,9,3),(2,10,3),(2,12,3),(2,13,3),(2,14,3),(2,15,3),(2,17,3),(2,18,3),(2,19,3),(2,22,3),(2,24,3),(2,25,3),(2,26,3),(2,27,3),(2,28,3),(2,29,3),(2,30,3),(2,34,3),(2,35,3),(2,36,3),(2,37,3),(2,38,3),(2,39,3),(2,41,3),(2,42,3),(2,43,3),(2,44,3),(2,45,3),(2,47,3),(2,48,3),(2,49,3),(2,52,3),(2,55,3),(2,57,3),(2,59,3),(2,60,3),(2,63,3),(2,65,3),(2,66,3),(2,67,3),(2,68,3),(2,69,3),(2,73,3),(3,1,3),(3,2,3),(3,3,3),(3,4,3),(3,5,3),(3,6,3),(3,7,3),(3,8,3),(3,9,3),(3,10,3),(3,14,3),(3,17,3),(3,18,3),(3,25,3),(3,26,3),(3,27,3),(3,28,3),(3,29,3),(3,34,3),(3,35,3),(3,36,3),(3,37,3),(3,38,3),(3,39,3),(3,42,3),(3,45,3),(3,46,3),(3,47,3),(3,48,3),(3,49,3),(3,66,3),(3,68,3),(3,73,3),(4,1,3),(4,2,3),(4,3,3),(4,4,3),(4,5,3),(4,6,3),(4,7,3),(4,9,3),(4,10,3),(4,25,3),(4,26,3),(4,27,3),(4,28,3),(4,29,3),(4,34,3),(4,36,3),(4,37,3),(4,38,3),(4,39,3),(4,42,3),(4,48,3),(4,49,3),(4,68,3),(4,73,3),(5,59,3),(5,61,3),(1,54,3),(1,74,3),(1,72,3),(1,87,3),(2,87,3),(3,87,3),(1,96,3),(1,95,3),(2,95,3),(1,81,3),(1,82,3),(2,82,3),(1,105,3),(1,97,3),(1,254,3);
/*!40000 ALTER TABLE `liveuser_grouprights` ENABLE KEYS */;
UNLOCK TABLES;

--
-- Dumping data for table `liveuser_groups`
--

LOCK TABLES `liveuser_groups` WRITE;
/*!40000 ALTER TABLE `liveuser_groups` DISABLE KEYS */;
INSERT INTO `liveuser_groups` (`group_id`, `group_type`, `group_define_name`, `role_id`) VALUES (1,0,'Administrator',1),(2,0,'Chief Editor',2),(3,0,'Editor',3),(4,0,'Journalist',4),(5,0,'Subscription manager',5);
/*!40000 ALTER TABLE `liveuser_groups` ENABLE KEYS */;
UNLOCK TABLES;

--
-- Dumping data for table `liveuser_groups_group_id_seq`
--

LOCK TABLES `liveuser_groups_group_id_seq` WRITE;
/*!40000 ALTER TABLE `liveuser_groups_group_id_seq` DISABLE KEYS */;
INSERT INTO `liveuser_groups_group_id_seq` (`id`) VALUES (5);
/*!40000 ALTER TABLE `liveuser_groups_group_id_seq` ENABLE KEYS */;
UNLOCK TABLES;

--
-- Dumping data for table `liveuser_groups_seq`
--

LOCK TABLES `liveuser_groups_seq` WRITE;
/*!40000 ALTER TABLE `liveuser_groups_seq` DISABLE KEYS */;
/*!40000 ALTER TABLE `liveuser_groups_seq` ENABLE KEYS */;
UNLOCK TABLES;

--
-- Dumping data for table `liveuser_groupusers`
--

LOCK TABLES `liveuser_groupusers` WRITE;
/*!40000 ALTER TABLE `liveuser_groupusers` DISABLE KEYS */;
INSERT INTO `liveuser_groupusers` (`perm_user_id`, `group_id`) VALUES (1,1),(30,1),(31,1),(32,1),(33,1),(34,3),(35,3),(36,3),(37,3),(38,3),(39,3),(44,1),(45,1),(46,1),(47,1),(48,1),(49,1),(53,1);
/*!40000 ALTER TABLE `liveuser_groupusers` ENABLE KEYS */;
UNLOCK TABLES;

--
-- Dumping data for table `liveuser_perm_users`
--

LOCK TABLES `liveuser_perm_users` WRITE;
/*!40000 ALTER TABLE `liveuser_perm_users` DISABLE KEYS */;
INSERT INTO `liveuser_perm_users` (`perm_user_id`, `auth_user_id`, `auth_container_name`, `perm_type`) VALUES (1,'1','DB',1),(26,'26','DB',1);
/*!40000 ALTER TABLE `liveuser_perm_users` ENABLE KEYS */;
UNLOCK TABLES;

--
-- Dumping data for table `liveuser_perm_users_perm_user_id_seq`
--

LOCK TABLES `liveuser_perm_users_perm_user_id_seq` WRITE;
/*!40000 ALTER TABLE `liveuser_perm_users_perm_user_id_seq` DISABLE KEYS */;
INSERT INTO `liveuser_perm_users_perm_user_id_seq` (`id`) VALUES (29);
/*!40000 ALTER TABLE `liveuser_perm_users_perm_user_id_seq` ENABLE KEYS */;
UNLOCK TABLES;

--
-- Dumping data for table `liveuser_perm_users_seq`
--

LOCK TABLES `liveuser_perm_users_seq` WRITE;
/*!40000 ALTER TABLE `liveuser_perm_users_seq` DISABLE KEYS */;
/*!40000 ALTER TABLE `liveuser_perm_users_seq` ENABLE KEYS */;
UNLOCK TABLES;

--
-- Dumping data for table `liveuser_right_implied`
--

LOCK TABLES `liveuser_right_implied` WRITE;
/*!40000 ALTER TABLE `liveuser_right_implied` DISABLE KEYS */;
/*!40000 ALTER TABLE `liveuser_right_implied` ENABLE KEYS */;
UNLOCK TABLES;

--
-- Dumping data for table `liveuser_rights`
--

LOCK TABLES `liveuser_rights` WRITE;
/*!40000 ALTER TABLE `liveuser_rights` DISABLE KEYS */;
INSERT INTO `liveuser_rights` (`right_id`, `area_id`, `right_define_name`, `has_implied`) VALUES (1,0,'AddArticle',1),(2,0,'AddAudioclip',1),(3,0,'AddFile',1),(4,0,'AddImage',1),(5,0,'AttachAudioclipToArticle',1),(6,0,'AttachImageToArticle',1),(7,0,'AttachTopicToArticle',1),(8,0,'ChangeArticle',1),(9,0,'ChangeFile',1),(10,0,'ChangeImage',1),(11,0,'ChangeSystemPreferences',1),(12,0,'ClearCache',1),(13,0,'CommentEnable',1),(14,0,'CommentModerate',1),(15,0,'DeleteArticle',1),(16,0,'DeleteArticleTypes',1),(17,0,'DeleteCountries',1),(18,0,'DeleteFile',1),(19,0,'DeleteImage',1),(20,0,'DeleteIssue',1),(21,0,'DeleteLanguages',1),(22,0,'DeletePub',1),(23,0,'DeleteSection',1),(24,0,'DeleteTempl',1),(25,0,'DeleteUsers',1),(26,0,'EditorBold',1),(27,0,'EditorCharacterMap',1),(28,0,'EditorCopyCutPaste',1),(29,0,'EditorEnlarge',1),(30,0,'EditorFindReplace',1),(31,0,'EditorFontColor',1),(32,0,'EditorFontFace',1),(33,0,'EditorFontSize',1),(34,0,'EditorHorizontalRule',1),(35,0,'EditorImage',1),(36,0,'EditorIndent',1),(37,0,'EditorItalic',1),(38,0,'EditorLink',1),(39,0,'EditorListBullet',1),(40,0,'EditorListNumber',1),(41,0,'EditorSourceView',1),(42,0,'EditorStrikethrough',1),(43,0,'EditorSubhead',1),(44,0,'EditorSubscript',1),(45,0,'EditorSuperscript',1),(46,0,'EditorTable',1),(47,0,'EditorTextAlignment',1),(48,0,'EditorTextDirection',1),(49,0,'EditorUnderline',1),(50,0,'EditorUndoRedo',1),(51,0,'plugin_manager',1),(52,0,'MailNotify',1),(53,0,'ManageArticleTypes',1),(54,0,'ManageCountries',1),(55,0,'ManageIndexer',1),(56,0,'ManageIssue',1),(57,0,'ManageLanguages',1),(58,0,'ManageLocalizer',1),(59,0,'ManagePub',1),(60,0,'ManageReaders',1),(61,0,'ManageSection',1),(62,0,'ManageSubscriptions',1),(63,0,'ManageTempl',1),(64,0,'ManageTopics',1),(65,0,'ManageUserTypes',1),(66,0,'ManageUsers',1),(67,0,'MoveArticle',1),(68,0,'Publish',1),(69,0,'TranslateArticle',1),(70,0,'ViewLogs',1),(255,0,'plugin_debate_admin',1),(72,0,'EditorStatusBar',1),(73,0,'EditorSpellcheckerEnabled',1),(74,0,'ManageBackup',1),(82,0,'plugin_blog_moderator',1),(81,0,'plugin_blog_admin',1),(87,0,'plugin_poll',1),(97,0,'EditAuthors',1),(254,0,'plugin_recaptcha_admin',1),(256,0,'plugin_soundcloud_preferences',1),(257,0,'plugin_soundcloud_browser',1),(258,0,'plugin_soundcloud_upload',1),(259,0,'plugin_soundcloud_update',1),(260,0,'plugin_soundcloud_delete',1);
/*!40000 ALTER TABLE `liveuser_rights` ENABLE KEYS */;
UNLOCK TABLES;

--
-- Dumping data for table `liveuser_rights_right_id_seq`
--

LOCK TABLES `liveuser_rights_right_id_seq` WRITE;
/*!40000 ALTER TABLE `liveuser_rights_right_id_seq` DISABLE KEYS */;
INSERT INTO `liveuser_rights_right_id_seq` (`id`) VALUES (255);
/*!40000 ALTER TABLE `liveuser_rights_right_id_seq` ENABLE KEYS */;
UNLOCK TABLES;

--
-- Dumping data for table `liveuser_rights_seq`
--

LOCK TABLES `liveuser_rights_seq` WRITE;
/*!40000 ALTER TABLE `liveuser_rights_seq` DISABLE KEYS */;
/*!40000 ALTER TABLE `liveuser_rights_seq` ENABLE KEYS */;
UNLOCK TABLES;

--
-- Dumping data for table `liveuser_translations`
--

LOCK TABLES `liveuser_translations` WRITE;
/*!40000 ALTER TABLE `liveuser_translations` DISABLE KEYS */;
/*!40000 ALTER TABLE `liveuser_translations` ENABLE KEYS */;
UNLOCK TABLES;

--
-- Dumping data for table `liveuser_translations_seq`
--

LOCK TABLES `liveuser_translations_seq` WRITE;
/*!40000 ALTER TABLE `liveuser_translations_seq` DISABLE KEYS */;
/*!40000 ALTER TABLE `liveuser_translations_seq` ENABLE KEYS */;
UNLOCK TABLES;

--
-- Dumping data for table `liveuser_userrights`
--

LOCK TABLES `liveuser_userrights` WRITE;
/*!40000 ALTER TABLE `liveuser_userrights` DISABLE KEYS */;
/*!40000 ALTER TABLE `liveuser_userrights` ENABLE KEYS */;
UNLOCK TABLES;

--
-- Dumping data for table `liveuser_users`
--

LOCK TABLES `liveuser_users` WRITE;
/*!40000 ALTER TABLE `liveuser_users` DISABLE KEYS */;
INSERT INTO `liveuser_users` (`Id`, `KeyId`, `Name`, `UName`, `Password`, `EMail`, `Reader`, `fk_user_type`, `City`, `StrAddress`, `State`, `CountryCode`, `Phone`, `Fax`, `Contact`, `Phone2`, `Title`, `Gender`, `Age`, `PostalCode`, `Employer`, `EmployerType`, `Position`, `Interests`, `How`, `Languages`, `Improvements`, `Pref1`, `Pref2`, `Pref3`, `Pref4`, `Field1`, `Field2`, `Field3`, `Field4`, `Field5`, `Text1`, `Text2`, `Text3`, `time_updated`, `time_created`, `lastLogin`, `isActive`, `password_reset_token`, `role_id`, `author_id`, `last_name`, `status`, `is_admin`, `is_public`, `points`, `image`, `subscriber`) VALUES (1,777070817,'Administrator','admin','sha1$8hovh8vFOat9$4f2d2086111e3c19825bd016937c556a2bf05bb4','localhost@localhost.com','N',1,'a','','','AD','2','','','1','Mr.','M','0-17','','','Other','',NULL,'','',NULL,'N','N','N','N','','','','','',NULL,NULL,NULL,'2012-02-09 11:27:02','2011-02-10 16:00:31','2011-07-12 14:29:44',1,NULL,6,NULL,NULL,1,1,0,0,NULL,NULL),(39,NULL,'Jane','janestock','sha1$2uvxzh8yDqVR$96406073308bd0a7985f3a59c74f52ea0ccb6393','jane.s@thecanonical.com','Y',NULL,'','','',NULL,'','','','','Mr.',NULL,'0-17','','','','',NULL,'','',NULL,'N','N','N','N','','','','','',NULL,NULL,NULL,'2012-03-01 05:33:08','2012-02-28 16:54:36','1970-01-01 00:00:00',1,NULL,17,7,'Stockwriter',1,1,1,0,'e7b816f7d39bb6cbd151089baeeb542d9856bf21.jpg',NULL),(34,NULL,'Amerigo','amerigo','sha1$UHP3Tte3PNfs$c23649b29221879e25ef4cf23f8f36bc1c602876','amerigo.vespucci@thejournal.com','Y',NULL,'','','',NULL,'','','','','Mr.',NULL,'0-17','','','','',NULL,'','',NULL,'N','N','N','N','','','','','',NULL,NULL,NULL,'2012-03-01 05:32:06','2012-02-28 16:18:39','1970-01-01 00:00:00',1,NULL,12,11,'Vespucci',1,1,1,0,'dc1989572b1a6a68f1981597d0a79eadd2df98df.jpg',NULL),(35,NULL,'Frank','frankenstein','sha1$Q5t8yrcj4OX0$c2a550dc9462d5393187061ea6efcd80fc3df16e','frank.n.stein@free.fr','Y',NULL,'','','',NULL,'','','','','Mr.',NULL,'0-17','','','','',NULL,'','',NULL,'N','N','N','N','','','','','',NULL,NULL,NULL,'2012-03-01 05:32:24','2012-02-28 16:22:24','1970-01-01 00:00:00',1,NULL,13,13,'N. Stein',1,1,1,0,'9ec91c423809989ed9e5a3fb298042cbf938ec21.jpg',NULL),(36,NULL,'Test','testpersona','sha1$2AdGaEFNVKV5$e6c4544bb06c05f2f45d3674ce7770b120b3f71e','test.persona@test.com','Y',NULL,'','','',NULL,'','','','','Mr.',NULL,'0-17','','','','',NULL,'','',NULL,'N','N','N','N','','','','','',NULL,NULL,NULL,'2012-02-28 16:27:16','2012-02-28 16:25:39','1970-01-01 00:00:00',1,NULL,14,9,'Persona',1,1,1,0,'4dbcd74c2292cfd3ee10fb58b716578cf0671513.jpg',NULL),(37,NULL,'James Q.','jamesq','sha1$YsV9MBGoylH4$4f4bf246b9f9858b8a89b4d1a902c85a2e69d440','jamezdin@gmail.com','Y',NULL,'','','',NULL,'','','','','Mr.',NULL,'0-17','','','','',NULL,'','',NULL,'N','N','N','N','','','','','',NULL,NULL,NULL,'2012-03-01 05:32:49','2012-02-28 16:40:41','1970-01-01 00:00:00',1,NULL,15,2,'Reporter',1,1,1,0,'3f9dc7e8277147719964f7bcd41a586f203b2a1e.jpg',NULL),(38,NULL,'Sarah','ssarah','sha1$h0sWyZtOwA2f$976c00a10b32761cba6e2b535c40bebb1974c869','sarah@thecanonical.com','Y',NULL,'','','',NULL,'','','','','Mr.',NULL,'0-17','','','','',NULL,'','',NULL,'N','N','N','N','','','','','',NULL,NULL,NULL,'2012-02-28 16:49:48','2012-02-28 16:48:11','1970-01-01 00:00:00',1,NULL,16,3,'Staffwriter',1,1,1,0,'7a5a53fbf907cb078151a890a2ad20e9d4011bd0.jpg',NULL),(42,NULL,'John','johnsmith','sha1$one1ViLLWTPE$0d6fc3797caecfebb5de36a056a72b5a5ca4a6d4','labudovo.jezero@gmail.com','Y',NULL,'','','',NULL,'','','','','Mr.',NULL,'0-17','','','','',NULL,'','',NULL,'N','N','N','N','','','','','',NULL,NULL,NULL,'2012-03-01 17:53:02','2012-03-01 17:48:53','1970-01-01 00:00:00',1,NULL,29,NULL,'Smith',1,0,1,0,'0a925766b335ce7cf5b631f867761771bab0a15e.jpeg',NULL);
/*!40000 ALTER TABLE `liveuser_users` ENABLE KEYS */;
UNLOCK TABLES;

--
-- Dumping data for table `liveuser_users_auth_user_id_seq`
--

LOCK TABLES `liveuser_users_auth_user_id_seq` WRITE;
/*!40000 ALTER TABLE `liveuser_users_auth_user_id_seq` DISABLE KEYS */;
INSERT INTO `liveuser_users_auth_user_id_seq` (`id`) VALUES (29);
/*!40000 ALTER TABLE `liveuser_users_auth_user_id_seq` ENABLE KEYS */;
UNLOCK TABLES;

--
-- Dumping data for table `output`
--

LOCK TABLES `output` WRITE;
/*!40000 ALTER TABLE `output` DISABLE KEYS */;
INSERT INTO `output` (`id`, `name`) VALUES (1,'Web');
/*!40000 ALTER TABLE `output` ENABLE KEYS */;
UNLOCK TABLES;

--
-- Dumping data for table `output_issue`
--

LOCK TABLES `output_issue` WRITE;
/*!40000 ALTER TABLE `output_issue` DISABLE KEYS */;
INSERT INTO `output_issue` (`id`, `fk_output_id`, `fk_issue_id`, `fk_theme_path_id`, `fk_front_page_id`, `fk_section_page_id`, `fk_article_page_id`, `fk_error_page_id`) VALUES (1,1,2,1,NULL,NULL,NULL,NULL),(2,1,3,1,NULL,NULL,NULL,NULL),(3,1,1,1,NULL,NULL,NULL,NULL);
/*!40000 ALTER TABLE `output_issue` ENABLE KEYS */;
UNLOCK TABLES;

--
-- Dumping data for table `output_section`
--

LOCK TABLES `output_section` WRITE;
/*!40000 ALTER TABLE `output_section` DISABLE KEYS */;
INSERT INTO `output_section` (`id`, `fk_output_id`, `fk_section_id`, `fk_front_page_id`, `fk_section_page_id`, `fk_article_page_id`, `fk_error_page_id`) VALUES (1,1,15,NULL,13,NULL,NULL);
/*!40000 ALTER TABLE `output_section` ENABLE KEYS */;
UNLOCK TABLES;

--
-- Dumping data for table `output_theme`
--

LOCK TABLES `output_theme` WRITE;
/*!40000 ALTER TABLE `output_theme` DISABLE KEYS */;
INSERT INTO `output_theme` (`id`, `fk_output_id`, `fk_publication_id`, `fk_theme_path_id`, `fk_front_page_id`, `fk_section_page_id`, `fk_article_page_id`, `fk_error_page_id`) VALUES (1,1,2,1,2,3,4,5);
/*!40000 ALTER TABLE `output_theme` ENABLE KEYS */;
UNLOCK TABLES;

--
-- Dumping data for table `package`
--

LOCK TABLES `package` WRITE;
/*!40000 ALTER TABLE `package` DISABLE KEYS */;
INSERT INTO `package` (`id`, `rendition_id`, `headline`, `description`, `slug`) VALUES (4,'square','Mediterranean gallery',NULL,NULL),(5,'square','Berlin Zoo',NULL,NULL),(6,'square','Senegalese spring',NULL,NULL),(7,'square','Sculpture',NULL,NULL),(8,'articlebig','Great Buildings',NULL,NULL);
/*!40000 ALTER TABLE `package` ENABLE KEYS */;
UNLOCK TABLES;

--
-- Dumping data for table `package_article`
--

LOCK TABLES `package_article` WRITE;
/*!40000 ALTER TABLE `package_article` DISABLE KEYS */;
INSERT INTO `package_article` (`id`) VALUES (64),(65),(66),(67),(68),(69),(70),(71),(72),(73),(74),(75),(76),(77),(78),(79),(80),(81),(82),(83),(84),(85),(86),(87),(88),(89),(95),(96),(97),(98),(101);
/*!40000 ALTER TABLE `package_article` ENABLE KEYS */;
UNLOCK TABLES;

--
-- Dumping data for table `package_article_package`
--

LOCK TABLES `package_article_package` WRITE;
/*!40000 ALTER TABLE `package_article_package` DISABLE KEYS */;
INSERT INTO `package_article_package` (`article_id`, `package_id`) VALUES (64,5),(69,6),(82,4),(85,7);
/*!40000 ALTER TABLE `package_article_package` ENABLE KEYS */;
UNLOCK TABLES;

--
-- Dumping data for table `package_item`
--

LOCK TABLES `package_item` WRITE;
/*!40000 ALTER TABLE `package_item` DISABLE KEYS */;
INSERT INTO `package_item` (`id`, `package_id`, `image_id`, `offset`, `caption`, `coords`, `video_url`) VALUES (6,4,32,0,'At legimus maiorum',NULL,NULL),(8,4,69,1,'Atos II',NULL,NULL),(10,4,71,2,'Atos IV',NULL,NULL),(11,4,72,3,'Atos V',NULL,NULL),(12,4,73,4,'Atos VI',NULL,NULL),(13,4,68,5,'Atos I',NULL,NULL),(14,5,88,0,'Berlin Zoo - dragon','74_31_428_385',NULL),(15,5,87,1,'Berlin Zoo - okapi','182_48_402_268',NULL),(16,5,86,2,'Berlin Zoo - bear','194_48_488_342',NULL),(17,5,85,3,'Berlin Zoo - pink flamingo','57_185_419_548',NULL),(18,5,84,4,'Berlin Zoo - hippo',NULL,NULL),(19,5,83,5,'Berlin Zoo - penguins','220_79_542_402',NULL),(20,5,82,6,'Berlin Zoo - panda','60_102_354_396',NULL),(21,5,80,7,'Berlin Zoo - elephant','45_45_402_402',NULL),(22,6,79,0,'That\'s how they do it','131_0_664_534',NULL),(23,6,78,1,'Goree Island','131_0_664_534',NULL),(24,6,77,2,'Colonial-times street','131_0_664_534',NULL),(25,6,76,3,'Kitty Cat',NULL,NULL),(26,6,75,4,'Dusty street',NULL,NULL),(27,7,92,0,'Roman head',NULL,NULL),(28,7,61,1,'',NULL,NULL),(29,7,60,2,'',NULL,NULL),(30,7,59,3,'',NULL,NULL),(31,7,58,4,'',NULL,NULL),(32,7,57,5,'',NULL,NULL),(33,7,56,6,'',NULL,NULL),(34,7,55,7,'',NULL,NULL),(35,7,54,8,'',NULL,NULL),(36,7,53,9,'',NULL,NULL),(37,7,46,10,'Romische','80_142_604_667',NULL),(38,7,31,11,'Romus vic nomus',NULL,NULL),(41,8,97,0,'Snowy evening at the Old Town Square, Praha 1','0_0_2328_1552',NULL),(43,8,79,2,'Gorey Island in Summer','0_1_800_534',NULL),(44,8,71,3,'A red building','0_1_800_534',NULL);
/*!40000 ALTER TABLE `package_item` ENABLE KEYS */;
UNLOCK TABLES;

--
-- Dumping data for table `playlist`
--

LOCK TABLES `playlist` WRITE;
/*!40000 ALTER TABLE `playlist` DISABLE KEYS */;
INSERT INTO `playlist` (`id_playlist`, `name`, `notes`) VALUES (1,'Front page',NULL);
/*!40000 ALTER TABLE `playlist` ENABLE KEYS */;
UNLOCK TABLES;

--
-- Dumping data for table `playlist_article`
--

LOCK TABLES `playlist_article` WRITE;
/*!40000 ALTER TABLE `playlist_article` DISABLE KEYS */;
INSERT INTO `playlist_article` (`id_playlist_article`, `id_playlist`, `article_no`) VALUES (1,1,64),(3,1,68),(2,1,83),(4,1,86);
/*!40000 ALTER TABLE `playlist_article` ENABLE KEYS */;
UNLOCK TABLES;

--
-- Dumping data for table `plugin_blog_blog`
--

LOCK TABLES `plugin_blog_blog` WRITE;
/*!40000 ALTER TABLE `plugin_blog_blog` DISABLE KEYS */;
INSERT INTO `plugin_blog_blog` (`blog_id`, `fk_language_id`, `fk_user_id`, `title`, `date`, `info`, `admin_remark`, `request_text`, `status`, `admin_status`, `entries_online`, `entries_offline`, `comments_online`, `comments_offline`, `feature`, `last_modified`) VALUES (1,1,1,'Backroom Politics','2009-03-29 13:50:03','Backroom politics is a group blog written by The Custodian\'s political team. It covers politics in Fairfield County and its environs and might even be funny at times.<br />','','','online','online',5,0,0,0,'','2009-03-30 10:01:10'),(2,13,1,'Blog del Editor','2009-03-30 11:47:10','Noticias y opiniones desde el Editor del Custodio.','','','online','online',6,0,1,0,'','2010-09-28 08:02:39'),(3,1,1,'Fairfield Sports','2009-03-30 12:04:54','A blog focusing on the happenings in and around Fairfield\'s sports scene.','','','online','online',5,0,0,0,'','2009-03-30 10:29:24'),(4,1,1,'Funny Stuff','2009-03-30 12:31:28','Funny news and stories from The Custodian\'s staff.','','','online','online',2,0,1,0,'','2009-09-02 14:35:39');
/*!40000 ALTER TABLE `plugin_blog_blog` ENABLE KEYS */;
UNLOCK TABLES;

--
-- Dumping data for table `plugin_blog_comment`
--

LOCK TABLES `plugin_blog_comment` WRITE;
/*!40000 ALTER TABLE `plugin_blog_comment` DISABLE KEYS */;
INSERT INTO `plugin_blog_comment` (`comment_id`, `fk_entry_id`, `fk_blog_id`, `fk_language_id`, `fk_user_id`, `user_name`, `user_email`, `date`, `title`, `content`, `fk_mood_id`, `status`, `admin_status`, `feature`, `last_modified`) VALUES (1,18,2,13,7,'','','2009-04-01 14:35:03','My applause','<p>Those templates look great!</p>','1','online','online','','2010-09-28 08:02:39'),(2,16,4,1,7,'','','2009-09-02 16:35:39','','<p>Fusce eu massa. Sed bibendum condimentum tellus. Mauris convallis. Proin bibendum ornare mi. Sed eu nisi ac tellus malesuada adipiscing.</p>','1','online','online','','2009-09-02 14:35:39');
/*!40000 ALTER TABLE `plugin_blog_comment` ENABLE KEYS */;
UNLOCK TABLES;

--
-- Dumping data for table `plugin_blog_entry`
--

LOCK TABLES `plugin_blog_entry` WRITE;
/*!40000 ALTER TABLE `plugin_blog_entry` DISABLE KEYS */;
INSERT INTO `plugin_blog_entry` (`entry_id`, `fk_blog_id`, `fk_language_id`, `fk_user_id`, `date`, `released`, `title`, `content`, `fk_mood_id`, `status`, `admin_status`, `comments_online`, `comments_offline`, `feature`, `last_modified`) VALUES (1,1,1,3,'2009-03-30 11:38:49','0000-00-00 00:00:00','Farmer\'s Market a hotbed of graft and corruption','Lorem ipsum dolor sit amet, consectetur adipiscing elit. Quisque ut sem vel sem sodales placerat. Aenean eget justo. Cras auctor, eros tristique tempor pulvinar, justo sapien adipiscing risus, sed iaculis nisi urna eu lacus. Donec sed orci non sem venenatis vulputate. Sed tempus turpis gravida turpis tempus eleifend. Donec accumsan. Duis enim. Sed dictum tortor aliquam libero. Nullam auctor lectus ac enim blandit tincidunt. Curabitur at mi eget libero accumsan sagittis. Nunc feugiat augue in libero. Suspendisse sed elit id ipsum rutrum pretium. Aenean sagittis. Aenean non urna ut nisi tincidunt fringilla.\r\n<p>Etiam et augue nec libero varius tincidunt. Maecenas quis nisi. Vivamus nisl ligula, ultricies eget, feugiat vitae, sagittis at, velit. Suspendisse ac dolor eget dui condimentum rutrum. Phasellus porttitor tristique mauris. Etiam dapibus, ante aliquet luctus tincidunt, ipsum purus euismod risus, nec dignissim odio velit eget lorem. Curabitur auctor. Cras sit amet nunc et risus congue eleifend. Sed auctor dapibus libero. Donec eget sem.</p>\r\n<p>Suspendisse congue. Vestibulum ante ipsum primis in faucibus orci luctus et ultrices posuere cubilia Curae; Duis sagittis vehicula ligula. Quisque felis eros, egestas eget, sodales non, facilisis non, lorem. Vestibulum arcu. Integer nec neque. Nam ornare risus eu turpis. In enim nunc, imperdiet vel, egestas condimentum, accumsan ut, tellus. Quisque quis sapien. Phasellus felis felis, vestibulum vitae, dictum ac, accumsan at, enim. Sed aliquet elit eu tortor. Quisque ultricies mi a libero.</p>\r\n<p>Quisque egestas. Nunc mauris sem, tincidunt eget, vestibulum in, faucibus tincidunt, massa. In tristique. Nunc nulla. Curabitur ornare, orci eget tempor condimentum, mi tortor condimentum odio, non dignissim ligula quam non mi. Donec sodales, dui ut dignissim tempor, augue dui viverra mauris, vitae aliquam sapien risus sit amet ligula. Pellentesque vel odio. Etiam et quam. Phasellus nisi tortor, convallis et, ultrices quis, congue vitae, dolor. Sed mi turpis, hendrerit eu, tempus in, rhoncus non, nulla. Proin iaculis, nulla et mattis interdum, justo massa tincidunt est, quis ornare erat sapien eget augue. Nullam tellus. Aenean laoreet luctus erat. Vestibulum at massa at diam faucibus blandit. Curabitur sed diam. Aenean lacinia. Donec cursus, sem vel auctor venenatis, orci nulla elementum dolor, ac tincidunt purus magna a tortor. Curabitur ultrices, leo ut rhoncus eleifend, metus orci ornare elit, nec laoreet justo dolor non est.</p>\r\n<p>Maecenas auctor elit non sem. Praesent tortor tortor, porta ac, pulvinar vel, dictum in, elit. Fusce felis. Aliquam viverra, metus non pellentesque pretium, velit magna suscipit elit, vitae varius tellus urna quis diam. Aliquam dictum scelerisque ante. Sed eget tellus non diam vestibulum pellentesque. Curabitur ultrices eros. Fusce eu massa. Sed bibendum condimentum tellus. Mauris convallis. Proin bibendum ornare mi. Sed eu nisi ac tellus malesuada adipiscing. Morbi risus. Phasellus tellus libero, porta non, tincidunt ac, fermentum eget, neque. Aliquam ut metus eget augue placerat vestibulum. Etiam aliquet, est eget pharetra sagittis, justo arcu volutpat mi, nec tristique orci dui lacinia metus.</p>',0,'online','online',0,0,'','2009-03-30 09:38:49'),(2,1,1,3,'2009-03-30 11:43:53','0000-00-00 00:00:00','Preparations for 2010 elections already in full swing','<p>Maecenas auctor elit non sem. Praesent tortor tortor, porta ac, pulvinar vel, dictum in, elit. Fusce felis. Aliquam viverra, metus non pellentesque pretium, velit magna suscipit elit, vitae varius tellus urna quis diam.</p>\r\n<p>Aliquam dictum scelerisque ante. Sed eget tellus non diam vestibulum pellentesque. Curabitur ultrices eros. Fusce eu massa. Sed bibendum condimentum tellus. Mauris convallis. Proin bibendum ornare mi. Sed eu nisi ac tellus malesuada adipiscing. Morbi risus.</p>\r\n<p>Phasellus tellus libero, porta non, tincidunt ac, fermentum eget, neque. Aliquam ut metus eget augue placerat vestibulum. Etiam aliquet, est eget pharetra sagittis, justo arcu volutpat mi, nec tristique orci dui lacinia metus.</p>',83,'online','online',0,0,'','2009-03-30 09:46:03'),(3,1,1,3,'2009-03-30 11:45:41','0000-00-00 00:00:00','Smith: Take a long walk off a short pier','<p>Etiam et augue nec libero varius tincidunt. Maecenas quis nisi. Vivamus nisl ligula, ultricies eget, feugiat vitae, sagittis at, velit. Suspendisse ac dolor eget dui condimentum rutrum.</p>\r\n<p>Phasellus porttitor tristique mauris. Etiam dapibus, ante aliquet luctus tincidunt, ipsum purus euismod risus, nec dignissim odio velit eget lorem. Curabitur auctor. Cras sit amet nunc et risus congue eleifend.</p>\r\n<p>Sed auctor dapibus libero. Donec eget sem.</p>\r\n<p>Lorem ipsum dolor sit amet, consectetur adipiscing elit. Quisque ut sem vel sem sodales placerat. Aenean eget justo. Cras auctor, eros tristique tempor pulvinar, justo sapien adipiscing risus, sed iaculis nisi urna eu lacus. Donec sed orci non sem venenatis vulputate.</p>\r\n<p>Sed tempus turpis gravida turpis tempus eleifend. Donec accumsan. Duis enim. Sed dictum tortor aliquam libero. Nullam auctor lectus ac enim blandit tincidunt. Curabitur at mi eget libero accumsan sagittis. Nunc feugiat augue in libero. Suspendisse sed elit id ipsum rutrum pretium. Aenean sagittis. Aenean non urna ut nisi tincidunt fringilla.</p>\r\n<p>Suspendisse congue. Vestibulum ante ipsum primis in faucibus orci luctus et ultrices posuere cubilia Curae; Duis sagittis vehicula ligula. Quisque felis eros, egestas eget, sodales non, facilisis non, lorem. Vestibulum arcu. Integer nec neque. Nam ornare risus eu turpis. In enim nunc, imperdiet vel, egestas condimentum, accumsan ut, tellus. Quisque quis sapien. Phasellus felis felis, vestibulum vitae, dictum ac, accumsan at, enim. Sed aliquet elit eu tortor. Quisque ultricies mi a libero.</p>\r\n<p>Quisque egestas. Nunc mauris sem, tincidunt eget, vestibulum in, faucibus tincidunt, massa. In tristique. Nunc nulla. Curabitur ornare, orci eget tempor condimentum, mi tortor condimentum odio, non dignissim ligula quam non mi. Donec sodales, dui ut dignissim tempor, augue dui viverra mauris, vitae aliquam sapien risus sit amet ligula. Pellentesque vel odio. Etiam et quam. Phasellus nisi tortor, convallis et, ultrices quis, congue vitae, dolor. Sed mi turpis, hendrerit eu, tempus in, rhoncus non, nulla. Proin iaculis, nulla et mattis interdum, justo massa tincidunt est, quis ornare erat sapien eget augue. Nullam tellus. Aenean laoreet luctus erat. Vestibulum at massa at diam faucibus blandit. Curabitur sed diam. Aenean lacinia. Donec cursus, sem vel auctor venenatis, orci nulla elementum dolor, ac tincidunt purus magna a tortor. Curabitur ultrices, leo ut rhoncus eleifend, metus orci ornare elit, nec laoreet justo dolor non est.</p>\r\n<p>Maecenas auctor elit non sem. Praesent tortor tortor, porta ac, pulvinar vel, dictum in, elit. Fusce felis. Aliquam viverra, metus non pellentesque pretium, velit magna suscipit elit, vitae varius tellus urna quis diam. Aliquam dictum scelerisque ante. Sed eget tellus non diam vestibulum pellentesque. Curabitur ultrices eros. Fusce eu massa. Sed bibendum condimentum tellus. Mauris convallis. Proin bibendum ornare mi. Sed eu nisi ac tellus malesuada adipiscing. Morbi risus. Phasellus tellus libero, porta non, tincidunt ac, fermentum eget, neque. Aliquam ut metus eget augue placerat vestibulum. Etiam aliquet, est eget pharetra sagittis, justo arcu volutpat mi, nec tristique orci dui lacinia metus.</p>',83,'online','online',0,0,'','2009-03-30 09:46:15'),(4,2,13,3,'2009-03-30 11:48:37','0000-00-00 00:00:00','Was our coverage of the Farmers\' Market unfair?','<p>Etiam et augue nec libero varius tincidunt. Maecenas quis nisi. Vivamus nisl ligula, ultricies eget, feugiat vitae, sagittis at, velit. Suspendisse ac dolor eget dui condimentum rutrum.</p>\r\n<p>Phasellus porttitor tristique mauris. Etiam dapibus, ante aliquet luctus tincidunt, ipsum purus euismod risus, nec dignissim odio velit eget lorem.</p>\r\n<p>Curabitur auctor. Cras sit amet nunc et risus congue eleifend. Sed auctor dapibus libero. Donec eget sem.Etiam et augue nec libero varius tincidunt. Maecenas quis nisi. Vivamus nisl ligula, ultricies eget, feugiat vitae, sagittis at, velit. Suspendisse ac dolor eget dui condimentum rutrum. Phasellus porttitor tristique mauris. Etiam dapibus, ante aliquet luctus tincidunt, ipsum purus euismod risus, nec dignissim odio velit eget lorem. Curabitur auctor. Cras sit amet nunc et risus congue eleifend. Sed auctor dapibus libero. Donec eget sem.</p>\r\n<p>Etiam et augue nec libero varius tincidunt. Maecenas quis nisi. Vivamus nisl ligula, ultricies eget, feugiat vitae, sagittis at, velit. Suspendisse ac dolor eget dui condimentum rutrum. Phasellus porttitor tristique mauris. Etiam dapibus, ante aliquet luctus tincidunt, ipsum purus euismod risus, nec dignissim odio velit eget lorem. Curabitur auctor. Cras sit amet nunc et risus congue eleifend. Sed auctor dapibus libero. Donec eget sem.</p>\r\n<p>&nbsp;</p>\r\n<p>&nbsp;</p>',0,'online','online',0,0,'','2010-09-28 08:02:39'),(5,2,13,3,'2009-03-30 11:50:51','0000-00-00 00:00:00','Improving our coverage of local sports','<p>Lorem ipsum dolor sit amet, consectetur adipiscing elit. Quisque ut sem vel sem sodales placerat. Aenean eget justo. Cras auctor, eros tristique tempor pulvinar, justo sapien adipiscing risus, sed iaculis nisi urna eu lacus. Donec sed orci non sem venenatis vulputate.</p>\r\n<p>Sed tempus turpis gravida turpis tempus eleifend. Donec accumsan. Duis enim. Sed dictum tortor aliquam libero. Nullam auctor lectus ac enim blandit tincidunt.</p>\r\n<p>Curabitur at mi eget libero accumsan sagittis. Nunc feugiat augue in libero. Suspendisse sed elit id ipsum rutrum pretium. Aenean sagittis. Aenean non urna ut nisi tincidunt fringilla.</p>\r\n<p>Etiam et augue nec libero varius tincidunt. Maecenas quis nisi. Vivamus nisl ligula, ultricies eget, feugiat vitae, sagittis at, velit. Suspendisse ac dolor eget dui condimentum rutrum. Phasellus porttitor tristique mauris. Etiam dapibus, ante aliquet luctus tincidunt, ipsum purus euismod risus, nec dignissim odio velit eget lorem. Curabitur auctor. Cras sit amet nunc et risus congue eleifend. Sed auctor dapibus libero. Donec eget sem.</p>\r\n<p>Suspendisse congue. Vestibulum ante ipsum primis in faucibus orci luctus et ultrices posuere cubilia Curae; Duis sagittis vehicula ligula. Quisque felis eros, egestas eget, sodales non, facilisis non, lorem. Vestibulum arcu. Integer nec neque.</p>',0,'online','online',0,0,'','2010-09-28 08:02:39'),(6,2,13,3,'2009-03-30 11:54:22','0000-00-00 00:00:00','Fix Highway 19 before more accidents happen!','<p>Quisque egestas. Nunc mauris sem, tincidunt eget, vestibulum in, faucibus tincidunt, massa. In tristique. Nunc nulla. Curabitur ornare, orci eget tempor condimentum, mi tortor condimentum odio, non dignissim ligula quam non mi.</p>\r\n<p>Donec sodales, dui ut dignissim tempor, augue dui viverra mauris, vitae aliquam sapien risus sit amet ligula. Pellentesque vel odio. Etiam et quam. Phasellus nisi tortor, convallis et, ultrices quis, congue vitae, dolor. Sed mi turpis, hendrerit eu, tempus in, rhoncus non, nulla.</p>\r\n<p>Proin iaculis, nulla et mattis interdum, justo massa tincidunt est, quis ornare erat sapien eget augue. Nullam tellus. Aenean laoreet luctus erat. Vestibulum at massa at diam faucibus blandit.</p>\r\n<p>Curabitur sed diam. Aenean lacinia. Donec cursus, sem vel auctor venenatis, orci nulla elementum dolor, ac tincidunt purus magna a tortor. Curabitur ultrices, leo ut rhoncus eleifend, metus orci ornare elit, nec laoreet justo dolor non est.</p>\r\n<p>Maecenas auctor elit non sem. Praesent tortor tortor, porta ac, pulvinar vel, dictum in, elit. Fusce felis. Aliquam viverra, metus non pellentesque pretium, velit magna suscipit elit, vitae varius tellus urna quis diam. Aliquam dictum scelerisque ante. Sed eget tellus non diam vestibulum pellentesque. Curabitur ultrices eros. Fusce eu massa. Sed bibendum condimentum tellus. Mauris convallis. Proin bibendum ornare mi. Sed eu nisi ac tellus malesuada adipiscing. Morbi risus. Phasellus tellus libero, porta non, tincidunt ac, fermentum eget, neque. Aliquam ut metus eget augue placerat vestibulum. Etiam aliquet, est eget pharetra sagittis, justo arcu volutpat mi, nec tristique orci dui lacinia metus.</p>\r\n<p>Lorem ipsum dolor sit amet, consectetur adipiscing elit. Quisque ut sem vel sem sodales placerat. Aenean eget justo. Cras auctor, eros tristique tempor pulvinar, justo sapien adipiscing risus, sed iaculis nisi urna eu lacus. Donec sed orci non sem venenatis vulputate.</p>\r\n<p>Sed tempus turpis gravida turpis tempus eleifend. Donec accumsan. Duis enim. Sed dictum tortor aliquam libero. Nullam auctor lectus ac enim blandit tincidunt. Curabitur at mi eget libero accumsan sagittis. Nunc feugiat augue in libero. Suspendisse sed elit id ipsum rutrum pretium. Aenean sagittis. Aenean non urna ut nisi tincidunt fringilla.</p>\r\n<p>Etiam et augue nec libero varius tincidunt. Maecenas quis nisi. Vivamus nisl ligula, ultricies eget, feugiat vitae, sagittis at, velit. Suspendisse ac dolor eget dui condimentum rutrum. Phasellus porttitor tristique mauris. Etiam dapibus, ante aliquet luctus tincidunt, ipsum purus euismod risus, nec dignissim odio velit eget lorem. Curabitur auctor. Cras sit amet nunc et risus congue eleifend. Sed auctor dapibus libero. Donec eget sem.</p>\r\n<p>Suspendisse congue. Vestibulum ante ipsum primis in faucibus orci luctus et ultrices posuere cubilia Curae; Duis sagittis vehicula ligula. Quisque felis eros, egestas eget, sodales non, facilisis non, lorem. Vestibulum arcu. Integer nec neque. Nam ornare risus eu turpis. In enim nunc, imperdiet vel, egestas condimentum, accumsan ut, tellus. Quisque quis sapien. Phasellus felis felis, vestibulum vitae, dictum ac, accumsan at, enim. Sed aliquet elit eu tortor. Quisque ultricies mi a libero.</p>',0,'online','online',0,0,'','2010-09-28 08:02:39'),(7,1,1,3,'2009-03-30 11:59:16','0000-00-00 00:00:00','Supervisors take a beating on Fairfield Mansion open house','<p>Cras auctor, eros tristique tempor pulvinar, justo sapien adipiscing risus, sed iaculis nisi urna eu lacus. Donec sed orci non sem venenatis vulputate.</p>\r\n<p>Sed tempus turpis gravida turpis tempus eleifend. Donec accumsan. Duis enim. Sed dictum tortor aliquam libero. Nullam auctor lectus ac enim blandit tincidunt.</p>\r\n<p>Curabitur at mi eget libero accumsan sagittis. Nunc feugiat augue in libero. Suspendisse sed elit id ipsum rutrum pretium. Aenean sagittis. Aenean non urna ut nisi tincidunt fringilla.</p>\r\n<p>Etiam et augue nec libero varius tincidunt. Maecenas quis nisi. Vivamus nisl ligula, ultricies eget, feugiat vitae, sagittis at, velit. Suspendisse ac dolor eget dui condimentum rutrum.</p>\r\n<p>Phasellus porttitor tristique mauris. Etiam dapibus, ante aliquet luctus tincidunt, ipsum purus euismod risus, nec dignissim odio velit eget lorem. Curabitur auctor. Cras sit amet nunc et risus congue eleifend. Sed auctor dapibus libero. Donec eget sem.</p>',0,'online','online',0,0,'','2009-03-30 09:59:16'),(8,1,1,3,'2009-03-30 12:01:10','0000-00-00 00:00:00','Democratic leaders confident of strong 2010 showing','<p>Suspendisse congue. Vestibulum ante ipsum primis in faucibus orci luctus et ultrices posuere cubilia Curae; Duis sagittis vehicula ligula.</p>\r\n<p>Quisque felis eros, egestas eget, sodales non, facilisis non, lorem. Vestibulum arcu. Integer nec neque. Nam ornare risus eu turpis. In enim nunc, imperdiet vel, egestas condimentum, accumsan ut, tellus.</p>\r\n<p>Quisque quis sapien. Phasellus felis felis, vestibulum vitae, dictum ac, accumsan at, enim. Sed aliquet elit eu tortor. Quisque ultricies mi a libero.</p>\r\n<p>Quisque egestas. Nunc mauris sem, tincidunt eget, vestibulum in, faucibus tincidunt, massa.</p>\r\n<p>In tristique. Nunc nulla. Curabitur ornare, orci eget tempor condimentum, mi tortor condimentum odio, non dignissim ligula quam non mi. Donec sodales, dui ut dignissim tempor, augue dui viverra mauris, vitae aliquam sapien risus sit amet ligula. Pellentesque vel odio. Etiam et quam.</p>\r\n<p>Phasellus nisi tortor, convallis et, ultrices quis, congue vitae, dolor. Sed mi turpis, hendrerit eu, tempus in, rhoncus non, nulla. Proin iaculis, nulla et mattis interdum, justo massa tincidunt est, quis ornare erat sapien eget augue.</p>\r\n<p>Nullam tellus. Aenean laoreet luctus erat. Vestibulum at massa at diam faucibus blandit. Curabitur sed diam. Aenean lacinia. Donec cursus, sem vel auctor venenatis, orci nulla elementum dolor, ac tincidunt purus magna a tortor. Curabitur ultrices, leo ut rhoncus eleifend, metus orci ornare elit, nec laoreet justo dolor non est.</p>\r\n<p>Maecenas auctor elit non sem. Praesent tortor tortor, porta ac, pulvinar vel, dictum in, elit. Fusce felis. Aliquam viverra, metus non pellentesque pretium, velit magna suscipit elit, vitae varius tellus urna quis diam. Aliquam dictum scelerisque ante.</p>',0,'online','online',0,0,'','2009-03-30 10:01:10'),(9,2,13,3,'2009-03-30 12:02:06','0000-00-00 00:00:00','Why I Love Cruise Night','<p>Maecenas auctor elit non sem. Praesent tortor tortor, porta ac, pulvinar vel, dictum in, elit.</p>\r\n<p>Fusce felis. Aliquam viverra, metus non pellentesque pretium, velit magna suscipit elit, vitae varius tellus urna quis diam. Aliquam dictum scelerisque ante.</p>\r\n<p>Sed eget tellus non diam vestibulum pellentesque. Curabitur ultrices eros. Fusce eu massa. Sed bibendum condimentum tellus. Mauris convallis. Proin bibendum ornare mi.</p>\r\n<p>Sed eu nisi ac tellus malesuada adipiscing. Morbi risus. Phasellus tellus libero, porta non, tincidunt ac, fermentum eget, neque. Aliquam ut metus eget augue placerat vestibulum. Etiam aliquet, est eget pharetra sagittis, justo arcu volutpat mi, nec tristique orci dui lacinia metus.</p>',0,'online','online',0,0,'','2010-09-28 08:02:39'),(10,2,13,3,'2009-03-30 12:03:38','0000-00-00 00:00:00','Hailstorms cause havoc with The Custodian distribution','<p>Suspendisse congue. Vestibulum ante ipsum primis in faucibus orci luctus et ultrices posuere cubilia Curae; Duis sagittis vehicula ligula.</p>\r\n<p>Quisque felis eros, egestas eget, sodales non, facilisis non, lorem. Vestibulum arcu. Integer nec neque. Nam ornare risus eu turpis. In enim nunc, imperdiet vel, egestas condimentum, accumsan ut, tellus.</p>\r\n<p>Quisque quis sapien. Phasellus felis felis, vestibulum vitae, dictum ac, accumsan at, enim. Sed aliquet elit eu tortor. Quisque ultricies mi a libero.</p>\r\n<p>Quisque egestas. Nunc mauris sem, tincidunt eget, vestibulum in, faucibus tincidunt, massa. In tristique. Nunc nulla. Curabitur ornare, orci eget tempor condimentum, mi tortor condimentum odio, non dignissim ligula quam non mi.</p>\r\n<p>Donec sodales, dui ut dignissim tempor, augue dui viverra mauris, vitae aliquam sapien risus sit amet ligula. Pellentesque vel odio. Etiam et quam. Phasellus nisi tortor, convallis et, ultrices quis, congue vitae, dolor. Sed mi turpis, hendrerit eu, tempus in, rhoncus non, nulla. Proin iaculis, nulla et mattis interdum, justo massa tincidunt est, quis ornare erat sapien eget augue.</p>',0,'online','online',0,0,'','2010-09-28 08:02:39'),(11,3,1,3,'2009-03-30 12:05:56','0000-00-00 00:00:00','Water polo team ready for championship','<p>Pellentesque vel odio. Etiam et quam. Phasellus nisi tortor, convallis et, ultrices quis, congue vitae, dolor. Sed mi turpis, hendrerit eu, tempus in, rhoncus non, nulla.</p>\r\n<p>Proin iaculis, nulla et mattis interdum, justo massa tincidunt est, quis ornare erat sapien eget augue. Nullam tellus. Aenean laoreet luctus erat. Vestibulum at massa at diam faucibus blandit.</p>\r\n<p>Curabitur sed diam. Aenean lacinia. Donec cursus, sem vel auctor venenatis, orci nulla elementum dolor, ac tincidunt purus magna a tortor. Curabitur ultrices, leo ut rhoncus eleifend, metus orci ornare elit, nec laoreet justo dolor non est.</p>\r\n<p>Maecenas auctor elit non sem. Praesent tortor tortor, porta ac, pulvinar vel, dictum in, elit. Fusce felis. Aliquam viverra, metus non pellentesque pretium, velit magna suscipit elit, vitae varius tellus urna quis diam. Aliquam dictum scelerisque ante.</p>\r\n<p>Sed eget tellus non diam vestibulum pellentesque. Curabitur ultrices eros. Fusce eu massa. Sed bibendum condimentum tellus. Mauris convallis. Proin bibendum ornare mi. Sed eu nisi ac tellus malesuada adipiscing. Morbi risus.</p>\r\n<p>Phasellus tellus libero, porta non, tincidunt ac, fermentum eget, neque. Aliquam ut metus eget augue placerat vestibulum. Etiam aliquet, est eget pharetra sagittis, justo arcu volutpat mi, nec tristique orci dui lacinia metus.</p>',0,'online','online',0,0,'','2009-03-30 10:05:56'),(12,3,1,3,'2009-03-30 12:15:16','0000-00-00 00:00:00','Why we need more youth sports in Fairfield','Maecenas auctor elit non sem. Praesent tortor tortor, porta ac, pulvinar vel, dictum in, elit.\r\n<p>Fusce felis. Aliquam viverra, metus non pellentesque pretium, velit magna suscipit elit, vitae varius tellus urna quis diam. Aliquam dictum scelerisque ante.</p>\r\n<p>Sed eget tellus non diam vestibulum pellentesque. Curabitur ultrices eros. Fusce eu massa. Sed bibendum condimentum tellus. Mauris convallis. Proin bibendum ornare mi.</p>\r\n<p>Sed eu nisi ac tellus malesuada adipiscing. Morbi risus. Phasellus tellus libero, porta non, tincidunt ac, fermentum eget, neque. Aliquam ut metus eget augue placerat vestibulum. Etiam aliquet, est eget pharetra sagittis, justo arcu volutpat mi, nec tristique orci dui lacinia metus.</p>',0,'online','online',0,0,'','2009-03-30 10:15:16'),(13,3,1,3,'2009-03-30 12:24:54','0000-00-00 00:00:00','Water polo team: Now on the road','<p>Nunc mauris sem, tincidunt eget, vestibulum in, faucibus tincidunt, massa.</p>\r\n<p>In tristique. Nunc nulla. Curabitur ornare, orci eget tempor condimentum, mi tortor condimentum odio, non dignissim ligula quam non mi. Donec sodales, dui ut dignissim tempor, augue dui viverra mauris, vitae aliquam sapien risus sit amet ligula.</p>\r\n<p>Pellentesque vel odio. Etiam et quam. Phasellus nisi tortor, convallis et, ultrices quis, congue vitae, dolor. Sed mi turpis, hendrerit eu, tempus in, rhoncus non, nulla. Proin iaculis, nulla et mattis interdum, justo massa tincidunt est, quis ornare erat sapien eget augue. Nullam tellus.</p>\r\n<p>Aenean laoreet luctus erat. Vestibulum at massa at diam faucibus blandit. Curabitur sed diam. Aenean lacinia. Donec cursus, sem vel auctor venenatis, orci nulla elementum dolor, ac tincidunt purus magna a tortor. Curabitur ultrices, leo ut rhoncus eleifend, metus orci ornare elit, nec laoreet justo dolor non est.</p>\r\n<p>Maecenas auctor elit non sem. Praesent tortor tortor, porta ac, pulvinar vel, dictum in, elit.</p>\r\n<p>Fusce felis. Aliquam viverra, metus non pellentesque pretium, velit magna suscipit elit, vitae varius tellus urna quis diam. Aliquam dictum scelerisque ante.</p>\r\n<p>Sed eget tellus non diam vestibulum pellentesque. Curabitur ultrices eros. Fusce eu massa. Sed bibendum condimentum tellus. Mauris convallis. Proin bibendum ornare mi. Sed eu nisi ac tellus malesuada adipiscing. Morbi risus.</p>\r\n<p>Phasellus tellus libero, porta non, tincidunt ac, fermentum eget, neque. Aliquam ut metus eget augue placerat vestibulum. Etiam aliquet, est eget pharetra sagittis, justo arcu volutpat mi, nec tristique orci dui lacinia metus.</p>',0,'online','online',0,0,'','2009-03-30 10:24:54'),(14,3,1,3,'2009-03-30 12:26:27','0000-00-00 00:00:00','Local sprinter has big Olympic dreams','Vestibulum at massa at diam faucibus blandit. Curabitur sed diam. Aenean lacinia. Donec cursus, sem vel auctor venenatis, orci nulla elementum dolor, ac tincidunt purus magna a tortor. Curabitur ultrices, leo ut rhoncus eleifend, metus orc\r\n<p>Lorem ipsum dolor sit amet, consectetur adipiscing elit. Quisque ut sem vel sem sodales placerat. Aenean eget justo.</p>\r\n<p>Cras auctor, eros tristique tempor pulvinar, justo sapien adipiscing risus, sed iaculis nisi urna eu lacus. Donec sed orci non sem venenatis vulputate.</p>\r\n<p>Sed tempus turpis gravida turpis tempus eleifend. Donec accumsan. Duis enim. Sed dictum tortor aliquam libero. Nullam auctor lectus ac enim blandit tincidunt.</p>\r\n<p>Curabitur at mi eget libero accumsan sagittis. Nunc feugiat augue in libero. Suspendisse sed elit id ipsum rutrum pretium. Aenean sagittis. Aenean non urna ut nisi tincidunt fringilla.</p>\r\n<p>Etiam et augue nec libero varius tincidunt. Maecenas quis nisi. Vivamus nisl ligula, ultricies eget, feugiat vitae, sagittis at, velit. Suspendisse ac dolor eget dui condimentum rutrum. Phasellus porttitor tristique mauris. Etiam dapibus, ante aliquet luctus tincidunt, ipsum purus euismod risus, nec dignissim odio velit eget lorem. Curabitur auctor. Cras sit amet nunc et risus congue eleifend. Sed auctor dapibus libero. Donec eget sem.</p>\r\n<p>Suspendisse congue. Vestibulum ante ipsum primis in faucibus orci luctus et ultrices posuere cubilia Curae; Duis sagittis vehicula ligula.</p>\r\n<p>Quisque felis eros, egestas eget, sodales non, facilisis non, lorem. Vestibulum arcu. Integer nec neque. Nam ornare risus eu turpis. In enim nunc, imperdiet vel, egestas condimentum, accumsan ut, tellus. Quisque quis sapien.</p>\r\n<p>Phasellus felis felis, vestibulum vitae, dictum ac, accumsan at, enim. Sed aliquet elit eu tortor. Quisque ultricies mi a libero.</p>\r\n<p>Quisque egestas. Nunc mauris sem, tincidunt eget, vestibulum in, faucibus tincidunt, massa. In tristique. Nunc nulla. Curabitur ornare, orci eget tempor condimentum, mi tortor condimentum odio, non dignissim ligula quam non mi.</p>\r\n<p>Donec sodales, dui ut dignissim tempor, augue dui viverra mauris, vitae aliquam sapien risus sit amet ligula. Pellentesque vel odio. Etiam et quam.</p>\r\n<p>Phasellus nisi tortor, convallis et, ultrices quis, congue vitae, dolor. Sed mi turpis, hendrerit eu, tempus in, rhoncus non, nulla. Proin iaculis, nulla et mattis interdum, justo massa tincidunt est, quis ornare erat sapien eget augue. Nullam tellus. Aenean laoreet luctus erat.</p>\r\n<p>i ornare elit, nec laoreet justo dolor non est.</p>\r\n<p>Maecenas auctor elit non sem. Praesent tortor tortor, porta ac, pulvinar vel, dictum in, elit. Fusce felis. Aliquam viverra, metus non pellentesque pretium, velit magna suscipit elit, vitae varius tellus urna quis diam. Aliquam dictum scelerisque ante.</p>\r\n<p>Sed eget tellus non diam vestibulum pellentesque. Curabitur ultrices eros. Fusce eu massa. Sed bibendum condimentum tellus. Mauris convallis. Proin bibendum ornare mi. Sed eu nisi ac tellus malesuada adipiscing. Morbi risus.</p>\r\n<p>Phasellus tellus libero, porta non, tincidunt ac, fermentum eget, neque. Aliquam ut metus eget augue placerat vestibulum. Etiam aliquet, est eget pharetra sagittis, justo arcu volutpat mi, nec tristique orci dui lacinia metus.</p>',0,'online','online',0,0,'','2009-03-30 10:26:27'),(15,3,1,3,'2009-03-30 12:29:24','0000-00-00 00:00:00','Will the Fairfield city council vote on the sports stadium?','<p>Vestibulum at massa at diam faucibus blandit. Curabitur sed diam. Aenean lacinia. Donec cursus, sem vel auctor venenatis, orci nulla elementum dolor, ac tincidunt purus magna a tortor.</p>\r\n<p>Maecenas auctor elit non sem. Praesent tortor tortor, porta ac, pulvinar vel, dictum in, elit. Fusce felis. Aliquam viverra, metus non pellentesque pretium, velit magna suscipit elit, vitae varius tellus urna quis diam. Aliquam dictum scelerisque ante.</p>\r\n<p>Sed eget tellus non diam vestibulum pellentesque. Curabitur ultrices eros. Fusce eu massa. Sed bibendum condimentum tellus.</p>\r\n<p>Mauris convallis. Proin bibendum ornare mi. Sed eu nisi ac tellus malesuada adipiscing. Morbi risus. Phasellus tellus libero, porta non, tincidunt ac, fermentum eget, neque.</p>\r\n<p>Aliquam ut metus eget augue placerat vestibulum. Etiam aliquet, est eget pharetra sagittis, justo arcu volutpat mi, nec tristique orci dui lacinia metus.</p>',0,'online','online',0,0,'','2009-03-30 10:29:24'),(16,4,1,3,'2009-03-30 12:32:51','0000-00-00 00:00:00','Cat Mime Festival: Was this trip necessary?','Aenean lacinia. Donec cursus, sem vel auctor venenatis, orci nulla elementum dolor, ac tincidunt purus magna a tortor. Curabitur ultrices, leo ut rhoncus eleifend, metus orci ornare elit, nec laoreet justo dolor non est.\r\n<p>Maecenas auctor elit non sem. Praesent tortor tortor, porta ac, pulvinar vel, dictum in, elit. Fusce felis.</p>\r\n<p>Aliquam viverra, metus non pellentesque pretium, velit magna suscipit elit, vitae varius tellus urna quis diam. Aliquam dictum scelerisque ante. Sed eget tellus non diam vestibulum pellentesque.</p>\r\n<p>Curabitur ultrices eros. Fusce eu massa. Sed bibendum condimentum tellus. Mauris convallis. Proin bibendum ornare mi. Sed eu nisi ac tellus malesuada adipiscing. Morbi risus. Phasellus tellus libero, porta non, tincidunt ac, fermentum eget, neque.</p>\r\n<p>Aliquam ut metus eget augue placerat vestibulum. Etiam aliquet, est eget pharetra sagittis, justo arcu volutpat mi, nec tristique orci dui lacinia metus.</p>',13,'online','online',1,0,'','2009-09-02 14:35:39'),(17,4,1,3,'2009-03-30 12:33:41','0000-00-00 00:00:00','Two guys walk into a bar...','<p>Phasellus nisi tortor, convallis et, ultrices quis, congue vitae, dolor. Sed mi turpis, hendrerit eu, tempus in, rhoncus non, nulla. Proin iaculis, nulla et mattis interdum, justo massa tincidunt est, quis ornare erat sapien eget augue. Nullam tellus. Aenean laoreet luctus erat.</p>\r\n<p>Vestibulum at massa at diam faucibus blandit. Curabitur sed diam. Aenean lacinia. Donec cursus, sem vel auctor venenatis, orci nulla elementum dolor, ac tincidunt purus magna a tortor. Curabitur ultrices, leo ut rhoncus eleifend, metus orci ornare elit, nec laoreet justo dolor non est.</p>\r\n<p>Maecenas auctor elit non sem. Praesent tortor tortor, porta ac, pulvinar vel, dictum in, elit. Fusce felis. Aliquam viverra, metus non pellentesque pretium, velit magna suscipit elit, vitae varius tellus urna quis diam. Aliquam dictum scelerisque ante.</p>\r\n<p>Sed eget tellus non diam vestibulum pellentesque. Curabitur ultrices eros. Fusce eu massa. Sed bibendum condimentum tellus. Mauris convallis. Proin bibendum ornare mi. Sed eu nisi ac tellus malesuada adipiscing. Morbi risus.</p>\r\n<p>Phasellus tellus libero, porta non, tincidunt ac, fermentum eget, neque. Aliquam ut metus eget augue placerat vestibulum. Etiam aliquet, est eget pharetra sagittis, justo arcu volutpat mi, nec tristique orci dui lacinia metus.</p>',0,'online','online',0,0,'','2009-03-30 10:33:41'),(18,2,13,3,'2009-03-31 13:44:51','0000-00-00 00:00:00','Welcome to The Custodian sample templates!','<p>Welcome to The Custodian sample templates, a set of Campsite templates and documentation designed to help people just getting started with the Campsite content management system. The Custodian newspaper isn\'t real, of course, but all of the site elements are pretty close to a real production environment.</p>\r\n<p>If you haven\'t seen it already, we strongly recommend you take a look at the documentation for the Classic template set, which is at this address: xxxx.xxxx.xxx.</p>\r\n<p>You can also check out the Campsite manual at this address: <a href=\"http://manuals.campware.org\">http://manuals.campware.org</a>.</p>\r\n<p>We hope you enjoy The Custodian. Feel free to change articles, headlines, anything you see here. To do that, log into the administration interface at http://&lt;your_website_address&gt;/admin.</p>',0,'online','online',1,0,'','2010-09-28 08:02:39');
/*!40000 ALTER TABLE `plugin_blog_entry` ENABLE KEYS */;
UNLOCK TABLES;

--
-- Dumping data for table `plugin_blog_entry_topic`
--

LOCK TABLES `plugin_blog_entry_topic` WRITE;
/*!40000 ALTER TABLE `plugin_blog_entry_topic` DISABLE KEYS */;
/*!40000 ALTER TABLE `plugin_blog_entry_topic` ENABLE KEYS */;
UNLOCK TABLES;

--
-- Dumping data for table `plugin_blog_topic`
--

LOCK TABLES `plugin_blog_topic` WRITE;
/*!40000 ALTER TABLE `plugin_blog_topic` DISABLE KEYS */;
INSERT INTO `plugin_blog_topic` (`fk_blog_id`, `fk_topic_id`) VALUES (1,79),(1,80),(1,81),(1,82),(1,83),(3,17),(3,60),(4,13);
/*!40000 ALTER TABLE `plugin_blog_topic` ENABLE KEYS */;
UNLOCK TABLES;

--
-- Dumping data for table `plugin_debate`
--

LOCK TABLES `plugin_debate` WRITE;
/*!40000 ALTER TABLE `plugin_debate` DISABLE KEYS */;
INSERT INTO `plugin_debate` (`debate_nr`, `fk_language_id`, `parent_debate_nr`, `is_extended`, `title`, `question`, `date_begin`, `date_end`, `time_unit`, `nr_of_answers`, `allow_not_logged_in`, `results_time_unit`, `votes_per_user`, `nr_of_votes`, `nr_of_votes_overall`, `percentage_of_votes_overall`, `last_modified`, `reset_token`) VALUES (1,1,0,0,'favourite sport','What is your everyday sport of choice?','2012-02-24 12:00:00','2013-03-01 11:59:00','00:00:00',6,1,'daily',8,0,0,0,'2012-02-21 10:33:32','d1911b23bbc84af91412995cab077f60117c424e');
/*!40000 ALTER TABLE `plugin_debate` ENABLE KEYS */;
UNLOCK TABLES;

--
-- Dumping data for table `plugin_debate_answer`
--

LOCK TABLES `plugin_debate_answer` WRITE;
/*!40000 ALTER TABLE `plugin_debate_answer` DISABLE KEYS */;
INSERT INTO `plugin_debate_answer` (`fk_debate_nr`, `fk_language_id`, `nr_answer`, `answer`, `nr_of_votes`, `percentage`, `percentage_overall`, `value`, `average_value`, `on_hitlist`, `last_modified`) VALUES (1,1,1,'running',0,0,0,0,0,0,'2012-02-21 10:33:32'),(1,1,2,'skiing',0,0,0,0,0,0,'2012-02-21 10:33:32'),(1,1,3,'swimming',0,0,0,0,0,0,'2012-02-21 10:33:32'),(1,1,4,'biking',0,0,0,0,0,0,'2012-02-21 10:33:32'),(1,1,5,'basketball',0,0,0,0,0,0,'2012-02-21 10:33:32'),(1,1,6,'something else',0,0,0,0,0,0,'2012-02-21 10:33:32');
/*!40000 ALTER TABLE `plugin_debate_answer` ENABLE KEYS */;
UNLOCK TABLES;

--
-- Dumping data for table `plugin_debate_article`
--

LOCK TABLES `plugin_debate_article` WRITE;
/*!40000 ALTER TABLE `plugin_debate_article` DISABLE KEYS */;
/*!40000 ALTER TABLE `plugin_debate_article` ENABLE KEYS */;
UNLOCK TABLES;

--
-- Dumping data for table `plugin_debate_issue`
--

LOCK TABLES `plugin_debate_issue` WRITE;
/*!40000 ALTER TABLE `plugin_debate_issue` DISABLE KEYS */;
/*!40000 ALTER TABLE `plugin_debate_issue` ENABLE KEYS */;
UNLOCK TABLES;

--
-- Dumping data for table `plugin_debate_publication`
--

LOCK TABLES `plugin_debate_publication` WRITE;
/*!40000 ALTER TABLE `plugin_debate_publication` DISABLE KEYS */;
/*!40000 ALTER TABLE `plugin_debate_publication` ENABLE KEYS */;
UNLOCK TABLES;

--
-- Dumping data for table `plugin_debate_section`
--

LOCK TABLES `plugin_debate_section` WRITE;
/*!40000 ALTER TABLE `plugin_debate_section` DISABLE KEYS */;
/*!40000 ALTER TABLE `plugin_debate_section` ENABLE KEYS */;
UNLOCK TABLES;

--
-- Dumping data for table `plugin_debate_vote`
--

LOCK TABLES `plugin_debate_vote` WRITE;
/*!40000 ALTER TABLE `plugin_debate_vote` DISABLE KEYS */;
/*!40000 ALTER TABLE `plugin_debate_vote` ENABLE KEYS */;
UNLOCK TABLES;

--
-- Dumping data for table `plugin_debateanswer_attachment`
--

LOCK TABLES `plugin_debateanswer_attachment` WRITE;
/*!40000 ALTER TABLE `plugin_debateanswer_attachment` DISABLE KEYS */;
/*!40000 ALTER TABLE `plugin_debateanswer_attachment` ENABLE KEYS */;
UNLOCK TABLES;

--
-- Dumping data for table `plugin_poll`
--

LOCK TABLES `plugin_poll` WRITE;
/*!40000 ALTER TABLE `plugin_poll` DISABLE KEYS */;
INSERT INTO `plugin_poll` (`poll_nr`, `fk_language_id`, `parent_poll_nr`, `is_extended`, `title`, `question`, `date_begin`, `date_end`, `nr_of_answers`, `votes_per_user`, `nr_of_votes`, `nr_of_votes_overall`, `percentage_of_votes_overall`, `last_modified`, `reset_token`) VALUES (1,1,0,0,'Favourite sport','What is your everyday sport of choice?','2011-01-01','2013-12-31',6,20,49,49,100,'2011-01-03 09:47:33','');
/*!40000 ALTER TABLE `plugin_poll` ENABLE KEYS */;
UNLOCK TABLES;

--
-- Dumping data for table `plugin_poll_answer`
--

LOCK TABLES `plugin_poll_answer` WRITE;
/*!40000 ALTER TABLE `plugin_poll_answer` DISABLE KEYS */;
INSERT INTO `plugin_poll_answer` (`fk_poll_nr`, `fk_language_id`, `nr_answer`, `answer`, `nr_of_votes`, `percentage`, `percentage_overall`, `value`, `average_value`, `on_hitlist`, `last_modified`) VALUES (1,1,6,'something else',7,14.2857,14.2857,7,1,0,'2011-01-03 09:47:33'),(1,1,5,'basketball',5,10.2041,10.2041,5,1,0,'2011-01-03 09:47:33'),(1,1,4,'biking',17,34.6939,34.6939,17,1,0,'2011-01-03 09:47:33'),(1,1,3,'swimming',5,10.2041,10.2041,5,1,0,'2011-01-03 09:47:33'),(1,1,2,'skiing',8,16.3265,16.3265,8,1,0,'2011-01-03 09:47:33'),(1,1,1,'running',7,14.2857,14.2857,7,1,0,'2011-01-03 09:47:33');
/*!40000 ALTER TABLE `plugin_poll_answer` ENABLE KEYS */;
UNLOCK TABLES;

--
-- Dumping data for table `plugin_poll_article`
--

LOCK TABLES `plugin_poll_article` WRITE;
/*!40000 ALTER TABLE `plugin_poll_article` DISABLE KEYS */;
/*!40000 ALTER TABLE `plugin_poll_article` ENABLE KEYS */;
UNLOCK TABLES;

--
-- Dumping data for table `plugin_poll_issue`
--

LOCK TABLES `plugin_poll_issue` WRITE;
/*!40000 ALTER TABLE `plugin_poll_issue` DISABLE KEYS */;
/*!40000 ALTER TABLE `plugin_poll_issue` ENABLE KEYS */;
UNLOCK TABLES;

--
-- Dumping data for table `plugin_poll_publication`
--

LOCK TABLES `plugin_poll_publication` WRITE;
/*!40000 ALTER TABLE `plugin_poll_publication` DISABLE KEYS */;
/*!40000 ALTER TABLE `plugin_poll_publication` ENABLE KEYS */;
UNLOCK TABLES;

--
-- Dumping data for table `plugin_poll_section`
--

LOCK TABLES `plugin_poll_section` WRITE;
/*!40000 ALTER TABLE `plugin_poll_section` DISABLE KEYS */;
/*!40000 ALTER TABLE `plugin_poll_section` ENABLE KEYS */;
UNLOCK TABLES;

--
-- Dumping data for table `plugin_pollanswer_attachment`
--

LOCK TABLES `plugin_pollanswer_attachment` WRITE;
/*!40000 ALTER TABLE `plugin_pollanswer_attachment` DISABLE KEYS */;
/*!40000 ALTER TABLE `plugin_pollanswer_attachment` ENABLE KEYS */;
UNLOCK TABLES;

--
-- Dumping data for table `plugin_soundcloud`
--

LOCK TABLES `plugin_soundcloud` WRITE;
/*!40000 ALTER TABLE `plugin_soundcloud` DISABLE KEYS */;
/*!40000 ALTER TABLE `plugin_soundcloud` ENABLE KEYS */;
UNLOCK TABLES;

--
-- Dumping data for table `rendition`
--

LOCK TABLES `rendition` WRITE;
/*!40000 ALTER TABLE `rendition` DISABLE KEYS */;
INSERT INTO `rendition` (`name`, `width`, `height`, `specs`) VALUES ('topfront', 500, 333, 'crop'), ('thumb', 150, 100, 'crop'), ('sectionthumb', 250, 167, 'crop'), ('articlebig', 600, 400, 'crop'), ('square', 150, 150, 'crop');
/*!40000 ALTER TABLE `rendition` ENABLE KEYS */;
UNLOCK TABLES;

--
-- Dumping data for table `resource`
--

LOCK TABLES `resource` WRITE;
/*!40000 ALTER TABLE `resource` DISABLE KEYS */;
INSERT INTO `resource` (`id`, `name`, `path`) VALUES (1,'buildPage','publication_2/theme_1/'),(2,'buildPage','publication_2/theme_1/front.tpl'),(3,'buildPage','publication_2/theme_1/section.tpl'),(4,'buildPage','publication_2/theme_1/article.tpl'),(5,'buildPage','publication_2/theme_1/404.tpl'),(6,'buildPage','publication_2/theme_1/archive.tpl'),(7,'buildPage','publication_2/theme_1/search.tpl'),(8,'buildPage','publication_2/theme_1/register.tpl'),(9,'buildPage','publication_2/theme_1/issue.tpl'),(10,'buildPage','publication_2/theme_1/subscription.tpl'),(11,'buildPage','publication_2/theme_1/user-chgpass.tpl'),(12,'buildPage','publication_2/theme_1/author.tpl'),(13,'buildPage','publication_2/theme_1/rss.tpl'),(14,'buildPage','publication_2/theme_1/user_index.tpl'),(15,'buildPage','unassigned/set_zen/'),(16,'buildPage','unassigned/set_journalist/');
/*!40000 ALTER TABLE `resource` ENABLE KEYS */;
UNLOCK TABLES;

--
-- Dumping data for table `user_attribute`
--

LOCK TABLES `user_attribute` WRITE;
/*!40000 ALTER TABLE `user_attribute` DISABLE KEYS */;
INSERT INTO `user_attribute` (`user_id`, `attribute`, `value`) VALUES (31,'comment_deleted','2'),(34,'bio','Lorem ipsum dolor sit amet, erat cetero an pri. Facer nostro cu per. An pro unum dicta eruditi, eum in vidit civibus electram, duo probatus consetetur in. Patrioque argumentum at eos, pri no enim fabellas. Nec nisl veri ut, stet lorem interesset eos ut, n'),(34,'birth_date','1978-02-12'),(34,'email_public','1'),(34,'facebook',''),(34,'first_name_public','1'),(34,'gender','male'),(34,'geolocation','Maribor'),(34,'google',''),(34,'last_name_public','1'),(34,'organisation','Reporters sans frontiers'),(34,'twitter','@amvespucci'),(34,'website','http://sourcefabric.org'),(35,'bio','Timeam omittantur vis ea. Nec ferri dicam id. Id suas maiestatis vim. Homero scripserit disputando duo an, eleifend complectitur ad eum, cu pro maiestatis repudiandae. Cu causae urbanitas ius.'),(35,'birth_date','1963-07-31'),(35,'email_public','0'),(35,'facebook',''),(35,'first_name_public','1'),(35,'gender','male'),(35,'geolocation','Prague'),(35,'google',''),(35,'last_name_public','1'),(35,'organisation','Canonical Inc.'),(35,'twitter',''),(35,'website','http://sourcefabric.org'),(36,'bio','Expetendis disputationi has an. Quodsi facilisis assentior at vis. Mel quot voluptatibus et, no sed timeam expetenda, ius diam ubique placerat ne. Rebum vulputate te qui, quo cu autem ridens splendide. Eum augue novum dolore ut.\r\n\r\nLabores partiendo nam a'),(36,'birth_date','1984-04-23'),(36,'email_public','1'),(36,'facebook',''),(36,'first_name_public','1'),(36,'gender','female'),(36,'geolocation',''),(36,'google',''),(36,'last_name_public','1'),(36,'organisation','Orga Nization'),(36,'twitter',''),(36,'website','http://sourcefabric.org'),(37,'bio','Et pro evertitur similique. Dicat sensibus an cum, vero detracto splendide cum ad. Essent similique moderatius eu ius. Ei sed iuvaret inciderint scribentur, in quo nonumy impedit. Vide quas mnesarchum est ad, ne sed dicam concludaturque.'),(37,'birth_date','1980-01-22'),(37,'email_public','1'),(37,'facebook',''),(37,'first_name_public','1'),(37,'gender','male'),(37,'geolocation','New York'),(37,'google',''),(37,'last_name_public','1'),(37,'organisation','Sourcefabric o.p.s.'),(37,'twitter','jamesq'),(37,'website','http://sourcefabric.org'),(38,'bio','Dicat sensibus an cum, vero detracto splendide cum ad. Essent similique moderatius eu ius. Ei sed iuvaret inciderint scribentur, in quo nonumy impedit. Vide quas mnesarchum est ad, ne sed dicam concludaturque. Nonumy incorrupte mei ex. Vide elit an quo.'),(38,'birth_date','1971-010-08'),(38,'email_public','0'),(38,'facebook',''),(38,'first_name_public','1'),(38,'gender','female'),(38,'geolocation','Bajina Bashta'),(38,'google',''),(38,'last_name_public','1'),(38,'organisation','CNN'),(38,'twitter','@ssarah'),(38,'website','http://sourcefabric.org'),(39,'bio','Lorem ipsum is a pseudo-Latin text used in web design, typography, layout, and printing in place of English to emphasise design elements over content. It\'s also called placeholder (or filler) text. It\'s a convenient tool for mock-ups. It helps to outline '),(39,'birth_date','1968-03-12'),(39,'email_public','0'),(39,'facebook',''),(39,'first_name_public','1'),(39,'gender','female'),(39,'geolocation','Seattle'),(39,'google',''),(39,'last_name_public','1'),(39,'organisation','Orga Nization'),(39,'twitter','@janestockwriter'),(39,'website','http://sourcefabric.org'),(42,'bio','Captain John Smith (c. January 1580  21 June 1631) Admiral of New England was an English soldier, explorer, and author. He was knighted for his services to Sigismund Bathory, Prince of Transylvania and friend Mzes Szkely.'),(42,'birth_date','January 1580'),(42,'email_public','1'),(42,'facebook',''),(42,'first_name_public','1'),(42,'gender','male'),(42,'geolocation','England'),(42,'google',''),(42,'last_name_public','1'),(42,'organisation','Navy'),(42,'twitter',''),(42,'website','http://sourcefabric.org'),(47,'comment_deleted','2');
/*!40000 ALTER TABLE `user_attribute` ENABLE KEYS */;
UNLOCK TABLES;

--
-- Dumping data for table `user_points_index`
--

LOCK TABLES `user_points_index` WRITE;
/*!40000 ALTER TABLE `user_points_index` DISABLE KEYS */;
/*!40000 ALTER TABLE `user_points_index` ENABLE KEYS */;
UNLOCK TABLES;

--
-- Dumping data for table `user_subscription`
--

LOCK TABLES `user_subscription` WRITE;
/*!40000 ALTER TABLE `user_subscription` DISABLE KEYS */;
/*!40000 ALTER TABLE `user_subscription` ENABLE KEYS */;
UNLOCK TABLES;

--
-- Dumping data for table `user_topic`
--

LOCK TABLES `user_topic` WRITE;
/*!40000 ALTER TABLE `user_topic` DISABLE KEYS */;
/*!40000 ALTER TABLE `user_topic` ENABLE KEYS */;
UNLOCK TABLES;

--
-- Dumping data for table `user_token`
--

LOCK TABLES `user_token` WRITE;
/*!40000 ALTER TABLE `user_token` DISABLE KEYS */;
INSERT INTO `user_token` (`user_id`, `action`, `token`, `created`) VALUES (40,'email.confirm','UVtTkwtRER3Ha7rZ2mFzqLzBK98JkQ6PlhjimTah','2012-03-01 10:05:30'),(43,'email.confirm','PBj75h81Yhz5TvQBleumb3hduQhyNZwpz5ucky5Z','2012-03-05 18:58:38'),(44,'password.restore','M7ce3RiMX2HSQNfIpwUUEonusIqeE94RA9dRtHmb','2012-03-13 11:14:41');
/*!40000 ALTER TABLE `user_token` ENABLE KEYS */;
UNLOCK TABLES;
/*!40103 SET TIME_ZONE=@OLD_TIME_ZONE */;

/*!40101 SET SQL_MODE=@OLD_SQL_MODE */;
/*!40014 SET FOREIGN_KEY_CHECKS=@OLD_FOREIGN_KEY_CHECKS */;
/*!40014 SET UNIQUE_CHECKS=@OLD_UNIQUE_CHECKS */;
/*!40101 SET CHARACTER_SET_CLIENT=@OLD_CHARACTER_SET_CLIENT */;
/*!40101 SET CHARACTER_SET_RESULTS=@OLD_CHARACTER_SET_RESULTS */;
/*!40101 SET COLLATION_CONNECTION=@OLD_COLLATION_CONNECTION */;
/*!40111 SET SQL_NOTES=@OLD_SQL_NOTES */;

-- Dump completed on 2012-03-15 11:02:44
